Місце,Вікова група,Номер,Імʼя,Клуб,Результат
1,Категорія Sport 100 км / Жінки 1 вікова група,56,Опенько Дар'я,VeloGO Kyiv Cycling Team,02:29:03
2,Категорія Sport 100 км / Жінки 1 вікова група,9,Бадяк Сільвана,VeloGo Kyiv Cycling Team,02:34:34
3,Категорія Sport 100 км / Жінки 1 вікова група,83,Наконечна Альона,,02:37:44
1,Категорія Sport 100 км / Жінки 2 вікова група,75,Стрижак Кристина,,02:31:21
1,Категорія Sport 100 км / Жінки 3 вікова група,1,Bondarenko Viktoriia,Arcadia,02:16:22
2,Категорія Sport 100 км / Жінки 3 вікова група,156,Ярошенко Альона,VeloGo Kyiv Cycling Team,02:26:33
3,Категорія Sport 100 км / Жінки 3 вікова група,158,Шабашова Катерина,Nutrixxion,02:42:24
1,Категорія Sport 100 км / Жінки 4 вікова група,150,Ковалевська Наталія,,02:31:22
1,Категорія Sport 100 км / Жінки 6 вікова група,29,Васильєва Ірина,,02:33:33
2,Категорія Sport 100 км / Жінки 6 вікова група,63,Нестерчук Тетяна,,03:41:52
3,Категорія Sport 100 км / Жінки 6 вікова група,62,Радушинська Наталія,,04:12:10
1,Категорія Sport 100 км / Чоловіки 1 вікова група,100,Заїченко Антон,,02:12:51
2,Категорія Sport 100 км / Чоловіки 1 вікова група,131,Корнієнко Руслан,,02:12:51
3,Категорія Sport 100 км / Чоловіки 1 вікова група,87,Мисник Олександр,BFCC,02:12:51
4,Категорія Sport 100 км / Чоловіки 1 вікова група,152,Hrudetskyi Yevhen,,02:12:52
5,Категорія Sport 100 км / Чоловіки 1 вікова група,95,Lenyshyn Nazar,Experience Cycling Team (EXP),02:12:52
6,Категорія Sport 100 км / Чоловіки 1 вікова група,53,Мусієнко Богдан,Sportunite,02:13:15
7,Категорія Sport 100 км / Чоловіки 1 вікова група,64,Мацепа Егор,Cadence 90 Cycling Club,02:13:24
8,Категорія Sport 100 км / Чоловіки 1 вікова група,98,Пантелієнко Данило,,02:14:53
9,Категорія Sport 100 км / Чоловіки 1 вікова група,13,Зубенко Микита,,02:16:05
10,Категорія Sport 100 км / Чоловіки 1 вікова група,65,Романов Михайло,Sigma Software - Unicorn,02:24:22
11,Категорія Sport 100 км / Чоловіки 1 вікова група,90,Бойчук Орест,,02:27:15
12,Категорія Sport 100 км / Чоловіки 1 вікова група,92,Розора Юрій,Experience Cycling Team (EXP),02:31:09
13,Категорія Sport 100 км / Чоловіки 1 вікова група,25,Йовченко Олексій,Goldenbike racing team,02:31:32
14,Категорія Sport 100 км / Чоловіки 1 вікова група,24,Мірошник Олексій,Happy TRI Friends,02:54:27
15,Категорія Sport 100 км / Чоловіки 1 вікова група,129,Манжос Владислав,,03:05:37
16,Категорія Sport 100 км / Чоловіки 1 вікова група,111,Мороз Микита,,03:14:19
1,Категорія Sport 100 км / Чоловіки 2 вікова група,104,Тодоров Анатолій,,02:12:51
2,Категорія Sport 100 км / Чоловіки 2 вікова група,11,Kovalenko Dmitry,Leader Citron Team,02:12:55
3,Категорія Sport 100 км / Чоловіки 2 вікова група,113,Чорноус Богдан,echelon,02:13:14
4,Категорія Sport 100 км / Чоловіки 2 вікова група,28,Братащук Андрій,,02:13:16
5,Категорія Sport 100 км / Чоловіки 2 вікова група,117,Зінченко Анатолій,KIT Triathlon Team,02:13:22
6,Категорія Sport 100 км / Чоловіки 2 вікова група,49,Воронець Сергій,,02:13:25
7,Категорія Sport 100 км / Чоловіки 2 вікова група,112,Іляш Святослав,echelon,02:13:25
8,Категорія Sport 100 км / Чоловіки 2 вікова група,139,Mytsak Oleksandr,Hoods and Drops,02:13:54
9,Категорія Sport 100 км / Чоловіки 2 вікова група,77,Морозов Олексій,,02:15:37
10,Категорія Sport 100 км / Чоловіки 2 вікова група,14,Пась Ростислав,KIT Triathlon Team,02:17:26
11,Категорія Sport 100 км / Чоловіки 2 вікова група,17,Хилько Михайло,,02:17:41
12,Категорія Sport 100 км / Чоловіки 2 вікова група,57,Ботнар Валеріан,Cadence 90 Cycling Club,02:21:24
13,Категорія Sport 100 км / Чоловіки 2 вікова група,55,Parashchenko Artem,Leader Citron Team,02:22:54
14,Категорія Sport 100 км / Чоловіки 2 вікова група,12,Сірко Олексій,KIT Triathlon Team,02:22:56
15,Категорія Sport 100 км / Чоловіки 2 вікова група,46,Гадзевич Павло,Polaris,02:24:23
16,Категорія Sport 100 км / Чоловіки 2 вікова група,132,Піцевич Кирило,,02:26:33
17,Категорія Sport 100 км / Чоловіки 2 вікова група,51,Кінзерський Віктор,,02:26:55
18,Категорія Sport 100 км / Чоловіки 2 вікова група,23,Еленгаупт Віталій,,02:29:01
19,Категорія Sport 100 км / Чоловіки 2 вікова група,42,Бабаєв Станіслав,,02:29:03
20,Категорія Sport 100 км / Чоловіки 2 вікова група,105,Ліневич Станіслав,Happy TRI Friends,02:30:49
21,Категорія Sport 100 км / Чоловіки 2 вікова група,123,Ждан Станіслав,KIT Triathlon Team,02:32:33
22,Категорія Sport 100 км / Чоловіки 2 вікова група,41,Васянович Павло,,02:41:55
23,Категорія Sport 100 км / Чоловіки 2 вікова група,60,Ганжа Дмитро,Scott,03:28:46
1,Категорія Sport 100 км / Чоловіки 3 вікова група,82,Гузов Віктор,,02:12:51
2,Категорія Sport 100 км / Чоловіки 3 вікова група,21,Полівода Олександр,KIT Triathlon Team,02:12:51
3,Категорія Sport 100 км / Чоловіки 3 вікова група,76,Бакуринський Борис,Eurocar GRAWE Ukraine,02:12:51
4,Категорія Sport 100 км / Чоловіки 3 вікова група,5,Тимощук Максим,,02:12:52
5,Категорія Sport 100 км / Чоловіки 3 вікова група,54,Катеринський Ярослав,,02:12:54
6,Категорія Sport 100 км / Чоловіки 3 вікова група,58,Лахтадир Дмитро,,02:13:22
7,Категорія Sport 100 км / Чоловіки 3 вікова група,116,Карапась Микола,,02:13:23
8,Категорія Sport 100 км / Чоловіки 3 вікова група,3,Руденко Аркадій,,02:13:24
9,Категорія Sport 100 км / Чоловіки 3 вікова група,1539,Зайчук Сергій,,02:13:24
10,Категорія Sport 100 км / Чоловіки 3 вікова група,125,Блохін Антон,KIT Triathlon Team,02:13:24
11,Категорія Sport 100 км / Чоловіки 3 вікова група,154,Кащенко Дмитро,,02:13:25
12,Категорія Sport 100 км / Чоловіки 3 вікова група,114,Костянтин Марченко,echelon,02:13:25
13,Категорія Sport 100 км / Чоловіки 3 вікова група,108,Dolzhykov Glib,Sigma Software - Unicorn,02:13:54
14,Категорія Sport 100 км / Чоловіки 3 вікова група,20,Лазебний Микола,Leader Citron Team,02:15:10
15,Категорія Sport 100 км / Чоловіки 3 вікова група,134,Резниченко Евгений,,02:16:12
16,Категорія Sport 100 км / Чоловіки 3 вікова група,50,Притченко Данило,,02:16:22
17,Категорія Sport 100 км / Чоловіки 3 вікова група,71,Tsyganok Ivan,echelon,02:16:22
18,Категорія Sport 100 км / Чоловіки 3 вікова група,38,Калина Міхаель,echelon,02:17:15
19,Категорія Sport 100 км / Чоловіки 3 вікова група,115,Клим Юрий,Klym Team,02:17:15
20,Категорія Sport 100 км / Чоловіки 3 вікова група,73,Єгіазарян Георгій,VeloGO Kyiv Cycling Team,02:18:03
21,Категорія Sport 100 км / Чоловіки 3 вікова група,8,Храпін Сергій,Leader Citron Team,02:22:54
22,Категорія Sport 100 км / Чоловіки 3 вікова група,33,Буйваленко Алексей,,02:23:02
23,Категорія Sport 100 км / Чоловіки 3 вікова група,155,Волинець Віталій,TGW,02:24:30
24,Категорія Sport 100 км / Чоловіки 3 вікова група,159,Панкевич Анатолій,echelon,02:28:59
25,Категорія Sport 100 км / Чоловіки 3 вікова група,121,Вознюк Олексій,,02:29:01
26,Категорія Sport 100 км / Чоловіки 3 вікова група,52,Рязанов Євгеній,Scott,02:31:22
27,Категорія Sport 100 км / Чоловіки 3 вікова група,106,Кононов Дмитро,,02:33:32
28,Категорія Sport 100 км / Чоловіки 3 вікова група,153,Могилей Денис,,02:39:10
29,Категорія Sport 100 км / Чоловіки 3 вікова група,27,Авринський Антон,,02:43:47
30,Категорія Sport 100 км / Чоловіки 3 вікова група,137,Сахно Ігор,,02:44:32
31,Категорія Sport 100 км / Чоловіки 3 вікова група,89,Ващенко Андрій,,02:46:09
32,Категорія Sport 100 км / Чоловіки 3 вікова група,66,Мельник Андрій,,02:46:30
33,Категорія Sport 100 км / Чоловіки 3 вікова група,40,Кулик Олександр,,03:01:20
34,Категорія Sport 100 км / Чоловіки 3 вікова група,136,Воробйов Михайло,,03:16:40
35,Категорія Sport 100 км / Чоловіки 3 вікова група,135,Жуков Максим,,03:30:57
1,Категорія Sport 100 км / Чоловіки 4 вікова група,101,Олексій Кочін Олексій Кочін,,02:12:51
2,Категорія Sport 100 км / Чоловіки 4 вікова група,96,Батюхов Денис,,02:12:52
3,Категорія Sport 100 км / Чоловіки 4 вікова група,94,Верман Сергій,,02:12:53
4,Категорія Sport 100 км / Чоловіки 4 вікова група,110,Рисенко Сергій,TRAUMEEL,02:13:25
5,Категорія Sport 100 км / Чоловіки 4 вікова група,78,Кирієнко Андрій,,02:13:55
6,Категорія Sport 100 км / Чоловіки 4 вікова група,4,Лєвцов Валерій,,02:13:56
7,Категорія Sport 100 км / Чоловіки 4 вікова група,43,Стефуранчин Олександр,,02:16:22
8,Категорія Sport 100 км / Чоловіки 4 вікова група,30,Вербіцький Сергій,,02:22:58
9,Категорія Sport 100 км / Чоловіки 4 вікова група,102,Костюк Микола,Chernihiv cycling club,02:23:20
10,Категорія Sport 100 км / Чоловіки 4 вікова група,34,Федоров Євгеній,,02:24:21
11,Категорія Sport 100 км / Чоловіки 4 вікова група,93,Драган Віталій,,02:24:24
12,Категорія Sport 100 км / Чоловіки 4 вікова група,37,Олександр Сітченко,,02:26:33
13,Категорія Sport 100 км / Чоловіки 4 вікова група,22,Бабенко Антон,,02:27:01
14,Категорія Sport 100 км / Чоловіки 4 вікова група,99,Сахненко Євген,Chameleon,02:28:42
15,Категорія Sport 100 км / Чоловіки 4 вікова група,138,Коваль Олександр,Polaris,02:29:01
16,Категорія Sport 100 км / Чоловіки 4 вікова група,44,Троценко Євген,,02:33:30
17,Категорія Sport 100 км / Чоловіки 4 вікова група,119,Чернишов Сергій,KIT Triathlon Team,02:34:25
18,Категорія Sport 100 км / Чоловіки 4 вікова група,18,Чернов Дмитро,,02:38:44
19,Категорія Sport 100 км / Чоловіки 4 вікова група,45,Кришталь Олександр,,02:42:20
20,Категорія Sport 100 км / Чоловіки 4 вікова група,127,Корчинський Павло,,03:17:45
21,Категорія Sport 100 км / Чоловіки 4 вікова група,128,Шматок Дмитро,,03:49:55
1,Категорія Sport 100 км / Чоловіки 5 вікова група,74,Дубинець Тарас,,02:12:55
2,Категорія Sport 100 км / Чоловіки 5 вікова група,81,Романець Лев,,02:13:27
3,Категорія Sport 100 км / Чоловіки 5 вікова група,6,Атаманів Руслан,,02:13:56
4,Категорія Sport 100 км / Чоловіки 5 вікова група,26,Ковальчук Віталій,Cadence 90 Cycling Club,02:22:53
5,Категорія Sport 100 км / Чоловіки 5 вікова група,151,Авдєєв Сергій,,02:26:36
6,Категорія Sport 100 км / Чоловіки 5 вікова група,85,Солоненко Сергій,,02:32:08
7,Категорія Sport 100 км / Чоловіки 5 вікова група,68,Тімур Бондарєв Тімур Бондарєв,,02:51:58
1,Категорія Sport 100 км / Чоловіки 6 вікова група,84,Яблонський Павло,,02:45:42
1,Категорія Sport 100 км / Чоловіки 7 вікова група,19,Філін Дмитро,,02:12:54
2,Категорія Sport 100 км / Чоловіки 7 вікова група,79,Іщенко Григорій,,02:13:22
3,Категорія Sport 100 км / Чоловіки 7 вікова група,59,Шурупов Святослав,BFCC,02:13:47
4,Категорія Sport 100 км / Чоловіки 7 вікова група,126,Тітенко Володимир,,02:16:24
1,Категорія Sport 100 км / Чоловіки 8 вікова група,130,НАУМЕНКО Олексій,,02:13:23
2,Категорія Sport 100 км / Чоловіки 8 вікова група,91,Романов Геннадій,Арсенал,02:25:56
3,Категорія Sport 100 км / Чоловіки 8 вікова група,86,Янчиков Юрій,,02:44:49
4,Категорія Sport 100 км / Чоловіки 8 вікова група,48,Лактіонов Олександр,,02:48:13
1,Категорія Sport 100 км / Чоловіки 9 вікова група,80,Нарижний Валерій,,02:26:32
2,Категорія Sport 100 км / Чоловіки 9 вікова група,36,Костянтин Павловський,,02:26:33
3,Категорія Sport 100 км / Чоловіки 9 вікова група,35,Шевельов Віктор,ARCADIA Cycling Club,02:39:22
4,Категорія Sport 100 км / Чоловіки 9 вікова група,97,Бондар Віктор,,02:48:21
1,Категорія Sport 100 км / Чоловіки 10 вікова група,1538,Титаренко Станіслав,VeloGO Kyiv Cycling Team,02:26:31
2,Категорія Sport 100 км / Чоловіки 10 вікова група,72,Кучевський Михайло,,05:38:30
DSQ,Категорія Sport 100 км / Чоловіки 10 вікова група,61,Троп Петро,,01:54:26
1,Шосейні та кросові велосипеди 100 км / Жінки 1 вікова група,1353,Пасєчко Ольга,,02:51:24
2,Шосейні та кросові велосипеди 100 км / Жінки 1 вікова група,1070,Остапюк Дарʼя,Team404,02:56:31
3,Шосейні та кросові велосипеди 100 км / Жінки 1 вікова група,1287,Basmat Lida,,02:59:16
4,Шосейні та кросові велосипеди 100 км / Жінки 1 вікова група,1456,Havlytska Olha,Kyiv Runners,02:59:45
5,Шосейні та кросові велосипеди 100 км / Жінки 1 вікова група,1168,Дивнич-Бартошик Оля,,02:59:46
6,Шосейні та кросові велосипеди 100 км / Жінки 1 вікова група,1360,Sharuk Hanna,,03:12:25
7,Шосейні та кросові велосипеди 100 км / Жінки 1 вікова група,1535,De Bruin Nephele,,03:14:12
8,Шосейні та кросові велосипеди 100 км / Жінки 1 вікова група,1313,Цукурова Юлія,Happy TRI Friends,03:15:50
9,Шосейні та кросові велосипеди 100 км / Жінки 1 вікова група,1501,Usenko Mila,,03:21:19
10,Шосейні та кросові велосипеди 100 км / Жінки 1 вікова група,1298,Стебелецька Олена,,03:37:47
11,Шосейні та кросові велосипеди 100 км / Жінки 1 вікова група,1187,Бистрицька Анастасія,,03:51:51
12,Шосейні та кросові велосипеди 100 км / Жінки 1 вікова група,1494,Pietushkova Anastasiia,Життя у русі,03:57:34
13,Шосейні та кросові велосипеди 100 км / Жінки 1 вікова група,1528,Буць Тетяна,Ревор,04:01:14
14,Шосейні та кросові велосипеди 100 км / Жінки 1 вікова група,1409,Федорова Юлія,,04:04:01
15,Шосейні та кросові велосипеди 100 км / Жінки 1 вікова група,1295,Цісаренко Софія,,04:07:39
16,Шосейні та кросові велосипеди 100 км / Жінки 1 вікова група,1561,Смолянко Валерия,,04:11:47
17,Шосейні та кросові велосипеди 100 км / Жінки 1 вікова група,1500,Koval Alina,,04:22:28
18,Шосейні та кросові велосипеди 100 км / Жінки 1 вікова група,1297,Андрусенко Діана,,04:35:01
19,Шосейні та кросові велосипеди 100 км / Жінки 1 вікова група,1325,Анастасія Недоливко,,05:03:01
20,Шосейні та кросові велосипеди 100 км / Жінки 1 вікова група,1525,Лиманська Тамара,,05:13:05
DSQ,Шосейні та кросові велосипеди 100 км / Жінки 1 вікова група,1091,Крилова Анна,,02:10:39
1,Шосейні та кросові велосипеди 100 км / Жінки 2 вікова група,1207,Лисько Єлизавета,,02:40:24
2,Шосейні та кросові велосипеди 100 км / Жінки 2 вікова група,1143,Шульга Наталя,,03:00:06
3,Шосейні та кросові велосипеди 100 км / Жінки 2 вікова група,1065,Malyuga Olesya,,03:29:04
4,Шосейні та кросові велосипеди 100 км / Жінки 2 вікова група,1112,Кравців Наталія,Velovuyki,03:31:20
5,Шосейні та кросові велосипеди 100 км / Жінки 2 вікова група,1496,Блищик Дар'я,,03:32:12
6,Шосейні та кросові велосипеди 100 км / Жінки 2 вікова група,1407,Бичкова Юлія,,03:34:57
7,Шосейні та кросові велосипеди 100 км / Жінки 2 вікова група,1191,Ткаченко Наталія,,03:36:58
8,Шосейні та кросові велосипеди 100 км / Жінки 2 вікова група,1153,Давиденко Катерина,Paint Hunters,03:57:04
9,Шосейні та кросові велосипеди 100 км / Жінки 2 вікова група,7830,Вдовиченко Валентина,Сервіс Маркет,04:26:26
DSQ,Шосейні та кросові велосипеди 100 км / Жінки 2 вікова група,1044,Лисаченко Анна,,02:29:48
1,Шосейні та кросові велосипеди 100 км / Жінки 3 вікова група,1285,Кизилова Марина,,02:40:31
2,Шосейні та кросові велосипеди 100 км / Жінки 3 вікова група,1275,Погрібна Юлія,,02:56:15
3,Шосейні та кросові велосипеди 100 км / Жінки 3 вікова група,1515,Афанасьєва Людмила,,03:01:42
4,Шосейні та кросові велосипеди 100 км / Жінки 3 вікова група,1005,Чернюк Леся,,03:16:46
5,Шосейні та кросові велосипеди 100 км / Жінки 3 вікова група,1352,Дожа Інна,,03:18:34
6,Шосейні та кросові велосипеди 100 км / Жінки 3 вікова група,1557,Теряхіна Наталія,,03:31:05
7,Шосейні та кросові велосипеди 100 км / Жінки 3 вікова група,1019,Dietkovska Kateryna,,03:45:58
1,Шосейні та кросові велосипеди 100 км / Жінки 4 вікова група,1465,Бриленко Олександра,Infopulse,03:13:23
1,Шосейні та кросові велосипеди 100 км / ,1526,Вандер Микита,,05:13:04
1,Шосейні та кросові велосипеди 100 км / Чоловіки 1 вікова група,1579,Чорний Андрій,,02:18:11
2,Шосейні та кросові велосипеди 100 км / Чоловіки 1 вікова група,39,Сова Владимир,Happy TRI Friends,02:24:48
3,Шосейні та кросові велосипеди 100 км / Чоловіки 1 вікова група,1053,Морозов Олексій,,02:24:49
4,Шосейні та кросові велосипеди 100 км / Чоловіки 1 вікова група,1139,Kyrychko Maksym,Smart Team,02:24:53
5,Шосейні та кросові велосипеди 100 км / Чоловіки 1 вікова група,1095,Терещенко Микола,,02:25:41
6,Шосейні та кросові велосипеди 100 км / Чоловіки 1 вікова група,1105,Бочаров Микола,Білоцерківський марафон,02:27:24
7,Шосейні та кросові велосипеди 100 км / Чоловіки 1 вікова група,1183,Грабовенко Сергій,,02:29:08
8,Шосейні та кросові велосипеди 100 км / Чоловіки 1 вікова група,1167,Цибульський Артур,,02:31:53
9,Шосейні та кросові велосипеди 100 км / Чоловіки 1 вікова група,1509,Ніколенко Олексій,Тритон,02:32:42
10,Шосейні та кросові велосипеди 100 км / Чоловіки 1 вікова група,1262,Паладійчук Віталій,Happy Tri Friends,02:33:16
11,Шосейні та кросові велосипеди 100 км / Чоловіки 1 вікова група,1094,Купрієнко Олександр,,02:36:28
12,Шосейні та кросові велосипеди 100 км / Чоловіки 1 вікова група,1107,Karpuk Oleksii,Team Knur,02:37:09
13,Шосейні та кросові велосипеди 100 км / Чоловіки 1 вікова група,1422,Бовкун Даня,,02:37:37
14,Шосейні та кросові велосипеди 100 км / Чоловіки 1 вікова група,1051,Валько Володимир,MRT | EVO,02:38:07
15,Шосейні та кросові велосипеди 100 км / Чоловіки 1 вікова група,1381,Кочерга Юрій,,02:38:14
16,Шосейні та кросові велосипеди 100 км / Чоловіки 1 вікова група,1384,Тригубов Роман,,02:39:08
17,Шосейні та кросові велосипеди 100 км / Чоловіки 1 вікова група,1049,Сотішвілі Олександр,,02:39:38
18,Шосейні та кросові велосипеди 100 км / Чоловіки 1 вікова група,1451,Зубач Костянтин,,02:40:10
19,Шосейні та кросові велосипеди 100 км / Чоловіки 1 вікова група,1437,Висоцький Олександр,,02:40:21
20,Шосейні та кросові велосипеди 100 км / Чоловіки 1 вікова група,1461,Бугар Юрій,,02:40:22
21,Шосейні та кросові велосипеди 100 км / Чоловіки 1 вікова група,1035,Андрюшин Тимур,,02:40:22
22,Шосейні та кросові велосипеди 100 км / Чоловіки 1 вікова група,1338,Гладченко Олег,SWCC,02:40:22
23,Шосейні та кросові велосипеди 100 км / Чоловіки 1 вікова група,1151,Бурхан Андрій,Smart Team,02:40:23
24,Шосейні та кросові велосипеди 100 км / Чоловіки 1 вікова група,1208,Сергієнко Дмитро,,02:40:28
25,Шосейні та кросові велосипеди 100 км / Чоловіки 1 вікова група,1555,Каліщук Володимир,,02:41:27
26,Шосейні та кросові велосипеди 100 км / Чоловіки 1 вікова група,1373,Полонський Ігор,,02:42:06
27,Шосейні та кросові велосипеди 100 км / Чоловіки 1 вікова група,1480,Стрілець Олександр,VECTOR Cycling Club,02:42:32
28,Шосейні та кросові велосипеди 100 км / Чоловіки 1 вікова група,1286,Олійник Сергій,Cycling Time,02:43:30
29,Шосейні та кросові велосипеди 100 км / Чоловіки 1 вікова група,1534,Дерман Ярослав,,02:43:41
30,Шосейні та кросові велосипеди 100 км / Чоловіки 1 вікова група,1300,Диюк Антон,Shava Riders,02:44:35
31,Шосейні та кросові велосипеди 100 км / Чоловіки 1 вікова група,1330,Zaiets Yaroslav,,02:44:48
32,Шосейні та кросові велосипеди 100 км / Чоловіки 1 вікова група,1572,Дудінський Андрій,TEAM EXIM,02:45:29
33,Шосейні та кросові велосипеди 100 км / Чоловіки 1 вікова група,1502,Владислав Харенко,Victory Team,02:45:39
34,Шосейні та кросові велосипеди 100 км / Чоловіки 1 вікова група,1345,Самокиш Ілля,,02:45:45
35,Шосейні та кросові велосипеди 100 км / Чоловіки 1 вікова група,1057,Мазуренко Ігор,,02:46:15
36,Шосейні та кросові велосипеди 100 км / Чоловіки 1 вікова група,1213,Кармазін Валерій,,02:46:42
37,Шосейні та кросові велосипеди 100 км / Чоловіки 1 вікова група,1571,Дячук Дмитро,,02:46:48
38,Шосейні та кросові велосипеди 100 км / Чоловіки 1 вікова група,1039,Козирін Павло,EVO,02:46:49
39,Шосейні та кросові велосипеди 100 км / Чоловіки 1 вікова група,1033,Редько Олександр,,02:46:54
40,Шосейні та кросові велосипеди 100 км / Чоловіки 1 вікова група,1221,Клименко Максим,,02:47:26
41,Шосейні та кросові велосипеди 100 км / Чоловіки 1 вікова група,1312,Vrublevskyi Oleksandr,,02:47:47
42,Шосейні та кросові велосипеди 100 км / Чоловіки 1 вікова група,1356,Черниш Олександр,,02:48:27
43,Шосейні та кросові велосипеди 100 км / Чоловіки 1 вікова група,1028,Турпак Олексій,,02:49:10
44,Шосейні та кросові велосипеди 100 км / Чоловіки 1 вікова група,1241,Довгаль Дмитро,,02:49:11
45,Шосейні та кросові велосипеди 100 км / Чоловіки 1 вікова група,1518,Ларіонов Євген,-,02:49:14
46,Шосейні та кросові велосипеди 100 км / Чоловіки 1 вікова група,1408,Бончук Олег,Жертви Мотивації,02:49:47
47,Шосейні та кросові велосипеди 100 км / Чоловіки 1 вікова група,1032,Кудряшов Денис,,02:50:36
48,Шосейні та кросові велосипеди 100 км / Чоловіки 1 вікова група,1050,Поливанов Михайло,,02:50:37
49,Шосейні та кросові велосипеди 100 км / Чоловіки 1 вікова група,1423,Мялковський Олексій,Eurobike,02:50:44
50,Шосейні та кросові велосипеди 100 км / Чоловіки 1 вікова група,1284,Нікіфоров Артем,,02:51:52
51,Шосейні та кросові велосипеди 100 км / Чоловіки 1 вікова група,1082,Тишкевич Павло,,02:52:07
52,Шосейні та кросові велосипеди 100 км / Чоловіки 1 вікова група,1184,Леник Дмитро,,02:52:10
53,Шосейні та кросові велосипеди 100 км / Чоловіки 1 вікова група,1059,Самігуллін Руслан,,02:52:13
54,Шосейні та кросові велосипеди 100 км / Чоловіки 1 вікова група,1310,Литвин Сергій,,02:52:37
55,Шосейні та кросові велосипеди 100 км / Чоловіки 1 вікова група,1583,Бабій Станіслав,,02:53:14
56,Шосейні та кросові велосипеди 100 км / Чоловіки 1 вікова група,1311,Гіда Костянтин,,02:53:38
57,Шосейні та кросові велосипеди 100 км / Чоловіки 1 вікова група,1430,Потапенко Кирил,VELO-STRANA,02:53:48
58,Шосейні та кросові велосипеди 100 км / Чоловіки 1 вікова група,1257,Навроцький Василь,,02:53:59
59,Шосейні та кросові велосипеди 100 км / Чоловіки 1 вікова група,1175,Кукса Вячеслав,,02:54:07
60,Шосейні та кросові велосипеди 100 км / Чоловіки 1 вікова група,1488,Борисович Олексій,,02:54:13
61,Шосейні та кросові велосипеди 100 км / Чоловіки 1 вікова група,1115,Гашко Дмитро,,02:55:05
62,Шосейні та кросові велосипеди 100 км / Чоловіки 1 вікова група,1080,Добровольський Сергій,,02:55:39
63,Шосейні та кросові велосипеди 100 км / Чоловіки 1 вікова група,1144,Чедрик Андрій,,02:56:30
64,Шосейні та кросові велосипеди 100 км / Чоловіки 1 вікова група,1253,Грищук Ярослав,,02:57:04
65,Шосейні та кросові велосипеди 100 км / Чоловіки 1 вікова група,1309,Павленко Олександр,,02:57:30
66,Шосейні та кросові велосипеди 100 км / Чоловіки 1 вікова група,1226,Кульбашний Антон,,02:57:50
67,Шосейні та кросові велосипеди 100 км / Чоловіки 1 вікова група,1002,Лінник Владислав,,02:58:25
68,Шосейні та кросові велосипеди 100 км / Чоловіки 1 вікова група,1550,Kashyn Serhii,,02:58:31
69,Шосейні та кросові велосипеди 100 км / Чоловіки 1 вікова група,1097,Гирявець Віталій,,02:58:44
70,Шосейні та кросові велосипеди 100 км / Чоловіки 1 вікова група,1574,Гринчишин Андрій,,02:58:54
71,Шосейні та кросові велосипеди 100 км / Чоловіки 1 вікова група,1457,Zagrebelnyi Oleksandr,KyivRunners,02:59:44
72,Шосейні та кросові велосипеди 100 км / Чоловіки 1 вікова група,1192,Сущенко Володимир,,03:00:05
73,Шосейні та кросові велосипеди 100 км / Чоловіки 1 вікова група,1400,Горілий Артем,,03:00:26
74,Шосейні та кросові велосипеди 100 км / Чоловіки 1 вікова група,1367,Малій Микита,Педальна Пара,03:00:48
75,Шосейні та кросові велосипеди 100 км / Чоловіки 1 вікова група,1402,Лопакнішев Андрій,,03:00:52
76,Шосейні та кросові велосипеди 100 км / Чоловіки 1 вікова група,1342,Павлюк Костянтин,,03:01:20
77,Шосейні та кросові велосипеди 100 км / Чоловіки 1 вікова група,1322,Манжелій Антон,,03:01:47
78,Шосейні та кросові велосипеди 100 км / Чоловіки 1 вікова група,1190,Міхно Ілля,,03:01:48
79,Шосейні та кросові велосипеди 100 км / Чоловіки 1 вікова група,1197,Дєтков Григорій,,03:02:19
80,Шосейні та кросові велосипеди 100 км / Чоловіки 1 вікова група,1438,Прокопенко Олександр,,03:03:38
81,Шосейні та кросові велосипеди 100 км / Чоловіки 1 вікова група,7853,Ференс Андрій,,03:03:43
82,Шосейні та кросові велосипеди 100 км / Чоловіки 1 вікова група,1185,Ткаченко Назар,,03:03:46
83,Шосейні та кросові велосипеди 100 км / Чоловіки 1 вікова група,1558,Сітнянський Максим,,03:04:35
84,Шосейні та кросові велосипеди 100 км / Чоловіки 1 вікова група,1531,Цинайко Василь,Ревор,03:04:46
85,Шосейні та кросові велосипеди 100 км / Чоловіки 1 вікова група,1234,Кубрак Іван,,03:05:40
86,Шосейні та кросові велосипеди 100 км / Чоловіки 1 вікова група,1200,Когут Іван,,03:06:18
87,Шосейні та кросові велосипеди 100 км / Чоловіки 1 вікова група,1137,Попович Євген,TRAUMEEL,03:06:59
88,Шосейні та кросові велосипеди 100 км / Чоловіки 1 вікова група,1045,Данилін Володимир,,03:07:22
89,Шосейні та кросові велосипеди 100 км / Чоловіки 1 вікова група,1540,Дмитро Хорошун,,03:07:23
90,Шосейні та кросові велосипеди 100 км / Чоловіки 1 вікова група,1375,Дурбак Андрій,,03:07:24
91,Шосейні та кросові велосипеди 100 км / Чоловіки 1 вікова група,1182,Назарок Максим,,03:07:27
92,Шосейні та кросові велосипеди 100 км / Чоловіки 1 вікова група,1165,Степаненко Олексій,Smart Team,03:08:24
93,Шосейні та кросові велосипеди 100 км / Чоловіки 1 вікова група,1173,Гайдай Андрій,Smart Team,03:08:52
94,Шосейні та кросові велосипеди 100 км / Чоловіки 1 вікова група,1055,Санжара Дмитро,Bike Market Kyiv,03:09:26
95,Шосейні та кросові велосипеди 100 км / Чоловіки 1 вікова група,1161,Мурашко Дмитро,Team Knur,03:10:16
96,Шосейні та кросові велосипеди 100 км / Чоловіки 1 вікова група,1242,Чередніченко Владислав,,03:10:37
97,Шосейні та кросові велосипеди 100 км / Чоловіки 1 вікова група,1429,Полівчук Іван,,03:10:40
98,Шосейні та кросові велосипеди 100 км / Чоловіки 1 вікова група,1449,Білецький Микола,,03:11:23
99,Шосейні та кросові велосипеди 100 км / Чоловіки 1 вікова група,1428,Толочик Арсен,Racist,03:11:30
100,Шосейні та кросові велосипеди 100 км / Чоловіки 1 вікова група,1034,Роговий Сергій,,03:11:31
101,Шосейні та кросові велосипеди 100 км / Чоловіки 1 вікова група,1377,Максимов Богдан,,03:11:41
102,Шосейні та кросові велосипеди 100 км / Чоловіки 1 вікова група,1195,Дзюбенко Євген,,03:12:05
103,Шосейні та кросові велосипеди 100 км / Чоловіки 1 вікова група,1366,Моісеєнко Юрій,Педальна Пара,03:12:25
104,Шосейні та кросові велосипеди 100 км / Чоловіки 1 вікова група,1307,Фєтісов В'ячеслав,Ревор,03:12:42
105,Шосейні та кросові велосипеди 100 км / Чоловіки 1 вікова група,1433,Гребенюк Олександр,,03:12:45
106,Шосейні та кросові велосипеди 100 км / Чоловіки 1 вікова група,1317,Краснощоков Іван,,03:13:37
107,Шосейні та кросові велосипеди 100 км / Чоловіки 1 вікова група,1007,Гусєв Артем,,03:13:53
108,Шосейні та кросові велосипеди 100 км / Чоловіки 1 вікова група,1491,Капітульський Сергій,Decathlon Team,03:14:24
109,Шосейні та кросові велосипеди 100 км / Чоловіки 1 вікова група,1462,Кремньов Андрій,,03:14:27
110,Шосейні та кросові велосипеди 100 км / Чоловіки 1 вікова група,1458,Махун Дмитро,,03:14:28
111,Шосейні та кросові велосипеди 100 км / Чоловіки 1 вікова група,1492,Щербак Євгеній,,03:14:56
112,Шосейні та кросові велосипеди 100 км / Чоловіки 1 вікова група,1106,Хілько Павло,Bike Market Kyiv,03:14:57
113,Шосейні та кросові велосипеди 100 км / Чоловіки 1 вікова група,1258,Мойса Даніїл,,03:15:14
114,Шосейні та кросові велосипеди 100 км / Чоловіки 1 вікова група,1011,Головко Сергій,Happy TRI Friends,03:15:48
115,Шосейні та кросові велосипеди 100 км / Чоловіки 1 вікова група,1432,Гончаров Олександр,,03:16:12
116,Шосейні та кросові велосипеди 100 км / Чоловіки 1 вікова група,1387,Сохар Олег,racist,03:16:16
117,Шосейні та кросові велосипеди 100 км / Чоловіки 1 вікова група,1411,Гришко Олексій,Сніжинка,03:17:56
118,Шосейні та кросові велосипеди 100 км / Чоловіки 1 вікова група,1378,Луценко Павло,,03:18:00
119,Шосейні та кросові велосипеди 100 км / Чоловіки 1 вікова група,1186,Сокаль Роман,Marlin Sport Club,03:18:29
120,Шосейні та кросові велосипеди 100 км / Чоловіки 1 вікова група,1156,Ходов Андрій,,03:18:39
121,Шосейні та кросові велосипеди 100 км / Чоловіки 1 вікова група,1391,Карпишин Михайло,,03:19:17
122,Шосейні та кросові велосипеди 100 км / Чоловіки 1 вікова група,1181,М‘який Євгеній,,03:19:24
123,Шосейні та кросові велосипеди 100 км / Чоловіки 1 вікова група,1271,Навка Олександр,,03:19:55
124,Шосейні та кросові велосипеди 100 км / Чоловіки 1 вікова група,1379,Карасьов Олексій,,03:19:56
125,Шосейні та кросові велосипеди 100 км / Чоловіки 1 вікова група,1100,Tarasevych Taras,,03:20:14
126,Шосейні та кросові велосипеди 100 км / Чоловіки 1 вікова група,1306,Плахотнюк Владислав,,03:20:29
127,Шосейні та кросові велосипеди 100 км / Чоловіки 1 вікова група,1578,Чередниченко Антон,,03:20:35
128,Шосейні та кросові велосипеди 100 км / Чоловіки 1 вікова група,1403,Метілап Сергій,,03:20:44
129,Шосейні та кросові велосипеди 100 км / Чоловіки 1 вікова група,1337,Драга Олексій,,03:21:13
130,Шосейні та кросові велосипеди 100 км / Чоловіки 1 вікова група,1103,Усатов Богдан,Bike Market Kyiv,03:22:11
131,Шосейні та кросові велосипеди 100 км / Чоловіки 1 вікова група,1209,Сахно Микола,,03:22:13
132,Шосейні та кросові велосипеди 100 км / Чоловіки 1 вікова група,1193,Паращук Станіслав,,03:24:16
133,Шосейні та кросові велосипеди 100 км / Чоловіки 1 вікова група,1267,Бурянов Денис,,03:24:20
134,Шосейні та кросові велосипеди 100 км / Чоловіки 1 вікова група,1390,Віталій Лимар,,03:24:22
135,Шосейні та кросові велосипеди 100 км / Чоловіки 1 вікова група,1341,Хаустов Євгеній,,03:24:52
136,Шосейні та кросові велосипеди 100 км / Чоловіки 1 вікова група,1174,Кожема Вадим,,03:25:15
137,Шосейні та кросові велосипеди 100 км / Чоловіки 1 вікова група,1388,Кособуцький Микола,,03:25:20
138,Шосейні та кросові велосипеди 100 км / Чоловіки 1 вікова група,1475,Котусенко Олександр,,03:25:23
139,Шосейні та кросові велосипеди 100 км / Чоловіки 1 вікова група,1113,Піка Роман,,03:25:58
140,Шосейні та кросові велосипеди 100 км / Чоловіки 1 вікова група,1077,Гоша Богдан,Old runners,03:26:25
141,Шосейні та кросові велосипеди 100 км / Чоловіки 1 вікова група,1474,Осипенко Анатолій,,03:28:02
142,Шосейні та кросові велосипеди 100 км / Чоловіки 1 вікова група,1389,Бондарчук Богдан,Pure coffee,03:28:41
143,Шосейні та кросові велосипеди 100 км / Чоловіки 1 вікова група,1159,Робак Костянтин,-,03:30:02
144,Шосейні та кросові велосипеди 100 км / Чоловіки 1 вікова група,1201,Навроцький Дмитро,,03:30:23
145,Шосейні та кросові велосипеди 100 км / Чоловіки 1 вікова група,1483,Йосипів Юрій,,03:30:29
146,Шосейні та кросові велосипеди 100 км / Чоловіки 1 вікова група,1482,Panasevych Eduard,,03:30:55
147,Шосейні та кросові велосипеди 100 км / Чоловіки 1 вікова група,1333,Павленко Олексій,,03:31:02
148,Шосейні та кросові велосипеди 100 км / Чоловіки 1 вікова група,1272,Радченко Олександр,,03:31:12
149,Шосейні та кросові велосипеди 100 км / Чоловіки 1 вікова група,1291,Катушонок Федір,,03:31:52
150,Шосейні та кросові велосипеди 100 км / Чоловіки 1 вікова група,1530,Петров Микита,,03:32:40
151,Шосейні та кросові велосипеди 100 км / Чоловіки 1 вікова група,1248,Туз Костянтин,,03:32:49
152,Шосейні та кросові велосипеди 100 км / Чоловіки 1 вікова група,1479,Павленко Андрій,,03:33:01
153,Шосейні та кросові велосипеди 100 км / Чоловіки 1 вікова група,1459,Радченко Олексій,Decathlon team,03:33:15
154,Шосейні та кросові велосипеди 100 км / Чоловіки 1 вікова група,1580,Івженко Дмитро,,03:33:52
155,Шосейні та кросові велосипеди 100 км / Чоловіки 1 вікова група,1265,Василенко Олексій,,03:34:19
156,Шосейні та кросові велосипеди 100 км / Чоловіки 1 вікова група,1279,Варченко Дмитро,,03:34:56
157,Шосейні та кросові велосипеди 100 км / Чоловіки 1 вікова група,1361,Васильєв Андрій,,03:35:04
158,Шосейні та кросові велосипеди 100 км / Чоловіки 1 вікова група,1336,Цибін Максим,,03:36:36
159,Шосейні та кросові велосипеди 100 км / Чоловіки 1 вікова група,1176,Арсентій Іван,2K_team,03:36:53
160,Шосейні та кросові велосипеди 100 км / Чоловіки 1 вікова група,1198,Горгиладзе Ілля,,03:36:56
161,Шосейні та кросові велосипеди 100 км / Чоловіки 1 вікова група,1553,Безгубенко Богдан,,03:37:46
162,Шосейні та кросові велосипеди 100 км / Чоловіки 1 вікова група,1416,Павленко Денис,,03:38:15
163,Шосейні та кросові велосипеди 100 км / Чоловіки 1 вікова група,1092,Восьмірко Сергій,HronSyndicate,03:38:43
164,Шосейні та кросові велосипеди 100 км / Чоловіки 1 вікова група,1089,Літвінчук Олександр,,03:38:44
165,Шосейні та кросові велосипеди 100 км / Чоловіки 1 вікова група,1083,Железняк Ярослав,,03:39:00
166,Шосейні та кросові велосипеди 100 км / Чоловіки 1 вікова група,1566,Таравський Павло,,03:39:44
167,Шосейні та кросові велосипеди 100 км / Чоловіки 1 вікова група,1251,Скриннік Сергій,,03:41:03
168,Шосейні та кросові велосипеди 100 км / Чоловіки 1 вікова група,1154,Рощина Максим,,03:41:57
169,Шосейні та кросові велосипеди 100 км / Чоловіки 1 вікова група,1222,Oleksandr Bilousov,,03:42:01
170,Шосейні та кросові велосипеди 100 км / Чоловіки 1 вікова група,1348,Маковский Влад,,03:42:57
171,Шосейні та кросові велосипеди 100 км / Чоловіки 1 вікова група,1252,Колодій Богдан,2K_team,03:44:25
172,Шосейні та кросові велосипеди 100 км / Чоловіки 1 вікова група,1219,Артем Грицук,,03:44:50
173,Шосейні та кросові велосипеди 100 км / Чоловіки 1 вікова група,1320,Лисий Олександр,,03:44:52
174,Шосейні та кросові велосипеди 100 км / Чоловіки 1 вікова група,1395,Палкін Юрій,,03:45:29
175,Шосейні та кросові велосипеди 100 км / Чоловіки 1 вікова група,1170,Павленко Всеволод,,03:45:38
176,Шосейні та кросові велосипеди 100 км / Чоловіки 1 вікова група,1522,Щурик Костянтин,,03:46:36
177,Шосейні та кросові велосипеди 100 км / Чоловіки 1 вікова група,1517,Гарбуз Руслан,,03:46:54
178,Шосейні та кросові велосипеди 100 км / Чоловіки 1 вікова група,1014,Максименко Тимофій,,03:46:55
179,Шосейні та кросові велосипеди 100 км / Чоловіки 1 вікова група,1329,Онікієнко Макс,,03:47:18
180,Шосейні та кросові велосипеди 100 км / Чоловіки 1 вікова група,1158,Гусак Захар,,03:48:13
181,Шосейні та кросові велосипеди 100 км / Чоловіки 1 вікова група,1573,Ярмак Дмитро,,03:49:12
182,Шосейні та кросові велосипеди 100 км / Чоловіки 1 вікова група,2076,Єфімцев В'ячеслав,,03:49:20
183,Шосейні та кросові велосипеди 100 км / Чоловіки 1 вікова група,1216,Могилка Микола,,03:50:36
184,Шосейні та кросові велосипеди 100 км / Чоловіки 1 вікова група,1124,Пазинич Ілля,,03:50:53
185,Шосейні та кросові велосипеди 100 км / Чоловіки 1 вікова група,1179,Руденко Вячеслав,,03:51:27
186,Шосейні та кросові велосипеди 100 км / Чоловіки 1 вікова група,1064,Чуб Антон,,03:51:42
187,Шосейні та кросові велосипеди 100 км / Чоловіки 1 вікова група,1513,Сергій Вишняк,Фармак,03:51:42
188,Шосейні та кросові велосипеди 100 км / Чоловіки 1 вікова група,1078,Клємєнт Олексій,,03:51:49
189,Шосейні та кросові велосипеди 100 км / Чоловіки 1 вікова група,1504,Висоцький Віктор,,03:51:55
190,Шосейні та кросові велосипеди 100 км / Чоловіки 1 вікова група,1418,Загородній Сергій,Сервіс Маркет,03:53:16
191,Шосейні та кросові велосипеди 100 км / Чоловіки 1 вікова група,1205,Крылов Никита,,03:57:19
192,Шосейні та кросові велосипеди 100 км / Чоловіки 1 вікова група,1020,Гівчак Тарас,,03:58:17
193,Шосейні та кросові велосипеди 100 км / Чоловіки 1 вікова група,1442,Вишенський Максим,KPMG в Україні,03:58:30
194,Шосейні та кросові велосипеди 100 км / Чоловіки 1 вікова група,1441,Шнайдер Владислав,KPMG в Україні,03:58:30
195,Шосейні та кросові велосипеди 100 км / Чоловіки 1 вікова група,1244,Прокопович Олександр,,03:59:18
196,Шосейні та кросові велосипеди 100 км / Чоловіки 1 вікова група,1266,Подельський Сергій,41300,03:59:39
197,Шосейні та кросові велосипеди 100 км / Чоловіки 1 вікова група,1497,Башмаков Микола,,04:04:04
198,Шосейні та кросові велосипеди 100 км / Чоловіки 1 вікова група,1533,Булда Олексій,,04:04:16
199,Шосейні та кросові велосипеди 100 км / Чоловіки 1 вікова група,1568,Полтавець Костянтин,,04:05:02
200,Шосейні та кросові велосипеди 100 км / Чоловіки 1 вікова група,1439,Корнілов Олександр,,04:06:44
201,Шосейні та кросові велосипеди 100 км / Чоловіки 1 вікова група,1116,Квятковський Олександр,Bike Market Kyiv,04:07:06
202,Шосейні та кросові велосипеди 100 км / Чоловіки 1 вікова група,1026,Руденко Артем,,04:07:20
203,Шосейні та кросові велосипеди 100 км / Чоловіки 1 вікова група,1453,Решетун Сергій,,04:07:28
204,Шосейні та кросові велосипеди 100 км / Чоловіки 1 вікова група,1499,Коваль Андрій,,04:08:29
205,Шосейні та кросові велосипеди 100 км / Чоловіки 1 вікова група,1129,Курилюк Павло,,04:09:08
206,Шосейні та кросові велосипеди 100 км / Чоловіки 1 вікова група,1487,Гарбарук Олексій,,04:10:04
207,Шосейні та кросові велосипеди 100 км / Чоловіки 1 вікова група,1369,Швецов Андрій,,04:10:05
208,Шосейні та кросові велосипеди 100 км / Чоловіки 1 вікова група,1498,Протасов Михайло,,04:10:58
209,Шосейні та кросові велосипеди 100 км / Чоловіки 1 вікова група,1357,Поліщук Пилип,,04:10:58
210,Шосейні та кросові велосипеди 100 км / Чоловіки 1 вікова група,1419,Головненко Олександр,,04:11:02
211,Шосейні та кросові велосипеди 100 км / Чоловіки 1 вікова група,1273,Чухлов Євгеній,,04:12:19
212,Шосейні та кросові велосипеди 100 км / Чоловіки 1 вікова група,1434,Санжаров Данііл,,04:12:25
213,Шосейні та кросові велосипеди 100 км / Чоловіки 1 вікова група,1132,Калитка Андрій,,04:12:57
214,Шосейні та кросові велосипеди 100 км / Чоловіки 1 вікова група,1552,Королюк Андрій,,04:18:27
215,Шосейні та кросові велосипеди 100 км / Чоловіки 1 вікова група,1315,Морозов Євгеній,,04:18:46
216,Шосейні та кросові велосипеди 100 км / Чоловіки 1 вікова група,1420,Волков Станислав,Сервіс Маркет,04:23:52
217,Шосейні та кросові велосипеди 100 км / Чоловіки 1 вікова група,1417,Курилов Даніїл,Сервіс Маркет,04:26:26
218,Шосейні та кросові велосипеди 100 км / Чоловіки 1 вікова група,1074,Темченко Олександр,,04:42:04
219,Шосейні та кросові велосипеди 100 км / Чоловіки 1 вікова група,1282,Шумейко Андрій,,04:45:19
220,Шосейні та кросові велосипеди 100 км / Чоловіки 1 вікова група,1203,Голик Юрій,,04:52:25
221,Шосейні та кросові велосипеди 100 км / Чоловіки 1 вікова група,1054,Бусленко Михайло,GLEAM,04:54:32
222,Шосейні та кросові велосипеди 100 км / Чоловіки 1 вікова група,1521,Бортюк Володимир,,05:03:41
223,Шосейні та кросові велосипеди 100 км / Чоловіки 1 вікова група,1069,Королік Дмитро,,05:03:41
224,Шосейні та кросові велосипеди 100 км / Чоловіки 1 вікова група,1068,Шакалов Юрій,,05:03:43
225,Шосейні та кросові велосипеди 100 км / Чоловіки 1 вікова група,1231,Уваров Олександр,,05:06:00
226,Шосейні та кросові велосипеди 100 км / Чоловіки 1 вікова група,1277,Ворков Евгений,ЖЖЖ,05:14:30
227,Шосейні та кросові велосипеди 100 км / Чоловіки 1 вікова група,1121,Шрам Дмитро,GWUADK,05:53:08
DSQ,Шосейні та кросові велосипеди 100 км / Чоловіки 1 вікова група,1087,Скоренко Нікіта,VeloHype,01:32:49
DSQ,Шосейні та кросові велосипеди 100 км / Чоловіки 1 вікова група,1090,Дмитренко Ігор,,02:10:42
DSQ,Шосейні та кросові велосипеди 100 км / Чоловіки 1 вікова група,1249,Мосейчук Артем,,03:34:25
1,Шосейні та кросові велосипеди 100 км / Чоловіки 2 вікова група,1398,Смірнов Владислав,Фармак,02:18:11
2,Шосейні та кросові велосипеди 100 км / Чоловіки 2 вікова група,1319,Семенчук Євгеній,,02:25:17
3,Шосейні та кросові велосипеди 100 км / Чоловіки 2 вікова група,1401,Піддубний Костянтин,,02:25:19
4,Шосейні та кросові велосипеди 100 км / Чоловіки 2 вікова група,1382,Бєглов Артем,,02:25:23
5,Шосейні та кросові велосипеди 100 км / Чоловіки 2 вікова група,1332,Davletkhanov Dmitry,,02:25:23
6,Шосейні та кросові велосипеди 100 км / Чоловіки 2 вікова група,1542,Антон Славінський,,02:25:25
7,Шосейні та кросові велосипеди 100 км / Чоловіки 2 вікова група,1260,Лисенко Руслан,,02:25:30
8,Шосейні та кросові велосипеди 100 км / Чоловіки 2 вікова група,1305,Ovsjannikov Olexandr,,02:25:31
9,Шосейні та кросові велосипеди 100 км / Чоловіки 2 вікова група,1392,Бєлов Олександр,Infopulse,02:26:31
10,Шосейні та кросові велосипеди 100 км / Чоловіки 2 вікова група,1022,Гапон Максим,EVO,02:26:33
11,Шосейні та кросові велосипеди 100 км / Чоловіки 2 вікова група,1386,Дудінов Микола,,02:28:44
12,Шосейні та кросові велосипеди 100 км / Чоловіки 2 вікова група,1157,Мордовець Дмитро,,02:31:55
13,Шосейні та кросові велосипеди 100 км / Чоловіки 2 вікова група,1180,Філонович Сергій,,02:32:27
14,Шосейні та кросові велосипеди 100 км / Чоловіки 2 вікова група,1485,Ткачук Костянтин,Escape,02:32:47
15,Шосейні та кросові велосипеди 100 км / Чоловіки 2 вікова група,1478,Tyshchenko Yaroslav,Cadence 90 Cycling Club,02:35:31
16,Шосейні та кросові велосипеди 100 км / Чоловіки 2 вікова група,1293,VYGRANENKO OLEKSANDR,Viyar Bike Team,02:36:14
17,Шосейні та кросові велосипеди 100 км / Чоловіки 2 вікова група,1323,Двинин Богдан,,02:37:10
18,Шосейні та кросові велосипеди 100 км / Чоловіки 2 вікова група,7904,Шабашов Дмитро,triton,02:37:16
19,Шосейні та кросові велосипеди 100 км / Чоловіки 2 вікова група,1210,Сотніченко Володимир,,02:38:56
20,Шосейні та кросові велосипеди 100 км / Чоловіки 2 вікова група,1138,Кабаченко Володимир,Escape,02:40:16
21,Шосейні та кросові велосипеди 100 км / Чоловіки 2 вікова група,4004,Тварковський Назарій,,02:40:24
22,Шосейні та кросові велосипеди 100 км / Чоловіки 2 вікова група,1383,Кондуфоров Олександр,SWCC,02:40:33
23,Шосейні та кросові велосипеди 100 км / Чоловіки 2 вікова група,1259,Maruschak Yaroslav,,02:42:29
24,Шосейні та кросові велосипеди 100 км / Чоловіки 2 вікова група,1027,Шиліжинський Володимир,ONRIDE,02:42:37
25,Шосейні та кросові велосипеди 100 км / Чоловіки 2 вікова група,1278,Ясейтіс Олексій,,02:42:41
26,Шосейні та кросові велосипеди 100 км / Чоловіки 2 вікова група,1354,Мороз Євген,,02:43:07
27,Шосейні та кросові велосипеди 100 км / Чоловіки 2 вікова група,1304,Карась Артем,,02:43:24
28,Шосейні та кросові велосипеди 100 км / Чоловіки 2 вікова група,1206,Безлюдько Данило,,02:44:29
29,Шосейні та кросові велосипеди 100 км / Чоловіки 2 вікова група,1140,Finnegan Gavin,,02:44:51
30,Шосейні та кросові велосипеди 100 км / Чоловіки 2 вікова група,1532,Красновський Олександр,,02:45:39
31,Шосейні та кросові велосипеди 100 км / Чоловіки 2 вікова група,1270,Корецький Андрій,,02:45:44
32,Шосейні та кросові велосипеди 100 км / Чоловіки 2 вікова група,1274,Долгопольський Олексій,,02:45:53
33,Шосейні та кросові велосипеди 100 км / Чоловіки 2 вікова група,1071,Кульченко Андрій,Team404,02:46:28
34,Шосейні та кросові велосипеди 100 км / Чоловіки 2 вікова група,1413,Pylypchuk Oleksii,,02:46:47
35,Шосейні та кросові велосипеди 100 км / Чоловіки 2 вікова група,1467,Соболевський Єгор,,02:49:05
36,Шосейні та кросові велосипеди 100 км / Чоловіки 2 вікова група,1228,KULIBABENKO Anton,,02:53:02
37,Шосейні та кросові велосипеди 100 км / Чоловіки 2 вікова група,1314,Zadorozhnyi Dmytro,Nike Run Club,02:53:15
38,Шосейні та кросові велосипеди 100 км / Чоловіки 2 вікова група,1000,Манжула Ярослав,,02:53:39
39,Шосейні та кросові велосипеди 100 км / Чоловіки 2 вікова група,1096,Сергій Шимкович,,02:53:46
40,Шосейні та кросові велосипеди 100 км / Чоловіки 2 вікова група,1327,Толстобров Андрій,Велозавр,02:53:47
41,Шосейні та кросові велосипеди 100 км / Чоловіки 2 вікова група,1204,Яковенко Юрій,,02:54:04
42,Шосейні та кросові велосипеди 100 км / Чоловіки 2 вікова група,1268,Петренко Євгеній,,02:55:16
43,Шосейні та кросові велосипеди 100 км / Чоловіки 2 вікова група,1128,Мироненко Григорій,,02:58:10
44,Шосейні та кросові велосипеди 100 км / Чоловіки 2 вікова група,1469,Зюман Сергій,,02:58:39
45,Шосейні та кросові велосипеди 100 км / Чоловіки 2 вікова група,1256,Мойса Роман,,02:58:57
46,Шосейні та кросові велосипеди 100 км / Чоловіки 2 вікова група,1202,Шевчик Борис,,02:59:03
47,Шосейні та кросові велосипеди 100 км / Чоловіки 2 вікова група,1506,Фастєєв Максим,,02:59:13
48,Шосейні та кросові велосипеди 100 км / Чоловіки 2 вікова група,1171,Бачинский Денис,,03:00:44
49,Шосейні та кросові велосипеди 100 км / Чоловіки 2 вікова група,1130,Федоренко Сергій,,03:00:47
50,Шосейні та кросові велосипеди 100 км / Чоловіки 2 вікова група,1565,Супрунов Андрей,,03:00:50
51,Шосейні та кросові велосипеди 100 км / Чоловіки 2 вікова група,1569,Nevmerzhytskyi Vladyslav,,03:01:44
52,Шосейні та кросові велосипеди 100 км / Чоловіки 2 вікова група,1519,Мельохін Данило,,03:02:13
53,Шосейні та кросові велосипеди 100 км / Чоловіки 2 вікова група,1427,Гриневич Юрій,VELO-STRANA,03:03:00
54,Шосейні та кросові велосипеди 100 км / Чоловіки 2 вікова група,1290,Лямець Олексій,,03:04:11
55,Шосейні та кросові велосипеди 100 км / Чоловіки 2 вікова група,1058,Заболотний Ілля,,03:06:02
56,Шосейні та кросові велосипеди 100 км / Чоловіки 2 вікова група,1470,Поминальний Костя,,03:06:12
57,Шосейні та кросові велосипеди 100 км / Чоловіки 2 вікова група,1067,Volovyk Dmytro,,03:06:56
58,Шосейні та кросові велосипеди 100 км / Чоловіки 2 вікова група,1214,Домашенко Роман,,03:07:01
59,Шосейні та кросові велосипеди 100 км / Чоловіки 2 вікова група,1452,Потоцький Ігор,,03:07:24
60,Шосейні та кросові велосипеди 100 км / Чоловіки 2 вікова група,1016,Kholod Oleksandr,,03:09:35
61,Шосейні та кросові велосипеди 100 км / Чоловіки 2 вікова група,1385,Шиль Віктор,,03:10:42
62,Шосейні та кросові велосипеди 100 км / Чоловіки 2 вікова група,1013,Аксьонов Руслан,,03:10:43
63,Шосейні та кросові велосипеди 100 км / Чоловіки 2 вікова група,1134,Pochynok Oleksandr,,03:10:52
64,Шосейні та кросові велосипеди 100 км / Чоловіки 2 вікова група,1114,Корольов Андрій,,03:11:37
65,Шосейні та кросові велосипеди 100 км / Чоловіки 2 вікова група,1435,Драч Олексій,,03:13:19
66,Шосейні та кросові велосипеди 100 км / Чоловіки 2 вікова група,1318,Колодій Дмитро,2K_team,03:13:23
67,Шосейні та кросові велосипеди 100 км / Чоловіки 2 вікова група,1150,Лаптєв Євгеній,,03:13:40
68,Шосейні та кросові велосипеди 100 км / Чоловіки 2 вікова група,1004,Чернюк Андрій,,03:13:42
69,Шосейні та кросові велосипеди 100 км / Чоловіки 2 вікова група,1585,Романенко Андрій,Горгани,03:14:04
70,Шосейні та кросові велосипеди 100 км / Чоловіки 2 вікова група,1495,Юхимук Сергій,,03:14:06
71,Шосейні та кросові велосипеди 100 км / Чоловіки 2 вікова група,1301,Коломієць Олексій,,03:14:56
72,Шосейні та кросові велосипеди 100 км / Чоловіки 2 вікова група,1343,Абраменко Вадим,,03:16:32
73,Шосейні та кросові велосипеди 100 км / Чоловіки 2 вікова група,1562,Лебедєв Олексій,,03:17:22
74,Шосейні та кросові велосипеди 100 км / Чоловіки 2 вікова група,1372,Василенко Сергiй,,03:18:16
75,Шосейні та кросові велосипеди 100 км / Чоловіки 2 вікова група,1254,Kozak Serhii,,03:18:26
76,Шосейні та кросові велосипеди 100 км / Чоловіки 2 вікова група,1155,Рижов Сергій,,03:18:38
77,Шосейні та кросові велосипеди 100 км / Чоловіки 2 вікова група,1445,Колос Михайло,,03:22:07
78,Шосейні та кросові велосипеди 100 км / Чоловіки 2 вікова група,1368,Ісатаєв Володимир,,03:24:32
79,Шосейні та кросові велосипеди 100 км / Чоловіки 2 вікова група,1123,Пономарьов Михайло,,03:25:04
80,Шосейні та кросові велосипеди 100 км / Чоловіки 2 вікова група,1584,Кудим Олександр,,03:27:00
81,Шосейні та кросові велосипеди 100 км / Чоловіки 2 вікова група,1471,Мартинюк Ярослав,,03:27:18
82,Шосейні та кросові велосипеди 100 км / Чоловіки 2 вікова група,1374,Зарічанський Роман,,03:29:17
83,Шосейні та кросові велосипеди 100 км / Чоловіки 2 вікова група,1443,Коваль Ігор,JDE sportsmens,03:29:20
84,Шосейні та кросові велосипеди 100 км / Чоловіки 2 вікова група,1472,Піунов Сергій,,03:30:22
85,Шосейні та кросові велосипеди 100 км / Чоловіки 2 вікова група,1567,Сухов Андрій,,03:30:28
86,Шосейні та кросові велосипеди 100 км / Чоловіки 2 вікова група,1120,Михальський Женя,,03:32:25
87,Шосейні та кросові велосипеди 100 км / Чоловіки 2 вікова група,1289,Саттаров Антон,,03:33:05
88,Шосейні та кросові велосипеди 100 км / Чоловіки 2 вікова група,1397,Schetynin Dmytro,,03:35:52
89,Шосейні та кросові велосипеди 100 км / Чоловіки 2 вікова група,1556,Omelaienko Boryslav,,03:36:59
90,Шосейні та кросові велосипеди 100 км / Чоловіки 2 вікова група,1473,Piunov Vitalii,MEDMAG,03:40:55
91,Шосейні та кросові велосипеди 100 км / Чоловіки 2 вікова група,1281,Танасевич Олександр,,03:42:29
92,Шосейні та кросові велосипеди 100 км / Чоловіки 2 вікова група,1414,Єфімов Максим,,03:44:33
93,Шосейні та кросові велосипеди 100 км / Чоловіки 2 вікова група,1444,Катаев Александр,,03:47:17
94,Шосейні та кросові велосипеди 100 км / Чоловіки 2 вікова група,1404,Волоховський Сергій,,03:47:21
95,Шосейні та кросові велосипеди 100 км / Чоловіки 2 вікова група,1031,Олексій Олексій,,03:53:08
96,Шосейні та кросові велосипеди 100 км / Чоловіки 2 вікова група,1493,Hetmanskyi Dmytro,Життя у русі,03:57:31
97,Шосейні та кросові велосипеди 100 км / Чоловіки 2 вікова група,1152,Чорномиз Віктор,,04:07:07
98,Шосейні та кросові велосипеди 100 км / Чоловіки 2 вікова група,1296,Пилипенко Олександр,Infopulse,04:07:26
99,Шосейні та кросові велосипеди 100 км / Чоловіки 2 вікова група,1021,Dmytro Dietkovskyi,,04:08:44
100,Шосейні та кросові велосипеди 100 км / Чоловіки 2 вікова група,1218,Яблонський Юрій,,04:13:11
101,Шосейні та кросові велосипеди 100 км / Чоловіки 2 вікова група,1466,Коваль Дмитро,,04:13:45
102,Шосейні та кросові велосипеди 100 км / Чоловіки 2 вікова група,1405,Кириленко Валентин,,04:24:08
103,Шосейні та кросові велосипеди 100 км / Чоловіки 2 вікова група,1529,Білоус Олександр,,04:29:56
104,Шосейні та кросові велосипеди 100 км / Чоловіки 2 вікова група,1365,Васильєв Василь,,04:50:46
105,Шосейні та кросові велосипеди 100 км / Чоловіки 2 вікова група,1072,Радченко Костянтин,,05:24:40
a.k.,Шосейні та кросові велосипеди 100 км / Чоловіки 2 вікова група,1023,Ткачук Ярослав,,
a.k.,Шосейні та кросові велосипеди 100 км / Чоловіки 2 вікова група,1355,Коротенко Яков,,
DSQ,Шосейні та кросові велосипеди 100 км / Чоловіки 2 вікова група,1486,Альохін Едгар,,02:21:19
DNF,Шосейні та кросові велосипеди 100 км / Чоловіки 2 вікова група,1577,Нечипорук Кирило,,03:14:36
1,Шосейні та кросові велосипеди 100 км / Чоловіки 3 вікова група,1294,Пичик Євгеній,,02:25:15
2,Шосейні та кросові велосипеди 100 км / Чоловіки 3 вікова група,1088,Кокозей Михайло,Viyar Bike Team,02:25:43
3,Шосейні та кросові велосипеди 100 км / Чоловіки 3 вікова група,1061,Грунін Сергій,Sigma Software - Unicorn,02:25:52
4,Шосейні та кросові велосипеди 100 км / Чоловіки 3 вікова група,1570,Nesterov Andrey,,02:26:03
5,Шосейні та кросові велосипеди 100 км / Чоловіки 3 вікова група,1351,Пирх Андрій,,02:26:15
6,Шосейні та кросові велосипеди 100 км / Чоловіки 3 вікова група,1142,Кисиленко Сергій,,02:35:37
7,Шосейні та кросові велосипеди 100 км / Чоловіки 3 вікова група,1233,Kuzmenko Dmitriy,,02:36:00
8,Шосейні та кросові велосипеди 100 км / Чоловіки 3 вікова група,1104,Осадчий Андрій,Sigma Software - Unicorn,02:36:12
9,Шосейні та кросові велосипеди 100 км / Чоловіки 3 вікова група,1326,Рожелюк Андрій,,02:36:35
10,Шосейні та кросові велосипеди 100 км / Чоловіки 3 вікова група,1288,Квітка Сергій,,02:37:09
11,Шосейні та кросові велосипеди 100 км / Чоловіки 3 вікова група,1255,Абрамов Сергій,,02:41:23
12,Шосейні та кросові велосипеди 100 км / Чоловіки 3 вікова група,1063,Максимчук Олександр,,02:42:14
13,Шосейні та кросові велосипеди 100 км / Чоловіки 3 вікова група,1269,Березовський Тарас,,02:42:47
14,Шосейні та кросові велосипеди 100 км / Чоловіки 3 вікова група,1048,Федоров Василь,,02:43:23
15,Шосейні та кросові велосипеди 100 км / Чоловіки 3 вікова група,1560,Кузнецов Максим,,02:43:36
16,Шосейні та кросові велосипеди 100 км / Чоловіки 3 вікова група,1426,Бурлаченко Павло,,02:44:30
17,Шосейні та кросові велосипеди 100 км / Чоловіки 3 вікова група,1505,Коваль Костянтин,,02:46:52
18,Шосейні та кросові велосипеди 100 км / Чоловіки 3 вікова група,1303,Кріцький Роман,,02:49:34
19,Шосейні та кросові велосипеди 100 км / Чоловіки 3 вікова група,1324,Будаловський Дмитро,Bike L.A.B.,02:52:00
20,Шосейні та кросові велосипеди 100 км / Чоловіки 3 вікова група,1119,Мельник Дмитро,,02:52:07
21,Шосейні та кросові велосипеди 100 км / Чоловіки 3 вікова група,1099,Саленко Андрій,,02:52:57
22,Шосейні та кросові велосипеди 100 км / Чоловіки 3 вікова група,1455,Grytsiuta Maksym,,02:53:06
23,Шосейні та кросові велосипеди 100 км / Чоловіки 3 вікова група,1581,Гринько Роман,,02:53:31
24,Шосейні та кросові велосипеди 100 км / Чоловіки 3 вікова група,1081,Кудрик Вадим,,02:53:39
25,Шосейні та кросові велосипеди 100 км / Чоловіки 3 вікова група,1177,Степаниця Олександр,Echelon,02:53:46
26,Шосейні та кросові велосипеди 100 км / Чоловіки 3 вікова група,1544,Енвєр Кікава,,02:54:42
27,Шосейні та кросові велосипеди 100 км / Чоловіки 3 вікова група,1396,Стащенко Сергій,,02:55:29
28,Шосейні та кросові велосипеди 100 км / Чоловіки 3 вікова група,1215,Монтрезор Володимир,VELO-STRANA,02:55:32
29,Шосейні та кросові велосипеди 100 км / Чоловіки 3 вікова група,1425,Денис Усатенко,VELO-STRANA,02:55:32
30,Шосейні та кросові велосипеди 100 км / Чоловіки 3 вікова група,1060,Сергієнко Андрій,Sigma Software - Unicorn,02:57:39
31,Шосейні та кросові велосипеди 100 км / Чоловіки 3 вікова група,1436,Didukh Sergiy,Road Cycling Brovary,02:59:16
32,Шосейні та кросові велосипеди 100 км / Чоловіки 3 вікова група,1086,Захаревич Андрій,,02:59:30
33,Шосейні та кросові велосипеди 100 км / Чоловіки 3 вікова група,1046,Datskiv Andrii,,03:00:35
34,Шосейні та кросові велосипеди 100 км / Чоловіки 3 вікова група,1340,Соколовський Денис,,03:01:16
35,Шосейні та кросові велосипеди 100 км / Чоловіки 3 вікова група,1235,Бебешко Сергій,,03:01:43
36,Шосейні та кросові велосипеди 100 км / Чоловіки 3 вікова група,1038,Бова Ігор,,03:02:27
37,Шосейні та кросові велосипеди 100 км / Чоловіки 3 вікова група,1052,Мединський Євген,TriUkraine,03:03:01
38,Шосейні та кросові велосипеди 100 км / Чоловіки 3 вікова група,1510,Lukianenko Dimitriy,,03:03:07
39,Шосейні та кросові велосипеди 100 км / Чоловіки 3 вікова група,1446,Ратманський Євген,,03:08:29
40,Шосейні та кросові велосипеди 100 км / Чоловіки 3 вікова група,1227,Малий Юрій,,03:11:13
41,Шосейні та кросові велосипеди 100 км / Чоловіки 3 вікова група,1559,Кожемяка Максим,,03:12:50
42,Шосейні та кросові велосипеди 100 км / Чоловіки 3 вікова група,1102,Радонов Олексій,,03:14:09
43,Шосейні та кросові велосипеди 100 км / Чоловіки 3 вікова група,1464,Колесніков Дмитро,,03:16:29
44,Шосейні та кросові велосипеди 100 км / Чоловіки 3 вікова група,1015,Vetokh Pavlo,,03:24:29
45,Шосейні та кросові велосипеди 100 км / Чоловіки 3 вікова група,1229,Ішутко Сергій,,03:24:39
46,Шосейні та кросові велосипеди 100 км / Чоловіки 3 вікова група,7905,Бойко,,03:24:55
47,Шосейні та кросові велосипеди 100 км / Чоловіки 3 вікова група,1147,Пазельський Сергій,,03:25:51
48,Шосейні та кросові велосипеди 100 км / Чоловіки 3 вікова група,1447,Caens Christophe,,03:27:48
49,Шосейні та кросові велосипеди 100 км / Чоловіки 3 вікова група,1489,Федоров Олександр,,03:29:09
50,Шосейні та кросові велосипеди 100 км / Чоловіки 3 вікова група,1162,Богданець В'ячеслав,,03:30:17
51,Шосейні та кросові велосипеди 100 км / Чоловіки 3 вікова група,1122,Інін Олександр,,03:33:08
52,Шосейні та кросові велосипеди 100 км / Чоловіки 3 вікова група,1085,Solomka Serhii,,03:37:00
53,Шосейні та кросові велосипеди 100 км / Чоловіки 3 вікова група,1141,Vitalii Bielash,,03:38:41
54,Шосейні та кросові велосипеди 100 км / Чоловіки 3 вікова група,1582,Назаров Олександр,,03:39:57
55,Шосейні та кросові велосипеди 100 км / Чоловіки 3 вікова група,1380,Купяк Олександр,,03:41:52
56,Шосейні та кросові велосипеди 100 км / Чоловіки 3 вікова група,1178,Якименко Олександр,,03:42:49
57,Шосейні та кросові велосипеди 100 км / Чоловіки 3 вікова група,1468,Сімейко Андрій,,03:44:36
58,Шосейні та кросові велосипеди 100 км / Чоловіки 3 вікова група,1503,Петренко Андрій,,03:45:33
59,Шосейні та кросові велосипеди 100 км / Чоловіки 3 вікова група,1551,Ящук Василь,,03:46:06
60,Шосейні та кросові велосипеди 100 км / Чоловіки 3 вікова група,1450,Сімейко Олег,,03:47:18
61,Шосейні та кросові велосипеди 100 км / Чоловіки 3 вікова група,1541,Сергій Бондарчук,,03:59:30
62,Шосейні та кросові велосипеди 100 км / Чоловіки 3 вікова група,1347,Трубачов Денис,,04:11:00
63,Шосейні та кросові велосипеди 100 км / Чоловіки 3 вікова група,1217,Gorod Alex,,04:13:11
64,Шосейні та кросові велосипеди 100 км / Чоловіки 3 вікова група,1237,Сметаненко Андрій,,04:22:10
65,Шосейні та кросові велосипеди 100 км / Чоловіки 3 вікова група,1554,Максим Кокоша,,04:29:08
66,Шосейні та кросові велосипеди 100 км / Чоловіки 3 вікова група,1527,Гулаєв Віталій,,05:24:15
DSQ,Шосейні та кросові велосипеди 100 км / Чоловіки 3 вікова група,1463,Випасняк Любомир,,02:18:31
1,Шосейні та кросові велосипеди 100 км / Чоловіки 4 вікова група,1563,Slyvka Roman,,02:25:15
2,Шосейні та кросові велосипеди 100 км / Чоловіки 4 вікова група,1399,Москаленко Максим,,02:25:29
3,Шосейні та кросові велосипеди 100 км / Чоловіки 4 вікова група,1146,Стеценко В'ячеслав,,02:25:42
4,Шосейні та кросові велосипеди 100 км / Чоловіки 4 вікова група,1145,Гринь Олександр,,02:25:42
5,Шосейні та кросові велосипеди 100 км / Чоловіки 4 вікова група,1516,Зубчевський Петро,,02:33:30
6,Шосейні та кросові велосипеди 100 км / Чоловіки 4 вікова група,1189,Золотов Олекасндр,,02:40:06
7,Шосейні та кросові велосипеди 100 км / Чоловіки 4 вікова група,1334,Шевченко Сергій,,02:42:47
8,Шосейні та кросові велосипеди 100 км / Чоловіки 4 вікова група,1335,Нікішин Денис,,02:45:43
9,Шосейні та кросові велосипеди 100 км / Чоловіки 4 вікова група,1109,Садовничий Юрій,,02:48:14
10,Шосейні та кросові велосипеди 100 км / Чоловіки 4 вікова група,1514,Тарабакін Дмитро,,02:49:13
11,Шосейні та кросові велосипеди 100 км / Чоловіки 4 вікова група,1350,Володимир Своробович,,02:53:05
12,Шосейні та кросові велосипеди 100 км / Чоловіки 4 вікова група,1507,Захарченко Евгений,victory team,02:56:06
13,Шосейні та кросові велосипеди 100 км / Чоловіки 4 вікова група,1440,Мурзін Олександр,,02:57:05
14,Шосейні та кросові велосипеди 100 км / Чоловіки 4 вікова група,1001,Таранчук Дмитро,,02:58:32
15,Шосейні та кросові велосипеди 100 км / Чоловіки 4 вікова група,1211,Дмитро Кучеренко,,03:06:48
16,Шосейні та кросові велосипеди 100 км / Чоловіки 4 вікова група,1370,Хрипко Роман,,03:16:32
17,Шосейні та кросові велосипеди 100 км / Чоловіки 4 вікова група,1536,Kolga Eduard,,03:17:40
18,Шосейні та кросові велосипеди 100 км / Чоловіки 4 вікова група,1508,Мандзюк Ярослав,,03:17:54
19,Шосейні та кросові велосипеди 100 км / Чоловіки 4 вікова група,1363,Мироненко Сергій,,03:21:55
20,Шосейні та кросові велосипеди 100 км / Чоловіки 4 вікова група,1163,Данчук Сергій,,03:26:49
21,Шосейні та кросові велосипеди 100 км / Чоловіки 4 вікова група,1280,Демченко Віталій,,03:29:00
22,Шосейні та кросові велосипеди 100 км / Чоловіки 4 вікова група,1133,Сопін Геннадій,,03:30:47
23,Шосейні та кросові велосипеди 100 км / Чоловіки 4 вікова група,1364,Братель Олександр,,03:31:03
24,Шосейні та кросові велосипеди 100 км / Чоловіки 4 вікова група,1239,Лукачук Тарас,,03:32:44
25,Шосейні та кросові велосипеди 100 км / Чоловіки 4 вікова група,1079,Купрін Максим,,03:38:59
26,Шосейні та кросові велосипеди 100 км / Чоловіки 4 вікова група,1412,Marusyk Pavlo,,03:46:18
27,Шосейні та кросові велосипеди 100 км / Чоловіки 4 вікова група,1299,BUBELA VOLODYMYR,,04:10:21
28,Шосейні та кросові велосипеди 100 км / Чоловіки 4 вікова група,1316,Стасюк Руслан,,05:19:35
1,Шосейні та кросові велосипеди 100 км / Чоловіки 5 вікова група,1481,KUZNETSOV MYKHAILO,,02:25:29
2,Шосейні та кросові велосипеди 100 км / Чоловіки 5 вікова група,1131,Маланюк Богдан,,02:25:51
3,Шосейні та кросові велосипеди 100 км / Чоловіки 5 вікова група,1040,Циба Сергій,,02:27:39
4,Шосейні та кросові велосипеди 100 км / Чоловіки 5 вікова група,1376,Поліщук Андрій,,02:33:50
5,Шосейні та кросові велосипеди 100 км / Чоловіки 5 вікова група,1194,Дзюбенко Генадій,Gentlemen’s Cycling Club,02:35:43
6,Шосейні та кросові велосипеди 100 км / Чоловіки 5 вікова група,1073,Прокопович Єгор,,02:47:30
7,Шосейні та кросові велосипеди 100 км / Чоловіки 5 вікова група,1199,Товстиженко Максим,,02:50:55
8,Шосейні та кросові велосипеди 100 км / Чоловіки 5 вікова група,1243,Смедляев Артур,,02:52:14
9,Шосейні та кросові велосипеди 100 км / Чоловіки 5 вікова група,1224,Олександр Некрасов,,02:54:35
10,Шосейні та кросові велосипеди 100 км / Чоловіки 5 вікова група,1283,Веремієнко Олександр,Нема,02:55:34
11,Шосейні та кросові велосипеди 100 км / Чоловіки 5 вікова група,1276,pogrebnoy andrey,,02:56:15
12,Шосейні та кросові велосипеди 100 км / Чоловіки 5 вікова група,1394,Литвиненко Станіслав,,02:59:47
13,Шосейні та кросові велосипеди 100 км / Чоловіки 5 вікова група,1576,Жданов Іван,ATRIBUD,03:00:10
14,Шосейні та кросові велосипеди 100 км / Чоловіки 5 вікова група,1126,Гуз Костянтин,,03:00:13
15,Шосейні та кросові велосипеди 100 км / Чоловіки 5 вікова група,1476,Мельников Дмитро,,03:00:47
16,Шосейні та кросові велосипеди 100 км / Чоловіки 5 вікова група,1308,Обливач Андрій,,03:12:59
17,Шосейні та кросові велосипеди 100 км / Чоловіки 5 вікова група,1117,Kariaka Aleksandr,,03:19:49
18,Шосейні та кросові велосипеди 100 км / Чоловіки 5 вікова група,1223,Муравицький Олег,,03:27:14
19,Шосейні та кросові велосипеди 100 км / Чоловіки 5 вікова група,1454,Бобровський Микола,,03:32:14
20,Шосейні та кросові велосипеди 100 км / Чоловіки 5 вікова група,1164,Козак Тарас,Old Farts,03:39:00
21,Шосейні та кросові велосипеди 100 км / Чоловіки 5 вікова група,1111,Cherniavskyi Ihor,,03:46:29
22,Шосейні та кросові велосипеди 100 км / Чоловіки 5 вікова група,1263,Костецький Богдан,Коні Педальні,04:21:44
23,Шосейні та кросові велосипеди 100 км / Чоловіки 5 вікова група,1362,Еганян Геворг,,04:35:35
1,Шосейні та кросові велосипеди 100 км / Чоловіки 6 вікова група,1292,Долотов Едуард,,02:40:22
2,Шосейні та кросові велосипеди 100 км / Чоловіки 6 вікова група,1196,Голомозий Олександр,Gentlemen’s Cycling Club,02:40:23
3,Шосейні та кросові велосипеди 100 км / Чоловіки 6 вікова група,1025,Kovalenko Vitalii,Sigma Software - Unicorn,02:40:24
4,Шосейні та кросові велосипеди 100 км / Чоловіки 6 вікова група,1261,Черкас Сергій,,02:41:48
5,Шосейні та кросові велосипеди 100 км / Чоловіки 6 вікова група,1477,Райченко Олександр,,02:46:01
6,Шосейні та кросові велосипеди 100 км / Чоловіки 6 вікова група,1523,Малашенко Олександр,,02:49:23
7,Шосейні та кросові велосипеди 100 км / Чоловіки 6 вікова група,1066,Золотько Дмитро,,03:17:00
8,Шосейні та кросові велосипеди 100 км / Чоловіки 6 вікова група,1076,Базіченко Олександр,,03:27:12
1,Шосейні та кросові велосипеди 100 км / Чоловіки 7 вікова група,1135,Дупак Костянтин,Коні Педальні,02:44:54
2,Шосейні та кросові велосипеди 100 км / Чоловіки 7 вікова група,1431,Язенок Віктор,,02:46:29
3,Шосейні та кросові велосипеди 100 км / Чоловіки 7 вікова група,1575,Стальний Андрій,,02:49:11
4,Шосейні та кросові велосипеди 100 км / Чоловіки 7 вікова група,1012,Харчук Сергій,Коні Педальні,02:49:15
5,Шосейні та кросові велосипеди 100 км / Чоловіки 7 вікова група,1520,Жадан Олег,,03:11:50
6,Шосейні та кросові велосипеди 100 км / Чоловіки 7 вікова група,1349,Буглак Ігор,,03:12:38
7,Шосейні та кросові велосипеди 100 км / Чоловіки 7 вікова група,1424,Григораш Олександр,,04:38:02
8,Шосейні та кросові велосипеди 100 км / Чоловіки 7 вікова група,1346,Володимир Зоря,,05:24:42
1,Шосейні та кросові велосипеди 100 км / Чоловіки 8 вікова група,1302,Суровец Сергей,,02:50:12
1,Шосейні та кросові велосипеди 100 км / Чоловіки 9 вікова група,1225,Москалець Сергій,,02:43:35
2,Шосейні та кросові велосипеди 100 км / Чоловіки 9 вікова група,1220,Кузнєцов Валерій,,03:15:08
1,MTB та гібриди 100 км / Жінки 1 вікова група,7883,Литвицька Олена,,03:01:05
2,MTB та гібриди 100 км / Жінки 1 вікова група,2090,Жованик Юлія,,03:24:48
3,MTB та гібриди 100 км / Жінки 1 вікова група,7865,Богданова Сніжана,,03:26:59
4,MTB та гібриди 100 км / Жінки 1 вікова група,2021,Зінов'єва Наталія,,03:34:19
5,MTB та гібриди 100 км / Жінки 1 вікова група,7890,Коваленко Олександра,,03:39:55
6,MTB та гібриди 100 км / Жінки 1 вікова група,2071,Данєвич Юлія,,03:54:03
7,MTB та гібриди 100 км / Жінки 1 вікова група,7881,Сарабун Анастасія,Ревор,03:57:06
8,MTB та гібриди 100 км / Жінки 1 вікова група,7902,Бочкарьова Катерина,,04:04:20
9,MTB та гібриди 100 км / Жінки 1 вікова група,2096,Шіхадат Ірина,,04:31:10
10,MTB та гібриди 100 км / Жінки 1 вікова група,7895,Ляшук Тетяна,,04:42:40
11,MTB та гібриди 100 км / Жінки 1 вікова група,7836,Шрам Ольга,Фармак,05:10:19
12,MTB та гібриди 100 км / Жінки 1 вікова група,2079,Лозовенко Катерина,ORESUND,05:26:47
13,MTB та гібриди 100 км / Жінки 1 вікова група,7792,Нірода-Швенько Марина,Патрульна поліція,05:33:56
14,MTB та гібриди 100 км / Жінки 1 вікова група,2033,Абдуліна Софʼя,,05:41:47
15,MTB та гібриди 100 км / Жінки 1 вікова група,2056,Бурковська Єлизавета,GWUADK,05:42:50
16,MTB та гібриди 100 км / Жінки 1 вікова група,7791,Кіяшко Оксана,Патрульна поліція,05:44:02
17,MTB та гібриди 100 км / Жінки 1 вікова група,7788,Яременко Альона,,05:44:03
18,MTB та гібриди 100 км / Жінки 1 вікова група,7790,Шелельо Любов,Патрульна поліція,05:44:46
DSQ,MTB та гібриди 100 км / Жінки 1 вікова група,7903,Бажанова Владислава,,03:52:35
1,MTB та гібриди 100 км / Жінки 2 вікова група,2011,Некрашевич Олена,,03:24:22
2,MTB та гібриди 100 км / Жінки 2 вікова група,2064,Олешко Валерія,,03:30:05
3,MTB та гібриди 100 км / Жінки 2 вікова група,2031,Чернишева Марина,,03:48:02
4,MTB та гібриди 100 км / Жінки 2 вікова група,2020,Олійник Олена,,03:50:00
5,MTB та гібриди 100 км / Жінки 2 вікова група,2016,Коваленко Маргарита,,03:55:23
6,MTB та гібриди 100 км / Жінки 2 вікова група,2000,Наливайченко Марина,,04:14:52
7,MTB та гібриди 100 км / Жінки 2 вікова група,2086,Нечитайло Ольга,,04:26:48
8,MTB та гібриди 100 км / Жінки 2 вікова група,2082,Чолак Наталя,ВелоЧужий,04:37:27
9,MTB та гібриди 100 км / Жінки 2 вікова група,2078,Shabas Iryna,,05:10:05
10,MTB та гібриди 100 км / Жінки 2 вікова група,7795,Романець Віталіна,,05:23:44
11,MTB та гібриди 100 км / Жінки 2 вікова група,2139,Маслянко Ірина,,05:48:11
1,MTB та гібриди 100 км / Жінки 3 вікова група,2006,Куц Юлия,Наша Епоха,02:54:09
2,MTB та гібриди 100 км / Жінки 3 вікова група,7894,Олександрівна Катерина,,03:34:17
3,MTB та гібриди 100 км / Жінки 3 вікова група,2043,Сейлаш Аліна,Веловуйки,03:35:53
4,MTB та гібриди 100 км / Жінки 3 вікова група,2168,Тулюлюк Наталія,Velovuyki,03:53:27
5,MTB та гібриди 100 км / Жінки 3 вікова група,7838,Скрипнікова Віолетта,TRAUMEEL,04:48:00
6,MTB та гібриди 100 км / Жінки 3 вікова група,2157,Павлюк Іванна,,04:53:54
7,MTB та гібриди 100 км / Жінки 3 вікова група,1460,Кравець Світлана,,05:15:15
8,MTB та гібриди 100 км / Жінки 3 вікова група,2166,Горобець Дарина,,05:20:33
9,MTB та гібриди 100 км / Жінки 3 вікова група,2141,Єфімчук Марія,Velovuyki,05:46:17
DSQ,MTB та гібриди 100 км / Жінки 3 вікова група,7870,Ольга Тарасенко,Фармак,03:06:31
1,MTB та гібриди 100 км / Чоловіки 1 вікова група,7843,Мельніченко Дмитро,TRAUMEEL,02:23:57
2,MTB та гібриди 100 км / Чоловіки 1 вікова група,7842,Хоменко Андрій,TRAUMEEL,02:24:02
3,MTB та гібриди 100 км / Чоловіки 1 вікова група,7866,Довганюк Андрій,TRAUMEEL,02:24:12
4,MTB та гібриди 100 км / Чоловіки 1 вікова група,2019,Галайда Богдан,,02:30:57
5,MTB та гібриди 100 км / Чоловіки 1 вікова група,2003,Skvortsov Denys,Наша еПОХа,02:31:26
6,MTB та гібриди 100 км / Чоловіки 1 вікова група,2110,Бойко Віктор,Infopulse,02:32:48
7,MTB та гібриди 100 км / Чоловіки 1 вікова група,2152,Шибко Олександр,,02:32:51
8,MTB та гібриди 100 км / Чоловіки 1 вікова група,2114,Бровкін Сергій,Escape,02:40:17
9,MTB та гібриди 100 км / Чоловіки 1 вікова група,7841,Рибка Антон,TRAUMEEL,02:45:58
10,MTB та гібриди 100 км / Чоловіки 1 вікова група,2100,Зелений Дмитро,Escape,02:48:09
11,MTB та гібриди 100 км / Чоловіки 1 вікова група,2044,Береговий Володимир,,02:52:06
12,MTB та гібриди 100 км / Чоловіки 1 вікова група,7834,Сатиров Алексей,,02:53:23
13,MTB та гібриди 100 км / Чоловіки 1 вікова група,2162,Музичук Олексій,,02:54:07
14,MTB та гібриди 100 км / Чоловіки 1 вікова група,2136,Yatsenko Ruslan,,03:01:23
15,MTB та гібриди 100 км / Чоловіки 1 вікова група,2111,Полюх Артем,ORESUND,03:04:57
16,MTB та гібриди 100 км / Чоловіки 1 вікова група,2098,Лютий Сергій,,03:05:20
17,MTB та гібриди 100 км / Чоловіки 1 вікова група,2069,Пархомець Олександр,,03:05:39
18,MTB та гібриди 100 км / Чоловіки 1 вікова група,2047,Хоменко Микола,,03:07:09
19,MTB та гібриди 100 км / Чоловіки 1 вікова група,7846,Будько Данило,,03:07:27
20,MTB та гібриди 100 км / Чоловіки 1 вікова група,2126,Хоменко Руслан,,03:08:20
21,MTB та гібриди 100 км / Чоловіки 1 вікова група,7816,Володимир Власовас,Velovuyki. Do it,03:15:25
22,MTB та гібриди 100 км / Чоловіки 1 вікова група,7893,Kovalskyi Siiavush,,03:17:13
23,MTB та гібриди 100 км / Чоловіки 1 вікова група,2150,Строкань Валентин,,03:17:33
24,MTB та гібриди 100 км / Чоловіки 1 вікова група,7777,Даценко Іван,,03:18:12
25,MTB та гібриди 100 км / Чоловіки 1 вікова група,2149,Зоря Віталій,,03:19:02
26,MTB та гібриди 100 км / Чоловіки 1 вікова група,2138,Федченко Артем,,03:19:08
27,MTB та гібриди 100 км / Чоловіки 1 вікова група,7809,Коваленко Антон,,03:19:24
28,MTB та гібриди 100 км / Чоловіки 1 вікова група,2066,Малишев Олександр,,03:19:27
29,MTB та гібриди 100 км / Чоловіки 1 вікова група,7879,Волков Євген,,03:20:09
30,MTB та гібриди 100 км / Чоловіки 1 вікова група,2067,Вітряк Роман,,03:20:37
31,MTB та гібриди 100 км / Чоловіки 1 вікова група,7781,Balezin Pavlo,,03:21:21
32,MTB та гібриди 100 км / Чоловіки 1 вікова група,7818,Гісар Євген,,03:21:25
33,MTB та гібриди 100 км / Чоловіки 1 вікова група,7785,Кононко Євгеній,,03:21:53
34,MTB та гібриди 100 км / Чоловіки 1 вікова група,7833,Аветян Артур,,03:21:59
35,MTB та гібриди 100 км / Чоловіки 1 вікова група,7854,Фелді Олексій,,03:22:15
36,MTB та гібриди 100 км / Чоловіки 1 вікова група,2104,Гурін Олександр,,03:27:30
37,MTB та гібриди 100 км / Чоловіки 1 вікова група,7799,Крижановський Олексій,Патрульна поліція,03:28:34
38,MTB та гібриди 100 км / Чоловіки 1 вікова група,7855,Семко В'ячеслав,,03:29:14
39,MTB та гібриди 100 км / Чоловіки 1 вікова група,2059,Шкляренко Олексій,,03:30:33
40,MTB та гібриди 100 км / Чоловіки 1 вікова група,7808,Карабан Артем,,03:32:18
41,MTB та гібриди 100 км / Чоловіки 1 вікова група,7786,Кушнір Богдан,,03:33:12
42,MTB та гібриди 100 км / Чоловіки 1 вікова група,2169,Шугаєв Вадим,,03:36:15
43,MTB та гібриди 100 км / Чоловіки 1 вікова група,7876,Сахно Дмитро,,03:39:40
44,MTB та гібриди 100 км / Чоловіки 1 вікова група,7806,Статівка Євген,,03:39:57
45,MTB та гібриди 100 км / Чоловіки 1 вікова група,2051,Кононюк Дмитро,,03:40:49
46,MTB та гібриди 100 км / Чоловіки 1 вікова група,2028,Степаненко Віталій,,03:41:44
47,MTB та гібриди 100 км / Чоловіки 1 вікова група,2037,Носов Євгеній,,03:42:38
48,MTB та гібриди 100 км / Чоловіки 1 вікова група,7874,Марценюк Євгеній,,03:44:10
49,MTB та гібриди 100 км / Чоловіки 1 вікова група,7880,Кузик Ілля,Ревор,03:44:19
50,MTB та гібриди 100 км / Чоловіки 1 вікова група,2167,Баранов Герман,,03:46:17
51,MTB та гібриди 100 км / Чоловіки 1 вікова група,2105,Дмитро Табаков,Veloonline,03:46:22
52,MTB та гібриди 100 км / Чоловіки 1 вікова група,7823,Лепех Максим,,03:47:12
53,MTB та гібриди 100 км / Чоловіки 1 вікова група,7824,Шапошніков Олександр,Moomin,03:49:50
54,MTB та гібриди 100 км / Чоловіки 1 вікова група,2065,Єлсуков Ігор,,03:53:27
55,MTB та гібриди 100 км / Чоловіки 1 вікова група,7875,Andriichuk Andrii,Ревор,03:53:47
56,MTB та гібриди 100 км / Чоловіки 1 вікова група,2172,Чайка Ігор,,03:57:07
57,MTB та гібриди 100 км / Чоловіки 1 вікова група,2004,Cherednichenko Illia,,03:57:09
58,MTB та гібриди 100 км / Чоловіки 1 вікова група,7822,Zarembliuk Serhii,,04:00:11
59,MTB та гібриди 100 км / Чоловіки 1 вікова група,7797,Міщук Олександр,,04:01:10
60,MTB та гібриди 100 км / Чоловіки 1 вікова група,2144,Косяков Станіслав,,04:03:59
61,MTB та гібриди 100 км / Чоловіки 1 вікова група,7803,Крашенінін Станіслав,Патрульна поліція,04:04:08
62,MTB та гібриди 100 км / Чоловіки 1 вікова група,3001,Якименко Сергій,,04:05:13
63,MTB та гібриди 100 км / Чоловіки 1 вікова група,2148,Євгеній Лазоренко,ЖЖЖ,04:06:40
64,MTB та гібриди 100 км / Чоловіки 1 вікова група,7835,Яковченко Ілля,,04:07:13
65,MTB та гібриди 100 км / Чоловіки 1 вікова група,7783,Полюхович Микола,Патрульна поліція,04:12:39
66,MTB та гібриди 100 км / Чоловіки 1 вікова група,2158,Горяйнов Костянтин,,04:15:30
67,MTB та гібриди 100 км / Чоловіки 1 вікова група,2045,Іванчук Максим,,04:16:38
68,MTB та гібриди 100 км / Чоловіки 1 вікова група,2048,Двірник Ілля,,04:16:38
69,MTB та гібриди 100 км / Чоловіки 1 вікова група,2095,Бурківченко Олексій,,04:23:09
70,MTB та гібриди 100 км / Чоловіки 1 вікова група,2094,Піднебесний Іван,,04:23:38
71,MTB та гібриди 100 км / Чоловіки 1 вікова група,2116,Шопа Віталій,,04:24:35
72,MTB та гібриди 100 км / Чоловіки 1 вікова група,2160,Буяшенко Антон,,04:32:51
73,MTB та гібриди 100 км / Чоловіки 1 вікова група,2128,Пархоменко Данило,VeloBro,04:34:47
74,MTB та гібриди 100 км / Чоловіки 1 вікова група,7820,Антоненко Денис,,04:36:12
75,MTB та гібриди 100 км / Чоловіки 1 вікова група,2154,Мельник Олексій,,04:37:41
76,MTB та гібриди 100 км / Чоловіки 1 вікова група,2170,Столяренко Олексій,,04:45:09
77,MTB та гібриди 100 км / Чоловіки 1 вікова група,7789,Скалозуб Роман,Патрульна поліція,04:46:04
78,MTB та гібриди 100 км / Чоловіки 1 вікова група,7839,Вакуленко Олексій,TRAUMEEL,04:57:51
79,MTB та гібриди 100 км / Чоловіки 1 вікова група,7871,Савчук Юрій,Viyar Bike Team,04:59:52
80,MTB та гібриди 100 км / Чоловіки 1 вікова група,2117,Дмитренко Володимир,Viyar Bike Team,04:59:52
81,MTB та гібриди 100 км / Чоловіки 1 вікова група,2151,Мінько Олег,,05:00:11
82,MTB та гібриди 100 км / Чоловіки 1 вікова група,2029,Онопрієнко Юрій,,05:10:05
83,MTB та гібриди 100 км / Чоловіки 1 вікова група,2092,Дорожинський Антон,,05:10:05
84,MTB та гібриди 100 км / Чоловіки 1 вікова група,7794,Руслан Ісаєв,,05:17:29
85,MTB та гібриди 100 км / Чоловіки 1 вікова група,7898,Троценко Богдан,Патрульна Поліція,05:17:29
86,MTB та гібриди 100 км / Чоловіки 1 вікова група,2088,Сич Максим,ORESUND,05:28:45
87,MTB та гібриди 100 км / Чоловіки 1 вікова група,7814,Шевчук Ігор,Патрульна поліція,05:44:45
88,MTB та гібриди 100 км / Чоловіки 1 вікова група,2014,Махмудов Самір,,05:46:17
1,MTB та гібриди 100 км / Чоловіки 2 вікова група,7779,Юрій Кресан,,02:30:55
2,MTB та гібриди 100 км / Чоловіки 2 вікова група,7845,Євген Паженець,Escape,02:30:55
3,MTB та гібриди 100 км / Чоловіки 2 вікова група,2089,Дорогих Володимир,,02:41:45
4,MTB та гібриди 100 км / Чоловіки 2 вікова група,2133,Калита Сергій,,02:48:55
5,MTB та гібриди 100 км / Чоловіки 2 вікова група,2012,Власенко Богдан,,02:48:58
6,MTB та гібриди 100 км / Чоловіки 2 вікова група,7811,Григоренко Дмитро,Патрульна поліція,02:50:03
7,MTB та гібриди 100 км / Чоловіки 2 вікова група,2120,Zhurbenko Maksym,,02:51:39
8,MTB та гібриди 100 км / Чоловіки 2 вікова група,7897,Сивобород Юрій,Патрульна поліція,02:56:07
9,MTB та гібриди 100 км / Чоловіки 2 вікова група,2142,Шкурін Богдан,,02:58:27
10,MTB та гібриди 100 км / Чоловіки 2 вікова група,7899,Gavadziuk Pavlo,,03:05:17
11,MTB та гібриди 100 км / Чоловіки 2 вікова група,2135,Фільов Дмитро,,03:09:04
12,MTB та гібриди 100 км / Чоловіки 2 вікова група,2137,Удовенко Олексій,Happy TRI friends,03:09:04
13,MTB та гібриди 100 км / Чоловіки 2 вікова група,7798,Палюх Денис,,03:14:38
14,MTB та гібриди 100 км / Чоловіки 2 вікова група,7787,Крикунов Ігор,,03:16:21
15,MTB та гібриди 100 км / Чоловіки 2 вікова група,7891,Дмитренко Віталій,LAZY PITONS,03:19:50
16,MTB та гібриди 100 км / Чоловіки 2 вікова група,7802,Ліхнер Роман,,03:19:58
17,MTB та гібриди 100 км / Чоловіки 2 вікова група,2083,Нечитайло Роман,ВелоЧужий,03:27:38
18,MTB та гібриди 100 км / Чоловіки 2 вікова група,2174,Сарапійчук Максим,,03:27:42
19,MTB та гібриди 100 км / Чоловіки 2 вікова група,7837,Андрієнко Олександр,KPMG в Україні,03:30:33
20,MTB та гібриди 100 км / Чоловіки 2 вікова група,2018,Максим Гузь,BROVARY CYCLING TEAM,03:33:50
21,MTB та гібриди 100 км / Чоловіки 2 вікова група,2039,Лисенко Сергій,,03:33:58
22,MTB та гібриди 100 км / Чоловіки 2 вікова група,2081,Кузнецов Антон,,03:41:33
23,MTB та гібриди 100 км / Чоловіки 2 вікова група,2121,Rudenko Igor,,03:41:56
24,MTB та гібриди 100 км / Чоловіки 2 вікова група,7878,Porokh Ivan,,03:44:02
25,MTB та гібриди 100 км / Чоловіки 2 вікова група,7819,Гільов Павло,,03:47:43
26,MTB та гібриди 100 км / Чоловіки 2 вікова група,7813,Рева Николай,,03:48:12
27,MTB та гібриди 100 км / Чоловіки 2 вікова група,2070,Гніздіцький Віталій,,03:48:28
28,MTB та гібриди 100 км / Чоловіки 2 вікова група,7877,Вітвіцький Максим,Decathlon team,04:00:10
29,MTB та гібриди 100 км / Чоловіки 2 вікова група,7864,Iванов Степан,,04:00:23
30,MTB та гібриди 100 км / Чоловіки 2 вікова група,7849,Бабакін Сергій,Infopulse,04:00:42
31,MTB та гібриди 100 км / Чоловіки 2 вікова група,7848,Сенько Андрей,,04:01:16
32,MTB та гібриди 100 км / Чоловіки 2 вікова група,7882,Андрушко Євген,Воля,04:01:28
33,MTB та гібриди 100 км / Чоловіки 2 вікова група,2101,Котельніков Андрій,,04:02:01
34,MTB та гібриди 100 км / Чоловіки 2 вікова група,2001,Колісніченко Дмитро,,04:03:45
35,MTB та гібриди 100 км / Чоловіки 2 вікова група,2062,Доброгорський Сергій,,04:06:37
36,MTB та гібриди 100 км / Чоловіки 2 вікова група,7827,Пустовіт Сергій,,04:10:54
37,MTB та гібриди 100 км / Чоловіки 2 вікова група,2115,Пелевін Ігор,,04:11:29
38,MTB та гібриди 100 км / Чоловіки 2 вікова група,7784,Чистяков Антон,,04:22:09
39,MTB та гібриди 100 км / Чоловіки 2 вікова група,2054,Бойченко Євген,,04:24:15
40,MTB та гібриди 100 км / Чоловіки 2 вікова група,7805,Денисов Максим,,04:25:42
41,MTB та гібриди 100 км / Чоловіки 2 вікова група,7793,Кубрак Євген,патрульна поліція,04:31:02
42,MTB та гібриди 100 км / Чоловіки 2 вікова група,7800,Кащук Артем,Патрульна поліція,04:33:01
43,MTB та гібриди 100 км / Чоловіки 2 вікова група,2165,Яремчук Сергій,,04:37:30
44,MTB та гібриди 100 км / Чоловіки 2 вікова група,7782,Юрій Столбовий,,04:42:38
45,MTB та гібриди 100 км / Чоловіки 2 вікова група,7884,Глаговський Сергій,,04:44:57
46,MTB та гібриди 100 км / Чоловіки 2 вікова група,2131,Сенчук Сергій,,04:48:51
47,MTB та гібриди 100 км / Чоловіки 2 вікова група,2032,Троценко Костянтин,,04:48:51
48,MTB та гібриди 100 км / Чоловіки 2 вікова група,2060,Геращенко Олексій,,04:49:26
49,MTB та гібриди 100 км / Чоловіки 2 вікова група,7892,Макеев Данило,LAZY PITONS,04:50:29
50,MTB та гібриди 100 км / Чоловіки 2 вікова група,2118,Родін Сергій,Viyar Bike Team,04:51:07
51,MTB та гібриди 100 км / Чоловіки 2 вікова група,2140,Коваленко Олександр,,04:52:17
52,MTB та гібриди 100 км / Чоловіки 2 вікова група,7850,Чепіков Антон,,05:15:15
53,MTB та гібриди 100 км / Чоловіки 2 вікова група,2143,Горобець Андрій,,05:21:21
54,MTB та гібриди 100 км / Чоловіки 2 вікова група,2080,Лозовенко Юрій,ORESUND,05:26:26
DSQ,MTB та гібриди 100 км / Чоловіки 2 вікова група,7868,Бублик Володимир,,02:17:26
1,MTB та гібриди 100 км / Чоловіки 3 вікова група,2027,Skripka Artem,Brovary Cycling Team,02:40:03
2,MTB та гібриди 100 км / Чоловіки 3 вікова група,2156,Rymarenko Yevhenii,Escape,02:43:56
3,MTB та гібриди 100 км / Чоловіки 3 вікова група,2022,Орлянський Андрій,BROVARY CYCLING TEAM,02:47:33
4,MTB та гібриди 100 км / Чоловіки 3 вікова група,7828,Lykhachov Andrii,,02:52:32
5,MTB та гібриди 100 км / Чоловіки 3 вікова група,2061,Ягодинець Ярослав,,03:00:31
6,MTB та гібриди 100 км / Чоловіки 3 вікова група,2164,Соколов Євген,,03:01:07
7,MTB та гібриди 100 км / Чоловіки 3 вікова група,7832,Лобанчиков Вадим,,03:04:21
8,MTB та гібриди 100 км / Чоловіки 3 вікова група,2025,Савченко Володимир,,03:14:17
9,MTB та гібриди 100 км / Чоловіки 3 вікова група,2119,Онойченко Петро,,03:14:18
10,MTB та гібриди 100 км / Чоловіки 3 вікова група,2132,Кучерявий Юрій,,03:14:43
11,MTB та гібриди 100 км / Чоловіки 3 вікова група,2036,Кощій Сергій,,03:14:50
12,MTB та гібриди 100 км / Чоловіки 3 вікова група,7861,Карачов Костянтин,Velovuyki,03:17:32
13,MTB та гібриди 100 км / Чоловіки 3 вікова група,7869,Сергій Стоянов,,03:19:32
14,MTB та гібриди 100 км / Чоловіки 3 вікова група,2087,Красножон Сергій,,03:19:53
15,MTB та гібриди 100 км / Чоловіки 3 вікова група,2075,Bondarenko Ruslan,,03:20:36
16,MTB та гібриди 100 км / Чоловіки 3 вікова група,7858,Войтенко Віктор,,03:24:26
17,MTB та гібриди 100 км / Чоловіки 3 вікова група,2072,Макаренко Василь,,03:24:41
18,MTB та гібриди 100 км / Чоловіки 3 вікова група,2085,Ванда Дмитро,,03:27:58
19,MTB та гібриди 100 км / Чоловіки 3 вікова група,7862,Борисенко Денис,,03:30:01
20,MTB та гібриди 100 км / Чоловіки 3 вікова група,2053,Лотоцький Ігор,Порше Захід,03:33:31
21,MTB та гібриди 100 км / Чоловіки 3 вікова група,2030,Дмитро Синиця,,03:34:32
22,MTB та гібриди 100 км / Чоловіки 3 вікова група,2084,Прус Денис,,03:36:29
23,MTB та гібриди 100 км / Чоловіки 3 вікова група,2125,Редька Олександр,,03:38:25
24,MTB та гібриди 100 км / Чоловіки 3 вікова група,2163,Кірсанов Олег,,03:38:37
25,MTB та гібриди 100 км / Чоловіки 3 вікова група,2055,Олександр Ігнатович,,03:44:16
26,MTB та гібриди 100 км / Чоловіки 3 вікова група,2091,Васильченко Віталій,,03:57:45
27,MTB та гібриди 100 км / Чоловіки 3 вікова група,2097,Бочкарьов Олександр,,04:04:20
28,MTB та гібриди 100 км / Чоловіки 3 вікова група,2023,Дойков Семен,,04:12:46
29,MTB та гібриди 100 км / Чоловіки 3 вікова група,2009,Лавров Роман,,04:21:00
30,MTB та гібриди 100 км / Чоловіки 3 вікова група,7844,Новіков Андрій,Infopulse,04:27:11
31,MTB та гібриди 100 км / Чоловіки 3 вікова група,7780,Кубрак Андрій,Infopulse,04:27:16
32,MTB та гібриди 100 км / Чоловіки 3 вікова група,7872,Янголь Іван,,04:45:54
33,MTB та гібриди 100 км / Чоловіки 3 вікова група,7901,Овчарук Родіон,,04:48:43
34,MTB та гібриди 100 км / Чоловіки 3 вікова група,2155,Павлюк Андрій,,04:52:58
35,MTB та гібриди 100 км / Чоловіки 3 вікова група,2122,Кучеренко Сергей,,05:18:17
36,MTB та гібриди 100 км / Чоловіки 3 вікова група,2123,Горшунов Денис,,05:18:17
37,MTB та гібриди 100 км / Чоловіки 3 вікова група,7821,Hetmanenko Serhii,Infopulse,05:22:23
1,MTB та гібриди 100 км / Чоловіки 4 вікова група,2102,Бородін Роман,,03:00:31
2,MTB та гібриди 100 км / Чоловіки 4 вікова група,2159,Федін Дмитро,Velovuyki,03:02:03
3,MTB та гібриди 100 км / Чоловіки 4 вікова група,2147,Бригіда Андрій,ONRIDE,03:03:06
4,MTB та гібриди 100 км / Чоловіки 4 вікова група,7812,Баранецький Богдан,,03:05:39
5,MTB та гібриди 100 км / Чоловіки 4 вікова група,2124,Пеньковський Віталій,,03:18:32
6,MTB та гібриди 100 км / Чоловіки 4 вікова група,2007,Фастівський Вадим,,03:26:43
7,MTB та гібриди 100 км / Чоловіки 4 вікова група,2008,Сіунов Сергій,,03:31:42
8,MTB та гібриди 100 км / Чоловіки 4 вікова група,7847,Орел Александр,,03:41:55
9,MTB та гібриди 100 км / Чоловіки 4 вікова група,7825,Шпак Олександр,,03:49:00
10,MTB та гібриди 100 км / Чоловіки 4 вікова група,2035,Олег Щербак,,03:49:57
11,MTB та гібриди 100 км / Чоловіки 4 вікова група,2173,Костенко Сергій,,03:52:18
12,MTB та гібриди 100 км / Чоловіки 4 вікова група,7859,Краснопер Віктор,,03:54:01
13,MTB та гібриди 100 км / Чоловіки 4 вікова група,7826,Погорєлов Тимур,Infopulse,04:02:20
14,MTB та гібриди 100 км / Чоловіки 4 вікова група,2050,Бендас Олександр,,04:12:01
15,MTB та гібриди 100 км / Чоловіки 4 вікова група,2017,Андрій Штань,,04:28:30
16,MTB та гібриди 100 км / Чоловіки 4 вікова група,2108,Галяс Дмитро,,04:31:56
17,MTB та гібриди 100 км / Чоловіки 4 вікова група,2129,Тесленко Эдуард,,04:42:08
18,MTB та гібриди 100 км / Чоловіки 4 вікова група,7896,Княжницький Денис,FitCult Team,05:47:21
1,MTB та гібриди 100 км / Чоловіки 5 вікова група,2134,Хантімєров Віталій,,02:45:51
2,MTB та гібриди 100 км / Чоловіки 5 вікова група,7807,Карабан Олексій,,03:36:59
3,MTB та гібриди 100 км / Чоловіки 5 вікова група,7856,Сандул Ігор,,03:38:03
4,MTB та гібриди 100 км / Чоловіки 5 вікова група,2034,Тарасов Дмитро,,03:39:28
5,MTB та гібриди 100 км / Чоловіки 5 вікова група,2046,Сидоршин Євген,,03:39:55
6,MTB та гібриди 100 км / Чоловіки 5 вікова група,7900,Поляков Руслан,,04:15:42
7,MTB та гібриди 100 км / Чоловіки 5 вікова група,7863,Надточій Євгеній,,04:36:11
8,MTB та гібриди 100 км / Чоловіки 5 вікова група,7852,Зубріцький Євген,Infopulse,05:12:15
1,MTB та гібриди 100 км / Чоловіки 6 вікова група,2099,Безгубенко Андрій,,03:05:13
2,MTB та гібриди 100 км / Чоловіки 6 вікова група,2146,Завадський Ігор,,03:13:40
3,MTB та гібриди 100 км / Чоловіки 6 вікова група,2106,Кухаренко Юрий,,03:21:47
4,MTB та гібриди 100 км / Чоловіки 6 вікова група,2068,Альберт Ковалёв,,03:35:16
5,MTB та гібриди 100 км / Чоловіки 6 вікова група,2042,Повєрєний Эдуард,,03:36:49
6,MTB та гібриди 100 км / Чоловіки 6 вікова група,7840,Попович Сергій,TRAUMEEL,03:46:15
7,MTB та гібриди 100 км / Чоловіки 6 вікова група,2041,Гайдай Сергій,,03:50:50
8,MTB та гібриди 100 км / Чоловіки 6 вікова група,7817,Пастух Сергей,,04:58:06
9,MTB та гібриди 100 км / Чоловіки 6 вікова група,2107,Козуб Максим,,05:13:08
1,MTB та гібриди 100 км / Чоловіки 7 вікова група,7860,Мартинов Олександр,,02:54:17
2,MTB та гібриди 100 км / Чоловіки 7 вікова група,2073,Зубко Александр,,03:13:43
3,MTB та гібриди 100 км / Чоловіки 7 вікова група,2063,Агнаєв Андрій,,03:26:25
4,MTB та гібриди 100 км / Чоловіки 7 вікова група,7873,Сіренко Юрій,,03:28:32
5,MTB та гібриди 100 км / Чоловіки 7 вікова група,7831,Смирнов Олександр,,03:55:19
1,MTB та гібриди 100 км / Чоловіки 9 вікова група,2113,Мединський Василь,,04:25:24
2,MTB та гібриди 100 км / Чоловіки 9 вікова група,4015,Синиця Олександр,,04:47:00
1,Фікси та Сінгл-спід 100 км / від 18 до 39 років,4001,Шатохін Денис,echelon,02:30:31
2,Фікси та Сінгл-спід 100 км / від 18 до 39 років,4010,Плаксенков Олександр,,02:56:17
3,Фікси та Сінгл-спід 100 км / від 18 до 39 років,4006,Гальчук Олександр,IRC,03:07:53
4,Фікси та Сінгл-спід 100 км / від 18 до 39 років,4002,Марчук Дмитро,,03:08:58
5,Фікси та Сінгл-спід 100 км / від 18 до 39 років,4005,Яременко Владислав,,03:09:44
6,Фікси та Сінгл-спід 100 км / від 18 до 39 років,4003,Хомета Петро,,03:24:23
7,Фікси та Сінгл-спід 100 км / від 18 до 39 років,4000,Ковальов Леонід,Marlin Sport Club,03:27:44
8,Фікси та Сінгл-спід 100 км / від 18 до 39 років,4009,Святодух Антон,,03:48:42
9,Фікси та Сінгл-спід 100 км / від 18 до 39 років,4011,Беліменко Сергій,,04:32:18
1,Фікси та Сінгл-спід 100 км / від 40 років,4007,Денисов Євген,,03:06:56
1,Унікальні ровери 100 км / ,3006,Мозареєв Олександр,,03:05:38
2,Унікальні ровери 100 км / ,3000,Шкода Александр,,03:06:03
3,Унікальні ровери 100 км / ,3002,Анохін Юрій,,03:33:29
4,Унікальні ровери 100 км / ,3003,Глоба Павло,,04:17:34
5,Унікальні ровери 100 км / ,3005,Чернега Іван,Щасливі Перці,04:23:09
1,Шосейні та кросові велосипеди 50 км / Жінки 1 вікова група,5082,Наталія Кедис,Cybro Bike,01:35:56
2,Шосейні та кросові велосипеди 50 км / Жінки 1 вікова група,5027,Ренкеу Дарія,,02:07:23
3,Шосейні та кросові велосипеди 50 км / Жінки 1 вікова група,5067,Павленко Олександра,,02:07:37
4,Шосейні та кросові велосипеди 50 км / Жінки 1 вікова група,5053,Кішинець Анна,,02:07:49
5,Шосейні та кросові велосипеди 50 км / Жінки 1 вікова група,5062,Коваленко Олена,Decathlon team,02:40:06
6,Шосейні та кросові велосипеди 50 км / Жінки 1 вікова група,5052,Кравченко Людмила,,02:45:08
7,Шосейні та кросові велосипеди 50 км / Жінки 1 вікова група,5076,Драган Діана,JDE sportsmens,03:11:22
DSQ,Шосейні та кросові велосипеди 50 км / Жінки 1 вікова група,5029,Бубела Ольга,,02:09:57
1,Шосейні та кросові велосипеди 50 км / Жінки 2 вікова група,5080,Комарова Вікторія,,01:37:19
2,Шосейні та кросові велосипеди 50 км / Жінки 2 вікова група,1586,Гордієнко Ольга,,01:57:33
3,Шосейні та кросові велосипеди 50 км / Жінки 2 вікова група,5092,Заїка Оксана,,02:16:05
4,Шосейні та кросові велосипеди 50 км / Жінки 2 вікова група,5073,Ющик Олена,,02:24:35
5,Шосейні та кросові велосипеди 50 км / Жінки 2 вікова група,5069,Шаванова Наталія,,02:34:11
6,Шосейні та кросові велосипеди 50 км / Жінки 2 вікова група,5083,Віжунова Анна,,03:56:33
1,Шосейні та кросові велосипеди 50 км / Жінки 3 вікова група,7007,Травінська Тамара,,01:52:56
1,Шосейні та кросові велосипеди 50 км / ,5022,Шкурко Артем,,01:41:34
1,Шосейні та кросові велосипеди 50 км / Чоловіки 1 вікова група,5043,Hloza Vitalii,,01:23:51
2,Шосейні та кросові велосипеди 50 км / Чоловіки 1 вікова група,5059,Колесніченко Тарас,,01:24:49
3,Шосейні та кросові велосипеди 50 км / Чоловіки 1 вікова група,5038,Чернобай Ігор,,01:24:50
4,Шосейні та кросові велосипеди 50 км / Чоловіки 1 вікова група,5063,Сулим Дмитро,,01:28:46
5,Шосейні та кросові велосипеди 50 км / Чоловіки 1 вікова група,5094,Боркін Ігор,,01:29:16
6,Шосейні та кросові велосипеди 50 км / Чоловіки 1 вікова група,5050,Божежа Олександр,,01:29:16
7,Шосейні та кросові велосипеди 50 км / Чоловіки 1 вікова група,5030,Lishchuk Dmytro,Tabula Rasa,01:32:09
8,Шосейні та кросові велосипеди 50 км / Чоловіки 1 вікова група,5075,Гуль Віталій,,01:35:51
9,Шосейні та кросові велосипеди 50 км / Чоловіки 1 вікова група,5049,Іващенко Сергій,,01:39:45
10,Шосейні та кросові велосипеди 50 км / Чоловіки 1 вікова група,5007,Лемешко Максим,,01:40:34
11,Шосейні та кросові велосипеди 50 км / Чоловіки 1 вікова група,5046,Горбань Віталій,,01:42:05
12,Шосейні та кросові велосипеди 50 км / Чоловіки 1 вікова група,5018,Яковлєв Артем,,01:44:26
13,Шосейні та кросові велосипеди 50 км / Чоловіки 1 вікова група,5016,Мамчик Адвокат,,01:46:27
14,Шосейні та кросові велосипеди 50 км / Чоловіки 1 вікова група,5037,Арсланалієв Артур,,01:48:02
15,Шосейні та кросові велосипеди 50 км / Чоловіки 1 вікова група,5012,Пірогов Сергій,,01:49:04
16,Шосейні та кросові велосипеди 50 км / Чоловіки 1 вікова група,5084,Клименко Олександр,,01:49:45
17,Шосейні та кросові велосипеди 50 км / Чоловіки 1 вікова група,5033,Sushko Dmytro,,01:52:11
18,Шосейні та кросові велосипеди 50 км / Чоловіки 1 вікова група,5014,Брижко Олександр,,01:54:11
19,Шосейні та кросові велосипеди 50 км / Чоловіки 1 вікова група,5047,Машара Дмитро,,01:55:21
20,Шосейні та кросові велосипеди 50 км / Чоловіки 1 вікова група,5024,Антоненко Андрій,,01:59:51
21,Шосейні та кросові велосипеди 50 км / Чоловіки 1 вікова група,5032,Мещерський Костянтин,,02:01:31
22,Шосейні та кросові велосипеди 50 км / Чоловіки 1 вікова група,5066,Пащенко Олександр,,02:02:26
23,Шосейні та кросові велосипеди 50 км / Чоловіки 1 вікова група,5068,Клименко Андрій,,02:03:23
24,Шосейні та кросові велосипеди 50 км / Чоловіки 1 вікова група,5056,Василенко Денис,KPMG в Україні,02:03:37
25,Шосейні та кросові велосипеди 50 км / Чоловіки 1 вікова група,5026,Лисюк Олексій,Smart Team,02:07:11
26,Шосейні та кросові велосипеди 50 км / Чоловіки 1 вікова група,5081,Кондратенко Олександр,LAZY PITONS,02:07:29
27,Шосейні та кросові велосипеди 50 км / Чоловіки 1 вікова група,5000,Муха Юрій,,02:12:34
28,Шосейні та кросові велосипеди 50 км / Чоловіки 1 вікова група,5054,Shatilo Nikolay,Infopulse,02:15:56
29,Шосейні та кросові велосипеди 50 км / Чоловіки 1 вікова група,5048,Чугункін Андрій,,02:17:24
30,Шосейні та кросові велосипеди 50 км / Чоловіки 1 вікова група,5071,Антончик Олексій,,02:21:52
31,Шосейні та кросові велосипеди 50 км / Чоловіки 1 вікова група,5045,Говорун Євген,,02:28:18
32,Шосейні та кросові велосипеди 50 км / Чоловіки 1 вікова група,5090,Удод-Туткевич Євгеній,,02:29:10
33,Шосейні та кросові велосипеди 50 км / Чоловіки 1 вікова група,5044,Родін Віктор,,02:29:20
34,Шосейні та кросові велосипеди 50 км / Чоловіки 1 вікова група,5061,Морозов Володимир,,02:29:26
35,Шосейні та кросові велосипеди 50 км / Чоловіки 1 вікова група,5042,Краевский Никита,Cyclurity,02:38:31
36,Шосейні та кросові велосипеди 50 км / Чоловіки 1 вікова група,5041,Папаря Денис,Cyclurity,02:39:17
37,Шосейні та кросові велосипеди 50 км / Чоловіки 1 вікова група,5051,Щурук Олександр,,02:44:25
1,Шосейні та кросові велосипеди 50 км / Чоловіки 2 вікова група,5021,Карпенко Анатолий,Cadence 90 Cycling Club,01:24:11
2,Шосейні та кросові велосипеди 50 км / Чоловіки 2 вікова група,5020,Шкурко Юрій,,01:33:04
3,Шосейні та кросові велосипеди 50 км / Чоловіки 2 вікова група,5008,Черевко Юрій,Індустрія Київ,01:33:19
4,Шосейні та кросові велосипеди 50 км / Чоловіки 2 вікова група,5023,Покрепа Максим,Cherry Sport Club,01:34:50
5,Шосейні та кросові велосипеди 50 км / Чоловіки 2 вікова група,5031,Tsap Mykola,,01:37:04
6,Шосейні та кросові велосипеди 50 км / Чоловіки 2 вікова група,5060,Юрінов Дмитро,,01:38:10
7,Шосейні та кросові велосипеди 50 км / Чоловіки 2 вікова група,5070,Simkovskyi Denys,,01:38:17
8,Шосейні та кросові велосипеди 50 км / Чоловіки 2 вікова група,5015,Єрьоменко Ігор,,01:39:23
9,Шосейні та кросові велосипеди 50 км / Чоловіки 2 вікова група,5079,Савченко Сергій,,01:39:55
10,Шосейні та кросові велосипеди 50 км / Чоловіки 2 вікова група,5002,Борисенко Данило,,01:41:07
11,Шосейні та кросові велосипеди 50 км / Чоловіки 2 вікова група,5035,Вареник Юрій,,01:43:40
12,Шосейні та кросові велосипеди 50 км / Чоловіки 2 вікова група,5034,Онищенко Олексій,,01:44:56
13,Шосейні та кросові велосипеди 50 км / Чоловіки 2 вікова група,5093,Мурованський Гліб,,01:45:07
14,Шосейні та кросові велосипеди 50 км / Чоловіки 2 вікова група,5055,Янковський Олексій,KPMG в Україні,01:46:05
15,Шосейні та кросові велосипеди 50 км / Чоловіки 2 вікова група,5078,Іщенко Степан,,01:47:52
16,Шосейні та кросові велосипеди 50 км / Чоловіки 2 вікова група,5028,Лунёв Андрей,,01:52:58
17,Шосейні та кросові велосипеди 50 км / Чоловіки 2 вікова група,5003,Півень Володимир,,01:55:24
18,Шосейні та кросові велосипеди 50 км / Чоловіки 2 вікова група,5019,Кононір Андрій,,01:55:26
19,Шосейні та кросові велосипеди 50 км / Чоловіки 2 вікова група,5010,Цыбульский Александр,,01:56:50
20,Шосейні та кросові велосипеди 50 км / Чоловіки 2 вікова група,5025,DANILOV SERGII,,01:56:53
21,Шосейні та кросові велосипеди 50 км / Чоловіки 2 вікова група,5065,Канюка Аркадий,Infopulse,02:12:50
22,Шосейні та кросові велосипеди 50 км / Чоловіки 2 вікова група,5009,Хлопенюк Віктор,,02:22:07
23,Шосейні та кросові велосипеди 50 км / Чоловіки 2 вікова група,5091,Ковальов Вадим,,02:23:42
24,Шосейні та кросові велосипеди 50 км / Чоловіки 2 вікова група,5074,Ющик Олександр,,02:24:52
25,Шосейні та кросові велосипеди 50 км / Чоловіки 2 вікова група,5077,Кучер Леонид,JDE sportsmens,03:56:34
26,Шосейні та кросові велосипеди 50 км / Чоловіки 2 вікова група,1545,Антон Шаванов,,04:39:59
DSQ,Шосейні та кросові велосипеди 50 км / Чоловіки 2 вікова група,5001,Мікунов Андрій,,01:32:03
DSQ,Шосейні та кросові велосипеди 50 км / Чоловіки 2 вікова група,5004,Пионтковский Дмитрий,,01:33:02
DSQ,Шосейні та кросові велосипеди 50 км / Чоловіки 2 вікова група,5036,Марченко Олександр,,01:36:21
1,Шосейні та кросові велосипеди 50 км / Чоловіки 3 вікова група,5086,Козленко Игорь,,01:52:21
2,Шосейні та кросові велосипеди 50 км / Чоловіки 3 вікова група,7008,Маркелов Юрій,,01:52:55
1,MTB та гібриди 50 км / Жінки 1 вікова група,6009,Новак Ольга,,01:48:46
2,MTB та гібриди 50 км / Жінки 1 вікова група,6035,Поліщук Ірина,,01:56:46
3,MTB та гібриди 50 км / Жінки 1 вікова група,6143,Хандожко Дарʼя,Decathlon team,02:02:40
4,MTB та гібриди 50 км / Жінки 1 вікова група,6033,Соколовська Вікторія,,02:03:35
5,MTB та гібриди 50 км / Жінки 1 вікова група,6027,Корда Олена,,02:08:04
6,MTB та гібриди 50 км / Жінки 1 вікова група,6013,Абдурашитова Олександра,,02:17:59
7,MTB та гібриди 50 км / Жінки 1 вікова група,6049,Литвиненко Юлія,,02:18:22
8,MTB та гібриди 50 км / Жінки 1 вікова група,6141,Шишка Оксана,,02:21:59
9,MTB та гібриди 50 км / Жінки 1 вікова група,6104,Мулярчук Марія,,02:22:19
10,MTB та гібриди 50 км / Жінки 1 вікова група,6047,Ніколіна Анастасія,,02:22:22
11,MTB та гібриди 50 км / Жінки 1 вікова група,6093,Даниленко Анна,,02:24:01
12,MTB та гібриди 50 км / Жінки 1 вікова група,6079,Деркач Юлія,,02:28:47
13,MTB та гібриди 50 км / Жінки 1 вікова група,6111,Гарасюта Алла,,02:29:23
14,MTB та гібриди 50 км / Жінки 1 вікова група,6055,Хрустальова Лілія,,02:31:43
15,MTB та гібриди 50 км / Жінки 1 вікова група,6121,Оксана Ланчинська,Фармак,02:34:43
16,MTB та гібриди 50 км / Жінки 1 вікова група,6090,Popovych Iryna,TRAUMEEL,02:34:52
17,MTB та гібриди 50 км / Жінки 1 вікова група,6096,Гирявець Юлія,,02:41:04
18,MTB та гібриди 50 км / Жінки 1 вікова група,6072,Вишпольська Ганна,,02:41:25
19,MTB та гібриди 50 км / Жінки 1 вікова група,6115,Катерина Дякун,Фармак,02:50:17
20,MTB та гібриди 50 км / Жінки 1 вікова група,6118,Альона Хомюк,Фармак,02:50:41
21,MTB та гібриди 50 км / Жінки 1 вікова група,7906,Локарєва Дарія,TEAM EXIM,02:54:25
22,MTB та гібриди 50 км / Жінки 1 вікова група,6020,Бондаренко Олена,,02:56:39
23,MTB та гібриди 50 км / Жінки 1 вікова група,6029,Бойко Аліна,,02:59:35
24,MTB та гібриди 50 км / Жінки 1 вікова група,6089,Герасимець Сусанна,KPMG в Україні,03:02:09
25,MTB та гібриди 50 км / Жінки 1 вікова група,6123,Федоренко Ніна,,03:14:37
26,MTB та гібриди 50 км / Жінки 1 вікова група,6071,Данилейко Ганна,Akunamakaka,03:20:56
1,MTB та гібриди 50 км / Жінки 2 вікова група,6026,Бойко Людмила,,02:18:54
2,MTB та гібриди 50 км / Жінки 2 вікова група,6140,Бернацька Віта,Velovuyki,02:20:46
3,MTB та гібриди 50 км / Жінки 2 вікова група,6086,Коднянська Катерина,,02:28:20
4,MTB та гібриди 50 км / Жінки 2 вікова група,6082,Соловей Тамара,Три Соловʼя,02:30:58
5,MTB та гібриди 50 км / Жінки 2 вікова група,6048,Ліва Ірина,,02:31:18
6,MTB та гібриди 50 км / Жінки 2 вікова група,6006,Клецкова Тетяна,,02:33:53
7,MTB та гібриди 50 км / Жінки 2 вікова група,6022,Світлана Островська,,02:45:41
8,MTB та гібриди 50 км / Жінки 2 вікова група,6002,Нагорняк Нелля,,02:53:12
9,MTB та гібриди 50 км / Жінки 2 вікова група,6037,Шен Лариса,,03:01:29
10,MTB та гібриди 50 км / Жінки 2 вікова група,6000,Стунгур Олена,,03:08:16
1,MTB та гібриди 50 км / Жінки 3 вікова група,6003,Доценко Тамара,,02:48:45
1,MTB та гібриди 50 км / Чоловіки 1 вікова група,6125,Плосконос Юрій,,01:31:44
2,MTB та гібриди 50 км / Чоловіки 1 вікова група,6058,Олександр Андрійчук,,01:35:12
3,MTB та гібриди 50 км / Чоловіки 1 вікова група,6126,Бондаренко Олександр,,01:35:33
4,MTB та гібриди 50 км / Чоловіки 1 вікова група,6107,Спаський Борис,,01:40:53
5,MTB та гібриди 50 км / Чоловіки 1 вікова група,6074,Павловський Андрій,,01:46:13
6,MTB та гібриди 50 км / Чоловіки 1 вікова група,6034,Поліщук Дмитро,,01:48:00
7,MTB та гібриди 50 км / Чоловіки 1 вікова група,6045,Москальков Антон,,01:50:34
8,MTB та гібриди 50 км / Чоловіки 1 вікова група,6021,Бурко Роман,,01:51:56
9,MTB та гібриди 50 км / Чоловіки 1 вікова група,6129,Рижков Олексій,KPMG в Україні,01:53:36
10,MTB та гібриди 50 км / Чоловіки 1 вікова група,6128,Романченко Дмитрий,,01:54:13
11,MTB та гібриди 50 км / Чоловіки 1 вікова група,6083,Каращук Олександр,,01:56:14
12,MTB та гібриди 50 км / Чоловіки 1 вікова група,6040,Рибальченко Євгеній,,01:59:41
13,MTB та гібриди 50 км / Чоловіки 1 вікова група,6078,Дудар Вячеслав,,02:01:33
14,MTB та гібриди 50 км / Чоловіки 1 вікова група,6005,Muskeyev Anton,,02:02:22
15,MTB та гібриди 50 км / Чоловіки 1 вікова група,6092,Білик Андрій,"We ride, we feast we ride again",02:02:42
16,MTB та гібриди 50 км / Чоловіки 1 вікова група,6039,Тичков Костя,,02:03:35
17,MTB та гібриди 50 км / Чоловіки 1 вікова група,6056,Воронцов Сергій,,02:03:38
18,MTB та гібриди 50 км / Чоловіки 1 вікова група,6012,Галілейський Ілля,MilkyWayTrialAcademy,02:05:24
19,MTB та гібриди 50 км / Чоловіки 1 вікова група,6038,Чуб Дмитро,ProTeam Ukraine,02:06:28
20,MTB та гібриди 50 км / Чоловіки 1 вікова група,6132,Ізотов Гліб,,02:06:58
21,MTB та гібриди 50 км / Чоловіки 1 вікова група,6024,Оксьоненко Роман,,02:07:52
22,MTB та гібриди 50 км / Чоловіки 1 вікова група,6122,Семенов Олексій,,02:14:39
23,MTB та гібриди 50 км / Чоловіки 1 вікова група,6075,Скляренко Олексій,,02:16:35
24,MTB та гібриди 50 км / Чоловіки 1 вікова група,6120,Олег Макарук,Фармак,02:17:13
25,MTB та гібриди 50 км / Чоловіки 1 вікова група,6105,Severin Ivan,,02:17:19
26,MTB та гібриди 50 км / Чоловіки 1 вікова група,6101,Агарков Геннадій,,02:18:32
27,MTB та гібриди 50 км / Чоловіки 1 вікова група,6112,Грищук Андрій,KPMG в Україні,02:19:25
28,MTB та гібриди 50 км / Чоловіки 1 вікова група,6011,Пшеничний Антон,,02:20:40
29,MTB та гібриди 50 км / Чоловіки 1 вікова група,6064,Кравченко Іван,,02:21:23
30,MTB та гібриди 50 км / Чоловіки 1 вікова група,6023,Седлецький Денис,,02:21:42
31,MTB та гібриди 50 км / Чоловіки 1 вікова група,6087,Кіхай Максим,Фармак,02:22:50
32,MTB та гібриди 50 км / Чоловіки 1 вікова група,6080,Галадій Микола,Патрульна поліція,02:26:39
33,MTB та гібриди 50 км / Чоловіки 1 вікова група,6106,Кондратович Максим,Velovuyki,02:28:20
34,MTB та гібриди 50 км / Чоловіки 1 вікова група,6110,Кладочний Володимир,,02:29:23
35,MTB та гібриди 50 км / Чоловіки 1 вікова група,6103,Колобейчук Василь,,02:31:57
36,MTB та гібриди 50 км / Чоловіки 1 вікова група,6043,Цаплій Євген,,02:34:41
37,MTB та гібриди 50 км / Чоловіки 1 вікова група,6144,Горшунов Ростислав,,02:34:49
38,MTB та гібриди 50 км / Чоловіки 1 вікова група,6127,Ткачук Владислав,Cyclurity,02:37:09
39,MTB та гібриди 50 км / Чоловіки 1 вікова група,6095,Івашин Кирил,,02:38:37
40,MTB та гібриди 50 км / Чоловіки 1 вікова група,6102,Стеценко Данило,Infopulse,02:38:38
41,MTB та гібриди 50 км / Чоловіки 1 вікова група,6131,Гайдей Кирило,,02:39:37
42,MTB та гібриди 50 км / Чоловіки 1 вікова група,6061,Міщенко Олексій,Патрульна поліція,02:40:03
43,MTB та гібриди 50 км / Чоловіки 1 вікова група,6062,Рибалкін Артем,,02:40:11
44,MTB та гібриди 50 км / Чоловіки 1 вікова група,6088,Потапенко Євгеній,KPMG в Україні,02:41:54
45,MTB та гібриди 50 км / Чоловіки 1 вікова група,2127,Лавров Артур,VeloBro,02:43:28
46,MTB та гібриди 50 км / Чоловіки 1 вікова група,6116,Володимир Романюк,Фармак,02:43:32
47,MTB та гібриди 50 км / Чоловіки 1 вікова група,6134,Гупало Володимир,,02:54:07
48,MTB та гібриди 50 км / Чоловіки 1 вікова група,6069,Кравцов Дмитро,Akunamakaka,03:15:35
49,MTB та гібриди 50 км / Чоловіки 1 вікова група,6142,Левадний Віктор,lifecycle,03:20:55
50,MTB та гібриди 50 км / Чоловіки 1 вікова група,6070,Старченков Максим,Аkunamakaka,03:30:12
51,MTB та гібриди 50 км / Чоловіки 1 вікова група,6068,Баранов Олександр,,03:37:58
DSQ,MTB та гібриди 50 км / Чоловіки 1 вікова група,6059,Марченко Єгор,,01:36:21
1,MTB та гібриди 50 км / Чоловіки 2 вікова група,6091,Чорнобай Геннадій,,01:38:11
2,MTB та гібриди 50 км / Чоловіки 2 вікова група,6146,Безмін Ігор,BRG,01:44:13
3,MTB та гібриди 50 км / Чоловіки 2 вікова група,6067,Бєляєв Володимир,,01:44:44
4,MTB та гібриди 50 км / Чоловіки 2 вікова група,6077,Чемер Вадим,,01:46:01
5,MTB та гібриди 50 км / Чоловіки 2 вікова група,6113,Карпенко Юрій,,01:52:45
6,MTB та гібриди 50 км / Чоловіки 2 вікова група,6030,Рудковський Андрій,,01:57:35
7,MTB та гібриди 50 км / Чоловіки 2 вікова група,6100,Каращук Микола,,01:59:02
8,MTB та гібриди 50 км / Чоловіки 2 вікова група,6130,Гордієнко Ярослав,,01:59:03
9,MTB та гібриди 50 км / Чоловіки 2 вікова група,6133,Шиндирук Сергій,,01:59:13
10,MTB та гібриди 50 км / Чоловіки 2 вікова група,6109,Соловей Микола,,02:03:27
11,MTB та гібриди 50 км / Чоловіки 2 вікова група,6084,Ананьєвський Максим,,02:04:18
12,MTB та гібриди 50 км / Чоловіки 2 вікова група,6042,Маслюк Микола,,02:11:27
13,MTB та гібриди 50 км / Чоловіки 2 вікова група,6076,Поміновський Андрій,Velovuyki,02:12:57
14,MTB та гібриди 50 км / Чоловіки 2 вікова група,5006,Радченко Сергій,,02:16:08
15,MTB та гібриди 50 км / Чоловіки 2 вікова група,6016,Соловей Дмитро,,02:16:12
16,MTB та гібриди 50 км / Чоловіки 2 вікова група,6097,Атаманчук Олексій,,02:18:54
17,MTB та гібриди 50 км / Чоловіки 2 вікова група,6025,Книшов Денис,,02:20:50
18,MTB та гібриди 50 км / Чоловіки 2 вікова група,6119,Юрій Максимюк,Фармак,02:24:39
19,MTB та гібриди 50 км / Чоловіки 2 вікова група,6004,Божежа Дмитро,,02:24:57
20,MTB та гібриди 50 км / Чоловіки 2 вікова група,6031,Дзвонецький Андрій,,02:26:20
21,MTB та гібриди 50 км / Чоловіки 2 вікова група,6017,Буднік Ігор,,02:26:21
22,MTB та гібриди 50 км / Чоловіки 2 вікова група,6046,Бригардін Олександр,,02:30:31
23,MTB та гібриди 50 км / Чоловіки 2 вікова група,6054,Magomedov Oleksii,,02:31:44
24,MTB та гібриди 50 км / Чоловіки 2 вікова група,6007,Балан Віталій,AUTHOR TEAM,02:32:01
25,MTB та гібриди 50 км / Чоловіки 2 вікова група,6124,Могулько Володимир,,02:33:12
26,MTB та гібриди 50 км / Чоловіки 2 вікова група,6044,Цегельнюк Максим,,02:34:41
27,MTB та гібриди 50 км / Чоловіки 2 вікова група,6073,Чегусов Анатолій,,02:34:42
28,MTB та гібриди 50 км / Чоловіки 2 вікова група,6008,Гамаля Михайло,,02:41:37
29,MTB та гібриди 50 км / Чоловіки 2 вікова група,6036,Пархоменко Олексій,,03:01:16
1,MTB та гібриди 50 км / Чоловіки 3 вікова група,6145,Житний Євген,,02:36:35
2,MTB та гібриди 50 км / Чоловіки 3 вікова група,6010,Степанюк Петро,AUTHOR TEAM,02:41:37
1,Унікальні ровери 50 км / Жінки 1 вікова група,7004,Rozhynska Anastasiia,,03:20:55
1,Унікальні ровери 50 км / Чоловіки 2 вікова група,7001,Ковтун Микола,,03:27:39
2,Унікальні ровери 50 км / Чоловіки 2 вікова група,7002,Хворостенко Олексій,,03:27:40
