Категорія,Місце,№,Атлет,Стать,Вік,Місто,Клуб,Команда,Gap,Результат
PRO - 100км Чоловіки,1,199,Виталий Новаковский,Ч,24,,,Eurocar GRAWE Ukraine,,2:13:45
PRO - 100км Чоловіки,2,202,Олександр Полівода,Ч,34,,Спорт Юнит,,,2:15:23
PRO - 100км Чоловіки,3,201,Erkan Güngör,Ч,21,,,,,2:15:24
PRO - 100км Чоловіки,4,187,Andriy Vasylyuk,Ч,34,,BFCC,BFCC,,2:16:51
Категорія Sport - 100км Чоловіки,1,203,Мустафа Озюнал,Ч,40,,BFCC,BFCC,,2:15:23
Категорія Sport - 100км Чоловіки,2,186,Yevhen Filin,Ч,31,,BFCC,BFCC,,2:15:23
Категорія Sport - 100км Чоловіки,3,188,Борис Бакуринський,Ч,35,,Eurocar GRAWE Ukraine,Eurocar GRAWE Ukraine,,2:15:23
Категорія Sport - 100км Чоловіки,4,165,Тарас Дубинець,Ч,44,,Dnepr Masters,,,2:15:24
Категорія Sport - 100км Чоловіки,5,152,Dmitry Kovalenko,Ч,30,,Cadence90,Velobazar-Cadence90,,2:15:25
Категорія Sport - 100км Чоловіки,6,204,Дмитрий Филин,Ч,53,,BFCC,BFCC,,2:15:28
Категорія Sport - 100км Чоловіки,7,216,Антон Фурсов,Ч,35,,,BFCC,,2:16:50
Категорія Sport - 100км Чоловіки,8,215,Воловод Дмитро,Ч,29,,Sigma Software - Unicorn,Sigma Software - Unicorn,,2:17:00
Категорія Sport - 100км Чоловіки,9,172,Яценко Владимир,Ч,46,,,Eurocar GRAWE Ukraine,,2:17:01
Категорія Sport - 100км Чоловіки,10,111,Андрій Скорий,Ч,37,,BFCC,BFCC,,2:17:01
Категорія Sport - 100км Чоловіки,11,158,Дмитро Петров,Ч,35,,echelon,echelon,,2:17:02
Категорія Sport - 100км Чоловіки,12,222,Микола Карапась,Ч,33,,Eurocar GRAWE Ukraine,Eurocar Grawe Ukraine,,2:17:02
Категорія Sport - 100км Чоловіки,13,1160,Вадим Кривошеев,Ч,39,,BFCC,,,2:17:02
Категорія Sport - 100км Чоловіки,14,131,Роман Завада,Ч,47,,Leader Citron Team,Leader Citron Team,,2:17:02
Категорія Sport - 100км Чоловіки,15,210,Дмитрий Попов,Ч,31,,Bike Family cycling club,BFCC,,2:17:03
Категорія Sport - 100км Чоловіки,16,164,Артем Орлов,Ч,30,,BFCC,BFCC,,2:17:05
Категорія Sport - 100км Чоловіки,17,124,Гарбар Костянтин,Ч,27,,VeloGO Kyiv Cycling Team,VeloGO Kyiv Cycling Team,,2:17:06
Категорія Sport - 100км Чоловіки,18,102,Artem Parashchenko,Ч,32,,Velobazar-Cadence90,,,2:17:14
Категорія Sport - 100км Чоловіки,19,168,Андрей Махно,Ч,45,,Eurocar GRAWE Ukraine,Eurocar GRAWE Ukraine,,2:17:16
Категорія Sport - 100км Чоловіки,20,146,Oleksandr Nahornyi,Ч,35,,Sigma Software - Unicorn,Sigma Software - Unicorn,,2:18:13
Категорія Sport - 100км Чоловіки,21,118,Костянтин Денека,Ч,38,,,,,2:19:23
Категорія Sport - 100км Чоловіки,22,238,Дмитро Лахтадир,Ч,33,,Cadence90,Velobazar-Cadence90,,2:22:35
Категорія Sport - 100км Чоловіки,23,189,Андрій Козаченко,Ч,51,,,VeloGO Kyiv Cycling Team,,2:22:35
Категорія Sport - 100км Чоловіки,24,206,Володимир Тітенко,Ч,54,,BFCC,BFCC,,2:22:36
Категорія Sport - 100км Чоловіки,25,217,Олександр Грушецький,Ч,50,,Eurocar GRAWE Ukraine,Eurocar GRAWE Ukraine,,2:22:36
Категорія Sport - 100км Чоловіки,26,159,Богдан Чорноус,Ч,31,,echelon,echelon,,2:24:20
Категорія Sport - 100км Чоловіки,27,207,Лев Романець,Ч,46,,epiq,epiq,,2:24:59
Категорія Sport - 100км Чоловіки,28,231,Ілля Клімов,Ч,21,,Eurocar GRAWE Ukraine,Eurocar GRAWE Ukraine,,2:25:04
Категорія Sport - 100км Чоловіки,29,133,Анатолий Карпенко,Ч,52,,Cadence-90,,,2:25:05
Категорія Sport - 100км Чоловіки,30,163,Евгений Шивиков,Ч,42,,Dnepr Masters,Dnepr Masters,,2:26:35
Категорія Sport - 100км Чоловіки,31,193,Oleksandr Vasylevskyi,Ч,29,,Sigma Software - Unicorn,Sigma Software - Unicorn,,2:26:36
Категорія Sport - 100км Чоловіки,32,233,Андрій Шамардін,Ч,40,,VeloOnline,VeloOnline,,2:26:37
Категорія Sport - 100км Чоловіки,33,136,Олексій Кононенко,Ч,38,,Volya Spurt,,,2:26:38
Категорія Sport - 100км Чоловіки,34,109,Максим Тимощук,Ч,35,,Pridebikes,,,2:26:38
Категорія Sport - 100км Чоловіки,35,225,Олександр Кузьменко,Ч,60,,Dnepr Masters,,,2:26:43
Категорія Sport - 100км Чоловіки,36,223,Антон Бабенко,Ч,38,,,Velobazar-Cadence90,,2:26:44
Категорія Sport - 100км Чоловіки,37,9082,Максим Чемерис,Ч,35,,Polaris,,,2:27:25
Категорія Sport - 100км Чоловіки,38,157,Олег Погорілий,Ч,29,,Digicom Cycling Team,,,2:27:27
Категорія Sport - 100км Чоловіки,39,153,Ігор Іванченко,Ч,32,,Digicom,,,2:27:28
Категорія Sport - 100км Чоловіки,40,177,Олексій Стах,Ч,28,,echelon,echelon,,2:27:29
Категорія Sport - 100км Чоловіки,41,128,Олександр Лактіонов,Ч,58,,,digicom cycling team,,2:27:29
Категорія Sport - 100км Чоловіки,42,147,Віктор Шевельов,Ч,66,,,,,2:27:29
Категорія Sport - 100км Чоловіки,43,174,Олексій Іванюк,Ч,30,,Velobazar-Cadence90,,,2:27:30
Категорія Sport - 100км Чоловіки,44,144,Костянтин Павловський,Ч,65,,ZP SICH,ZP SICH,,2:27:30
Категорія Sport - 100км Чоловіки,45,106,Валеі Цупрун,Ч,49,,In Velo Veritas,,,2:27:32
Категорія Sport - 100км Чоловіки,46,170,Vitaliy Cherniakov,Ч,40,,,,,2:27:32
Категорія Sport - 100км Чоловіки,47,114,Микола Лазебний,Ч,37,,,,,2:27:33
Категорія Sport - 100км Чоловіки,48,190,Данило Притченко,Ч,33,,,,,2:27:33
Категорія Sport - 100км Чоловіки,49,194,Шпортун Євгеній,Ч,19,,,,,2:29:15
Категорія Sport - 100км Чоловіки,50,180,Андрій Чеботарьов,Ч,35,,SWCC,SWCC,,2:29:57
Категорія Sport - 100км Чоловіки,51,169,Дмитро Сердюк,Ч,34,,SWCC,SWCC,,2:29:58
Категорія Sport - 100км Чоловіки,52,115,Олександр Стефуранчин,Ч,40,,VinRC,VinRC,,2:32:43
Категорія Sport - 100км Чоловіки,53,195,Станіслав Тітаренко,Ч,68,,Kharkiv Masters,Kharkiv Masters,,2:34:54
Категорія Sport - 100км Чоловіки,54,178,Oleh Pastushchyn,Ч,56,,Ternopil golden wheels,Ternopil golden wheels,,2:34:55
Категорія Sport - 100км Чоловіки,55,198,Олександр Тимченко,Ч,52,,,,,2:34:59
Категорія Sport - 100км Чоловіки,56,219,Maksym Titov,Ч,34,,Arcadia,Arcadia,,2:35:00
Категорія Sport - 100км Чоловіки,57,137,Андрій Курдій,Ч,40,,LittleBigCycling,LittleBigCycling,,2:35:01
Категорія Sport - 100км Чоловіки,58,117,Дмитрий Пионтковский,Ч,51,,,,,2:35:03
Категорія Sport - 100км Чоловіки,59,166,Костюк Микола,Ч,38,,Chernihiv Cycling Club,Chernihiv Cycling Club,,2:35:04
Категорія Sport - 100км Чоловіки,60,129,Сергій Верман,Ч,40,,,,,2:35:07
Категорія Sport - 100км Чоловіки,61,121,Андрій Осадчий,Ч,42,,SIGMA SOFTWARE – UNICORN,SIGMA SOFTWARE – UNICORN,,2:35:22
Категорія Sport - 100км Чоловіки,62,173,Сергій Аржанов,Ч,60,,Sigma Software - Unicorn,Sigma Software - Unicorn,,2:36:01
Категорія Sport - 100км Чоловіки,63,161,Євген Троценко,Ч,41,,Lenovo Team,,,2:37:59
Категорія Sport - 100км Чоловіки,64,205,Евгений Рязанов,Ч,36,,,,,2:38:25
Категорія Sport - 100км Чоловіки,65,132,Oleksii Yanovskyi,Ч,53,,Makeba,,,2:38:29
Категорія Sport - 100км Чоловіки,66,156,Vitalii Kovalenko,Ч,54,,Sigma Software-Unicorn,,,2:42:59
Категорія Sport - 100км Чоловіки,67,162,Махді Аміні,Ч,45,,CADENCE90,Velobazar-Cadence90,,2:42:59
Категорія Sport - 100км Чоловіки,68,171,Ілля Аржановський,Ч,28,,,,,2:44:14
Категорія Sport - 100км Чоловіки,69,211,Святослав Шурупов,Ч,54,,BFCC,BFCC,,2:44:29
Категорія Sport - 100км Чоловіки,70,208,Петро Куценко,Ч,52,,,,,2:44:53
Категорія Sport - 100км Чоловіки,71,197,Олексій Касьянов,Ч,29,,Eurocar GRAWE Ukraine,Eurocar GRAWE Ukraine,,2:45:11
Категорія Sport - 100км Чоловіки,72,183,Sergiy Shaklein,Ч,40,,SWCC,SWCC,,2:45:19
Категорія Sport - 100км Чоловіки,73,113,Anton Kulibabenko,Ч,33,,Sigma Software - Unicorn,Sigma Software - Unicorn,,2:46:16
Категорія Sport - 100км Чоловіки,74,103,Володимир Пономаренко,Ч,46,,SIGMA SOFTWARE – UNICORN,SIGMA SOFTWARE – UNICORN,,2:47:47
Категорія Sport - 100км Чоловіки,75,213,Леонід Городецький,Ч,52,,Коні Педальні,,,2:52:18
Категорія Sport - 100км Чоловіки,76,116,Алексе Гришко,Ч,27,,,Appflame,,2:55:00
Категорія Sport - 100км Чоловіки,77,155,Олексій Зволінський,Ч,34,,Sigma Software - Unicorn,Sigma Software - Unicorn,,2:55:18
Категорія Sport - 100км Чоловіки,78,182,Володимир Доброгорський,Ч,38,,,,,2:55:30
Категорія Sport - 100км Чоловіки,79,123,Юрій Янчиков,Ч,62,,,,,2:59:52
Категорія Sport - 100км Чоловіки,80,9013,Максим Зубарь,Ч,27,,,,,3:04:48
Категорія Sport - 100км Чоловіки,81,236,Михайло Хилько,Ч,31,,Velobazar-Cadence90,Velobazar-Cadence90,,3:04:52
Категорія Sport - 100км Чоловіки,82,119,Євген Сікора,Ч,55,,,,,3:05:24
Категорія Sport - 100км Чоловіки,83,176,Oleksiy Mokhov,Ч,52,,TRIATMAN,,,3:05:37
Категорія Sport - 100км Чоловіки,84,143,Олександр Шевченко,Ч,35,,Leader Citron Team,,,3:08:09
Категорія Sport - 100км Чоловіки,85,100,Олег Грищенко,Ч,26,,,,,3:08:15
Категорія Sport - 100км Чоловіки,86,110,Ярослав Ткачук,Ч,35,,Velohype,,,3:08:20
Категорія Sport - 100км Чоловіки,87,107,Андрій Корчак,Ч,27,,,,,3:11:59
Категорія Sport - 100км Чоловіки,88,130,Андрій Щербань,Ч,43,,echelon,echelon,,3:13:02
Категорія Sport - 100км Чоловіки,89,221,Ігор Пастух,Ч,66,,КІТ,,,3:15:54
Категорія Sport - 100км Чоловіки,90,192,OLEG TYMOSHENKO,Ч,57,,KHARKOV MASTERS,,,3:16:24
Категорія Sport - 100км Чоловіки,91,142,Вадим Гудима,Ч,38,,,VeloGo Kyiv Cycling Team,,3:18:38
Категорія Sport - 100км Чоловіки,92,105,Андрій Ващенко,Ч,33,,echelon,echelon,,3:22:41
Категорія Sport - 100км Чоловіки,93,148,Володимир Кириченко,Ч,43,,,,,3:24:30
Категорія Sport - 100км Чоловіки,94,112,Олексій Онищенко,Ч,38,,,,,3:27:13
Категорія Sport - 100км Чоловіки,95,150,Володимир Одійчук,Ч,64,,,,,3:27:38
Категорія Sport - 100км Чоловіки,96,134,Руслан Атаманів,Ч,47,,,Leader Citron Team,,3:32:04
Категорія Sport - 100км Чоловіки,97,209,Роман Коца,Ч,27,,Hoods and Drops Racing,Hoods and Drops Racing,,3:46:11
Категорія Sport - 100км Чоловіки,98,232,Богдан Костецький,Ч,48,,Коні Педальні,Коні Педальні,,3:48:55
Категорія Sport - 100км Чоловіки,99,200,Владимир Кононский,Ч,43,,EVOPLAY,EVOPLAY,,4:18:26
Категорія Sport - 100км Чоловіки,100,149,Михайло Кучевський,Ч,76,,,,,4:42:15
Категорія Sport - 100км Чоловіки,101,9045,Петро Приходько,Ч,20,,SWCC,,,
Категорія Sport - 100км Чоловіки,102,9058,Владислав РУДЕНКО,Ч,26,,,,,
Категорія Sport - 100км Чоловіки,103,237,Олександр Мисник,Ч,19,,Cadence90,Velobazar-Cadence90,,
Категорія Sport - 100км Чоловіки,104,127,Валерій Нарижний,Ч,64,,,,,
Категорія Sport - 100км Чоловіки,105,160,Денис Кузнецов,Ч,26,,echelon,echelon,,
Категорія Sport - 100км Чоловіки,106,167,Руслан Мікаєлян,Ч,30,,,GIANT TEAM UKRAINE,,
Категорія Sport - 100км Чоловіки,107,214,Ігор Мітянін,Ч,53,,Dnepr Masters,,,
Категорія Sport - 100км Чоловіки,108,218,Віктор Петрович,Ч,53,,МТБ-Україна / Giant,,,
Категорія Sport - 100км Чоловіки,DQ,108,Георгій Єгіазарян,Ч,33,,VeloGo Kyiv Cycling Team,VeloGO Kyiv Cycling Team,,
Категорія Sport - 100км Чоловіки,DQ,212,Егор Александров,Ч,31,,echelon,,,
Категорія Sport - 100км Чоловіки,DNS,120,Антон Вдовiн,Ч,29,,,,,
Категорія Sport - 100км Чоловіки,DNS,122,Віктор Кисельов,Ч,81,,,,,
Категорія Sport - 100км Чоловіки,DNS,126,Павло Єфіменко,Ч,38,,VeloGo Kyiv Cycling Team,VeloGo Kyiv Cycling Team,,
Категорія Sport - 100км Чоловіки,DNS,151,Сергій Попов,Ч,57,,Sigma Software - Unicorn,Sigma Software - Unicorn,,
Категорія Sport - 100км Чоловіки,DNS,175,Сергей Шмонин,Ч,37,,,,,
Категорія Sport - 100км Чоловіки,DNS,179,Олександр Штенгелов,Ч,33,,,,,
Категорія Sport - 100км Чоловіки,DNS,185,Андрій Бучко,Ч,37,,Eurocar GRAWE Ukraine,Eurocar GRAWE Ukraine,,
Категорія Sport - 100км Жінки,1,226,Ганна Капущак,Ж,37,,Bike L.A.B.,VeloGO Kyiv Cycling Team,,2:27:32
Категорія Sport - 100км Жінки,2,228,Наталя Тарнавчик-Чугуєвець,Ж,31,,VeloGO Kyiv Cycling Team,VeloGO Kyiv Cycling Team,,2:30:01
Категорія Sport - 100км Жінки,3,191,Єлизавета Дяченко,Ж,20,,Echelon,Echelon,,2:34:55
Категорія Sport - 100км Жінки,4,229,Ольга Ящук,Ж,33,,Sigma Software - Unicorn,Sigma Software - Unicorn,,2:34:55
Категорія Sport - 100км Жінки,5,220,Viktoriia Bondarenko,Ж,34,,Arcadia,Arcadia,,2:34:59
Категорія Sport - 100км Жінки,6,9059,Ганна Шалигіна,Ж,43,,Sigma Software - Unicorn,,,2:35:03
Категорія Sport - 100км Жінки,7,196,Yevheniia Kurylo,Ж,22,,SWCC,SWCC,,2:38:19
Категорія Sport - 100км Жінки,8,235,Hil Anastasiia,Ж,32,,Decathlon Ukraine,,,2:42:58
Категорія Sport - 100км Жінки,9,125,Ірина Васильєва,Ж,48,,VeloGo Kyiv Cycling Team,VeloGo Kyiv Cycling Team,,2:44:50
Категорія Sport - 100км Жінки,10,139,Наталія Курзанова,Ж,54,,,ZP SICH,,2:46:18
Категорія Sport - 100км Жінки,11,224,Alona Nakonechna,Ж,25,,VinRC,VinRC,,2:46:25
Категорія Sport - 100км Жінки,12,9060,Olena Akhmetshyna,Ж,35,,Sigma Software - Unicorn,,,2:48:11
Категорія Sport - 100км Жінки,13,141,Ірина Осадча,Ж,25,,PrideBikes,,,2:55:22
Категорія Sport - 100км Жінки,14,184,Вікторія Гудима,Ж,30,,Victory Cycling Club,Victory Cycling Club,,2:57:10
Категорія Sport - 100км Жінки,15,227,Яна  Поляк,Ж,36,,echelon,echelon,,3:04:49
Категорія Sport - 100км Жінки,16,154,Наталія Ковалевська,Ж,42,,Sigma Software - Unicorn,Sigma Software - Unicorn,,3:16:29
Категорія Sport - 100км Жінки,17,234,Євгенія Водоп'янова,Ж,40,,VeloOnline,VeloOnline,,3:19:52
Категорія Sport - 100км Жінки,18,135,Тanya Nesterchuk,Ж,52,,,,,3:34:43
Категорія Sport - 100км Жінки,19,138,Наталія Радушинська,Ж,51,,,,,3:36:30
Категорія Sport - 100км Жінки,DNS,230,Мария Качалова,Ж,34,,YATAGARASU,,,
Шосейні та кросові велосипеди - 100км Чоловіки,1,1251,Ломака Ломака,Ч,26,,City Ride,,,2:27:06
Шосейні та кросові велосипеди - 100км Чоловіки,2,1246,Анатолій Зінченко,Ч,28,,,City Ride,,2:27:09
Шосейні та кросові велосипеди - 100км Чоловіки,3,1125,Nazarii Starzhynskyi,Ч,25,,,,,2:27:13
Шосейні та кросові велосипеди - 100км Чоловіки,4,1286,Максим Рабаев,Ч,28,,City Ride,City Ride,,2:27:22
Шосейні та кросові велосипеди - 100км Чоловіки,5,1557,Дмитрий Чернышев,Ч,34,,Sigma Software Unicorn,Sigma Software Unicorn,,2:27:25
Шосейні та кросові велосипеди - 100км Чоловіки,6,1164,Алексей Буйваленко,Ч,37,,Cadence 90,,,2:27:41
Шосейні та кросові велосипеди - 100км Чоловіки,7,1635,Павло Семенюк,Ч,35,,,,,2:27:47
Шосейні та кросові велосипеди - 100км Чоловіки,8,1299,Kyrylo Stupka,Ч,26,,,,,2:27:52
Шосейні та кросові велосипеди - 100км Чоловіки,9,1589,Роман Сливка,Ч,46,,,,,2:27:56
Шосейні та кросові велосипеди - 100км Чоловіки,10,1072,Артур Цибульський,Ч,26,,,МАСЛьОнки,,2:27:56
Шосейні та кросові велосипеди - 100км Чоловіки,11,1455,Taras Tsiuper,Ч,32,,echelon,,,2:27:57
Шосейні та кросові велосипеди - 100км Чоловіки,12,1551,OLEKSANDR VYGRANENKO,Ч,36,,Viyar Bike Team,Viyar Bike Team,,2:27:58
Шосейні та кросові велосипеди - 100км Чоловіки,13,1599,Evgeniy Biletskiy,Ч,20,,Viyar Bike Team,Viyar Bike Team,,2:27:58
Шосейні та кросові велосипеди - 100км Чоловіки,14,1358,Zhdanov Yurii,Ч,30,,,,,2:27:59
Шосейні та кросові велосипеди - 100км Чоловіки,15,1388,Віталій Ковальчук,Ч,44,,,,,2:28:03
Шосейні та кросові велосипеди - 100км Чоловіки,16,1178,Богдан Маланюк,Ч,49,,,,,2:28:05
Шосейні та кросові велосипеди - 100км Чоловіки,17,1517,Слава Коношук,Ч,34,,,,,2:28:06
Шосейні та кросові велосипеди - 100км Чоловіки,18,1677,Никита Спирин,Ч,30,,Cadence 90,Cadence 90,,2:28:11
Шосейні та кросові велосипеди - 100км Чоловіки,19,1486,Дмитро Мордовець,Ч,34,,,,,2:34:12
Шосейні та кросові велосипеди - 100км Чоловіки,20,1018,Рустам Мазуренко,Ч,29,,Мариупольское велодвижение Azovbike,,,2:35:09
Шосейні та кросові велосипеди - 100км Чоловіки,21,1209,Євген Фузік,Ч,34,,,,,2:36:40
Шосейні та кросові велосипеди - 100км Чоловіки,22,1363,Сергей Гринь,Ч,40,,VeloHupe,VeloHupe,,2:36:59
Шосейні та кросові велосипеди - 100км Чоловіки,23,1240,Максим Бєднов,Ч,35,,TEAM SUDORGA,,,2:37:02
Шосейні та кросові велосипеди - 100км Чоловіки,24,9015,Volodymyr Pastushchen,Ч,38,,Kyiv Bicycle Club,,,2:37:02
Шосейні та кросові велосипеди - 100км Чоловіки,25,1680,Олексій Морозов,Ч,30,,Kyiv Bicycle Club,,,2:37:09
Шосейні та кросові велосипеди - 100км Чоловіки,26,1369,Mikhail Petrov,Ч,57,,ZP-SICH,ZP-SICH,,2:37:27
Шосейні та кросові велосипеди - 100км Чоловіки,27,1110,Олексій Волотівський,Ч,53,,,,,2:37:29
Шосейні та кросові велосипеди - 100км Чоловіки,28,1523,Ігор Полонський,Ч,27,,,,,2:37:35
Шосейні та кросові велосипеди - 100км Чоловіки,29,1708,Дольський Денис,Ч,45,,Укрексімбанк,,,2:37:36
Шосейні та кросові велосипеди - 100км Чоловіки,30,1262,Сергій Циба,Ч,51,,,,,2:37:42
Шосейні та кросові велосипеди - 100км Чоловіки,31,1389,Євгеній Прокопюк,Ч,38,,Cadence90,,,2:37:45
Шосейні та кросові велосипеди - 100км Чоловіки,32,1628,Петро Зубчевський,Ч,47,,,,,2:37:47
Шосейні та кросові велосипеди - 100км Чоловіки,33,1502,Maksym Kyrychko,Ч,25,,Smart Team,Smart Team,,2:37:49
Шосейні та кросові велосипеди - 100км Чоловіки,34,1466,Кирило Хиленко,Ч,41,,Cadence90,Cadence90,,2:37:51
Шосейні та кросові велосипеди - 100км Чоловіки,35,1221,Олександр Стецков,Ч,46,,,,,2:37:52
Шосейні та кросові велосипеди - 100км Чоловіки,36,1104,Ярослав Якименко,Ч,31,,TEAM SUDORGA,,,2:37:59
Шосейні та кросові велосипеди - 100км Чоловіки,37,1497,Андрій Каленик,Ч,31,,,,,2:38:12
Шосейні та кросові велосипеди - 100км Чоловіки,38,1405,Максим Гапон,Ч,33,,,,,2:38:14
Шосейні та кросові велосипеди - 100км Чоловіки,39,1362,Євгений Федоров,Ч,38,,,,,2:38:19
Шосейні та кросові велосипеди - 100км Чоловіки,40,1467,Кирило Піцевич,Ч,28,,Chernihiv Cycling Club,Chernihiv Cycling Club,,2:38:19
Шосейні та кросові велосипеди - 100км Чоловіки,41,1082,Артем Муравйов,Ч,34,,,,,2:38:19
Шосейні та кросові велосипеди - 100км Чоловіки,42,1207,Андрій Стальний,Ч,62,,,,,2:38:20
Шосейні та кросові велосипеди - 100км Чоловіки,43,1016,Володимир Мелимука,Ч,39,,,Escape,,2:38:22
Шосейні та кросові велосипеди - 100км Чоловіки,44,9019,Валентин Анатольевич Лобоцкий,Ч,57,,,,,2:38:23
Шосейні та кросові велосипеди - 100км Чоловіки,45,1308,Володимир Шейко,Ч,36,,Pridebikes,,,2:38:24
Шосейні та кросові велосипеди - 100км Чоловіки,46,1699,Здоровик  Тарас,Ч,46,,,,,2:38:25
Шосейні та кросові велосипеди - 100км Чоловіки,47,1146,Олег Долгих,Ч,30,,Cadence 90,Cadence 90,,2:38:25
Шосейні та кросові велосипеди - 100км Чоловіки,48,1534,Oleksii Karpuk,Ч,30,,,,,2:38:26
Шосейні та кросові велосипеди - 100км Чоловіки,49,1399,Vsevolod Velykodnyi,Ч,30,,,,,2:38:30
Шосейні та кросові велосипеди - 100км Чоловіки,50,1560,Роман Петрусюк,Ч,47,,,,,2:38:34
Шосейні та кросові велосипеди - 100км Чоловіки,51,1392,Евгений Зубенко,Ч,36,,,,,2:38:34
Шосейні та кросові велосипеди - 100км Чоловіки,52,1493,Микола Терещенко,Ч,32,,,,,2:38:36
Шосейні та кросові велосипеди - 100км Чоловіки,53,1014,Сергій Левчик,Ч,34,,МандРівне,,,2:38:42
Шосейні та кросові велосипеди - 100км Чоловіки,54,1522,Нікіта Ткаченко,Ч,38,,sporteventxtrem,sporteventxtrem,,2:38:43
Шосейні та кросові велосипеди - 100км Чоловіки,55,1101,Михайло Котов,Ч,34,,,,,2:38:45
Шосейні та кросові велосипеди - 100км Чоловіки,56,1420,Юрій Миколайович,Ч,34,,VELO-STRANA.COM,VELO-STRANA.COM,,2:38:47
Шосейні та кросові велосипеди - 100км Чоловіки,57,1049,Мединський Євген,Ч,39,,,,,2:38:47
Шосейні та кросові велосипеди - 100км Чоловіки,58,1451,Андрій Мельник,Ч,37,,Sapik-Team,,,2:38:48
Шосейні та кросові велосипеди - 100км Чоловіки,59,1094,Максим Корсун,Ч,40,,,VELO-STRANA.COM,,2:38:53
Шосейні та кросові велосипеди - 100км Чоловіки,60,1214,Юрій Опанасюк,Ч,51,,,Бориспіль,,2:38:53
Шосейні та кросові велосипеди - 100км Чоловіки,61,1512,Володимир Сотніченко,Ч,36,,ЖМЕНЬКА - Ясные Зори,,,2:38:57
Шосейні та кросові велосипеди - 100км Чоловіки,62,1092,vitalii solntsev,Ч,35,,,,,2:39:00
Шосейні та кросові велосипеди - 100км Чоловіки,63,1347,Олександр Максимчук,Ч,40,,smartass,,,2:39:05
Шосейні та кросові велосипеди - 100км Чоловіки,64,1598,Костянтин Шкварко,Ч,41,,,,,2:39:07
Шосейні та кросові велосипеди - 100км Чоловіки,65,1675,Keith Bean,Ч,54,,,,,2:39:08
Шосейні та кросові велосипеди - 100км Чоловіки,66,9044,Руслан Аксьонов,Ч,33,,Cadence 90,,,2:39:08
Шосейні та кросові велосипеди - 100км Чоловіки,67,1190,Егор Мацепа,Ч,20,,,,,2:39:10
Шосейні та кросові велосипеди - 100км Чоловіки,68,1686,Юрій Поляновський,Ч,38,,Infopulse,Infopulse,,2:39:11
Шосейні та кросові велосипеди - 100км Чоловіки,69,1002,Євген Погорєлов,Ч,35,,,,,2:39:15
Шосейні та кросові велосипеди - 100км Чоловіки,70,1244,Иван Хрусталев,Ч,32,,Sigma Software - Unicorn,Sigma Software - Unicorn,,2:39:16
Шосейні та кросові велосипеди - 100км Чоловіки,71,1081,Костянтин Марченко,Ч,33,,,,,2:39:17
Шосейні та кросові велосипеди - 100км Чоловіки,72,1177,Mykola Mohylnyi,Ч,45,,,,,2:39:20
Шосейні та кросові велосипеди - 100км Чоловіки,73,1057,Сергей Абрамов,Ч,41,,,,,2:39:20
Шосейні та кросові велосипеди - 100км Чоловіки,74,140,Сергей Суровец,Ч,63,,,,,2:39:24
Шосейні та кросові велосипеди - 100км Чоловіки,75,1437,Dmytro Samsonov,Ч,44,,Everyvelo,,,2:39:25
Шосейні та кросові велосипеди - 100км Чоловіки,76,1235,Віктор Філонович,Ч,67,,,,,2:39:26
Шосейні та кросові велосипеди - 100км Чоловіки,77,1487,Віталій Івенков,Ч,45,,SWCC,,,2:40:21
Шосейні та кросові велосипеди - 100км Чоловіки,78,1042,Павло Лінєвич,Ч,32,,Underwood Cycling Gang,Underwood Cycling Gang,,2:40:30
Шосейні та кросові велосипеди - 100км Чоловіки,79,1102,Валерий Левцов (2:20:40*),Ч,42,,,,,2:40:40
Шосейні та кросові велосипеди - 100км Чоловіки,80,1181,Alexandr Ovsjannikov,Ч,33,,,HAPPY TRI FRIENDS,,2:41:04
Шосейні та кросові велосипеди - 100км Чоловіки,81,1289,Павло Бурлаченко,Ч,39,,,,,2:41:09
Шосейні та кросові велосипеди - 100км Чоловіки,82,1401,Дмитро Корчагін,Ч,36,,,,,2:41:12
Шосейні та кросові велосипеди - 100км Чоловіки,83,1156,Игорь Еременко,Ч,53,,,,,2:42:11
Шосейні та кросові велосипеди - 100км Чоловіки,84,1279,Андрей Бондарчук,Ч,31,,,Коростень,,2:43:21
Шосейні та кросові велосипеди - 100км Чоловіки,85,1326,Павло Яблонський,Ч,50,,,Коростень,,2:43:24
Шосейні та кросові велосипеди - 100км Чоловіки,86,1066,Євгеній Пичик,Ч,38,,,,,2:43:40
Шосейні та кросові велосипеди - 100км Чоловіки,87,1152,Микола Дудінов,Ч,34,,,,,2:44:19
Шосейні та кросові велосипеди - 100км Чоловіки,88,1107,Максим Фещенко,Ч,40,,,,,2:44:27
Шосейні та кросові велосипеди - 100км Чоловіки,89,1311,Дмитро Морозов,Ч,35,,,,,2:44:39
Шосейні та кросові велосипеди - 100км Чоловіки,90,1412,Іван Бабюк,Ч,29,,,TTT.UA,,2:45:02
Шосейні та кросові велосипеди - 100км Чоловіки,91,1464,Богдан Наумець,Ч,27,,,,,2:45:03
Шосейні та кросові велосипеди - 100км Чоловіки,92,1342,Slava Chernenko,Ч,50,,,,,2:45:03
Шосейні та кросові велосипеди - 100км Чоловіки,93,1054,Іван Разенков,Ч,33,,Sapik Team,Sapik Team,,2:45:15
Шосейні та кросові велосипеди - 100км Чоловіки,94,1424,Костянтин Коваль,Ч,38,,Артроз-Одеса,,,2:45:42
Шосейні та кросові велосипеди - 100км Чоловіки,95,1701,Дмитренко  Андрій,Ч,46,,,,,2:46:01
Шосейні та кросові велосипеди - 100км Чоловіки,96,1546,Дмитро Тарабакін,Ч,47,,,,,2:46:02
Шосейні та кросові велосипеди - 100км Чоловіки,97,1015,Олексій Лямець,Ч,37,,,,,2:46:11
Шосейні та кросові велосипеди - 100км Чоловіки,98,1219,Yurii Kharchenko,Ч,33,,TEAM SUDORGA,TEAM SUDORGA,,2:46:15
Шосейні та кросові велосипеди - 100км Чоловіки,99,1216,Mykhailo Rushkovskyi,Ч,35,,Novi Bezradychi Cycling,Novi Bezradychi Cycling,,2:46:35
Шосейні та кросові велосипеди - 100км Чоловіки,100,1340,Андрій Смаль,Ч,31,,,,,2:46:41
Шосейні та кросові велосипеди - 100км Чоловіки,101,1535,Дмитро Мельник,Ч,38,,,,,2:46:42
Шосейні та кросові велосипеди - 100км Чоловіки,102,1689,Андрій Ходан,Ч,30,,Infopulse,Infopulse,,2:47:25
Шосейні та кросові велосипеди - 100км Чоловіки,103,1659,Ілля Михайленко,Ч,32,,,,,2:47:46
Шосейні та кросові велосипеди - 100км Чоловіки,104,1430,Вадим Молчанов,Ч,40,,,,,2:47:47
Шосейні та кросові велосипеди - 100км Чоловіки,105,1418,Oleksii Pylypchuk,Ч,36,,,,,2:47:47
Шосейні та кросові велосипеди - 100км Чоловіки,106,1120,Кабанець Микола,Ч,33,,,,,2:47:48
Шосейні та кросові велосипеди - 100км Чоловіки,107,1694,Denys Simkovskyi,Ч,45,,Kyiv Bicycle Club,,,2:48:02
Шосейні та кросові велосипеди - 100км Чоловіки,108,1333,Данило Безлюдько,Ч,33,,,,,2:48:09
Шосейні та кросові велосипеди - 100км Чоловіки,109,1374,Dmytro Peunkov,Ч,40,,Cadence90,Cadence90,,2:48:10
Шосейні та кросові велосипеди - 100км Чоловіки,110,1539,Денис Саранцев,Ч,27,,,Viyar Bike Team,,2:48:16
Шосейні та кросові велосипеди - 100км Чоловіки,111,1483,Dmytro  Peka,Ч,49,,,R18,,2:48:20
Шосейні та кросові велосипеди - 100км Чоловіки,112,1185,Роман Тригубов,Ч,24,,,,,2:48:50
Шосейні та кросові велосипеди - 100км Чоловіки,113,1130,Олександр Божежа,Ч,32,,HappyTRIFriends,,,2:48:51
Шосейні та кросові велосипеди - 100км Чоловіки,114,1122,Олексій Іванчук,Ч,37,,,,,2:48:56
Шосейні та кросові велосипеди - 100км Чоловіки,115,1685,Єгор Соболевський,Ч,37,,VELO-STRANA.COM,VELO-STRANA.COM,,2:49:13
Шосейні та кросові велосипеди - 100км Чоловіки,116,1398,Костянтин Дупак,Ч,62,,,,,2:49:46
Шосейні та кросові велосипеди - 100км Чоловіки,117,1552,Валерій Потока,Ч,49,,,,,2:49:55
Шосейні та кросові велосипеди - 100км Чоловіки,118,1285,Сергей Солоненко,Ч,43,,,Коростень,,2:50:01
Шосейні та кросові велосипеди - 100км Чоловіки,119,1597,Anatol Kisil,Ч,40,,,,,2:50:04
Шосейні та кросові велосипеди - 100км Чоловіки,120,1151,Олександр Бєлов,Ч,34,,Infopulse,Infopulse,,2:50:08
Шосейні та кросові велосипеди - 100км Чоловіки,121,1490,Дмитро Пугач,Ч,35,,,,,2:50:42
Шосейні та кросові велосипеди - 100км Чоловіки,122,1384,Олександр Воровченко,Ч,36,,Anyway cycling team,,,2:50:54
Шосейні та кросові велосипеди - 100км Чоловіки,123,1186,Chris Foster,Ч,55,,River Valley Club,,,2:51:03
Шосейні та кросові велосипеди - 100км Чоловіки,124,1350,Сергій Стащенко,Ч,41,,,,,2:51:45
Шосейні та кросові велосипеди - 100км Чоловіки,125,1458,Максим Лавренюк,Ч,28,,,,,2:51:48
Шосейні та кросові велосипеди - 100км Чоловіки,126,1069,Дима Шевелев,Ч,36,,,,,2:52:05
Шосейні та кросові велосипеди - 100км Чоловіки,127,1436,Дмитрий Сулим,Ч,30,,HappyTRIFriends,,,2:52:14
Шосейні та кросові велосипеди - 100км Чоловіки,128,1062,Володимир Куценко,Ч,38,,,,,2:52:42
Шосейні та кросові велосипеди - 100км Чоловіки,129,1075,Yuriy Degtyar,Ч,40,,Trilab,Trilab,,2:52:43
Шосейні та кросові велосипеди - 100км Чоловіки,130,1425,Віталій Караченко,Ч,48,,,,,2:53:39
Шосейні та кросові велосипеди - 100км Чоловіки,131,1657,Валерій Бурківський,Ч,35,,,,,2:54:28
Шосейні та кросові велосипеди - 100км Чоловіки,132,1051,Данило Малишев,Ч,33,,AC Panda,,,2:54:35
Шосейні та кросові велосипеди - 100км Чоловіки,133,1394,Євген Брусенцов,Ч,36,,ANYWAY cycling team,,,2:54:52
Шосейні та кросові велосипеди - 100км Чоловіки,134,1121,Евгений Запаловский,Ч,31,,,,,2:54:57
Шосейні та кросові велосипеди - 100км Чоловіки,135,1461,Олександр Прищепа,Ч,30,,#TeremkyRunClub,#TeremkyRunClub,,2:55:01
Шосейні та кросові велосипеди - 100км Чоловіки,136,1142,Дмитро Кучеренко,Ч,45,,GlobalLogic,GlobalLogic,,2:55:04
Шосейні та кросові велосипеди - 100км Чоловіки,137,1045,Сергій Грунін,Ч,39,,,,,2:55:14
Шосейні та кросові велосипеди - 100км Чоловіки,138,1681,Дмитро Яковлев,Ч,26,,,,,2:55:17
Шосейні та кросові велосипеди - 100км Чоловіки,139,1118,Василь Федоров,Ч,42,,,TriUkraine,,2:55:19
Шосейні та кросові велосипеди - 100км Чоловіки,140,1498,Хенкін Євген,Ч,40,,,,,2:55:33
Шосейні та кросові велосипеди - 100км Чоловіки,141,1383,Артем Силюк,Ч,28,,,,,2:55:33
Шосейні та кросові велосипеди - 100км Чоловіки,142,1124,Roman Ottovich,Ч,39,,echelon,echelon,,2:55:34
Шосейні та кросові велосипеди - 100км Чоловіки,143,1238,Ярослав Дерман,Ч,29,,Echelon,,,2:55:36
Шосейні та кросові велосипеди - 100км Чоловіки,144,1220,Олександр Степаниця,Ч,38,,Echelon,Echelon,,2:55:36
Шосейні та кросові велосипеди - 100км Чоловіки,145,1059,Timur Bondaryev,Ч,45,,Echelon,,,2:55:36
Шосейні та кросові велосипеди - 100км Чоловіки,146,1022,Олексій Омельченко,Ч,36,,,,,2:55:46
Шосейні та кросові велосипеди - 100км Чоловіки,147,1438,Denys Babenko,Ч,34,,KM Running Club,,,2:55:57
Шосейні та кросові велосипеди - 100км Чоловіки,148,1227,Усатенко Денис,Ч,40,,Velo-Strana.com,,,2:56:04
Шосейні та кросові велосипеди - 100км Чоловіки,149,1009,Максим Богданов,Ч,34,,Reikartz,Reikartz,,2:56:10
Шосейні та кросові велосипеди - 100км Чоловіки,150,1449,Дмитро Лактіонов,Ч,37,,,,,2:56:17
Шосейні та кросові велосипеди - 100км Чоловіки,151,1596,Євгеній Писаренко,Ч,32,,,,,2:56:24
Шосейні та кросові велосипеди - 100км Чоловіки,152,1414,Віталій Ніколаєнко,Ч,47,,,Velo Hype,,2:56:49
Шосейні та кросові велосипеди - 100км Чоловіки,153,1525,Євгеній Семенчук,Ч,36,,,,,2:57:26
Шосейні та кросові велосипеди - 100км Чоловіки,154,1335,Vitalii Chernukha,Ч,34,,,,,2:57:30
Шосейні та кросові велосипеди - 100км Чоловіки,155,1003,Виталий Гирявец,Ч,29,,,,,2:57:39
Шосейні та кросові велосипеди - 100км Чоловіки,156,1215,Dmytro Volovyk,Ч,35,,Novi Bezradychi Cycling,Novi Bezradychi Cycling,,2:57:48
Шосейні та кросові велосипеди - 100км Чоловіки,157,1093,Андрій Захаревич,Ч,40,,,,,2:58:01
Шосейні та кросові велосипеди - 100км Чоловіки,158,1088,Євген Логущенко,Ч,36,,,velo-strana.com,,2:58:17
Шосейні та кросові велосипеди - 100км Чоловіки,159,1530,Микола Шинкевич,Ч,45,,,,,2:58:34
Шосейні та кросові велосипеди - 100км Чоловіки,160,1079,Захар Крумшин,Ч,21,,,,,2:58:37
Шосейні та кросові велосипеди - 100км Чоловіки,161,1494,Сергій Шевченко,Ч,43,,,,,2:58:53
Шосейні та кросові велосипеди - 100км Чоловіки,162,1044,Олександр Голомозий,Ч,55,,,,,2:58:53
Шосейні та кросові велосипеди - 100км Чоловіки,163,1377,Олексій Ситько,Ч,40,,,,,2:59:08
Шосейні та кросові велосипеди - 100км Чоловіки,164,1617,Кардаш Віталій,Ч,33,,,,,2:59:20
Шосейні та кросові велосипеди - 100км Чоловіки,165,1184,Сергій Москалець,Ч,68,,Hаppy TRI Friends,,,2:59:22
Шосейні та кросові велосипеди - 100км Чоловіки,166,1198,Андрій Сергієнко,Ч,39,,Sigma Software - Unicorn,,,2:59:22
Шосейні та кросові велосипеди - 100км Чоловіки,167,1258,Артём Кокошко,Ч,32,,,,,2:59:23
Шосейні та кросові велосипеди - 100км Чоловіки,168,9048,Павел Павловский,Ч,28,,,,,2:59:57
Шосейні та кросові велосипеди - 100км Чоловіки,169,1670,Ігор Сахно,Ч,37,,,,,3:00:06
Шосейні та кросові велосипеди - 100км Чоловіки,170,1472,Євген Ратманський,Ч,40,,,,,3:00:30
Шосейні та кросові велосипеди - 100км Чоловіки,171,1506,Сергій Скоморохов,Ч,51,,BFCC,BFCC,,3:01:14
Шосейні та кросові велосипеди - 100км Чоловіки,172,1396,Віталій Вовченко,Ч,31,,,,,3:01:16
Шосейні та кросові велосипеди - 100км Чоловіки,173,1471,Юрій Єрмоленко,Ч,25,,,,,3:01:19
Шосейні та кросові велосипеди - 100км Чоловіки,174,1491,Konstantin Levitov,Ч,48,,,,,3:01:20
Шосейні та кросові велосипеди - 100км Чоловіки,175,1154,Данііл Санжаров,Ч,22,,,,,3:01:35
Шосейні та кросові велосипеди - 100км Чоловіки,176,1679,Роман Радько,Ч,46,,,,,3:01:52
Шосейні та кросові велосипеди - 100км Чоловіки,177,1579,Сергій Гумен,Ч,26,,,,,3:02:02
Шосейні та кросові велосипеди - 100км Чоловіки,178,1202,Владимир Недужко,Ч,28,,,,,3:02:24
Шосейні та кросові велосипеди - 100км Чоловіки,179,1524,Дмитро Пархоменко,Ч,31,,,,,3:02:25
Шосейні та кросові велосипеди - 100км Чоловіки,180,1077,Павло Брагінський,Ч,32,,,,,3:02:37
Шосейні та кросові велосипеди - 100км Чоловіки,181,1229,Максим Данченко,Ч,32,,,,,3:02:37
Шосейні та кросові велосипеди - 100км Чоловіки,182,1140,Павло Поліщук,Ч,20,,,,,3:03:00
Шосейні та кросові велосипеди - 100км Чоловіки,183,1387,Олексій Бугай,Ч,43,,Discovershik,Discovershik,,3:03:14
Шосейні та кросові велосипеди - 100км Чоловіки,184,1602,Василь Гузій,Ч,37,,,,,3:03:25
Шосейні та кросові велосипеди - 100км Чоловіки,185,1312,Олександр Приходько,Ч,35,,,,,3:03:37
Шосейні та кросові велосипеди - 100км Чоловіки,186,1293,Ілля Заболотний,Ч,33,,,smartass,,3:04:05
Шосейні та кросові велосипеди - 100км Чоловіки,187,1692,Орест Бойчук,Ч,27,,,,,3:04:28
Шосейні та кросові велосипеди - 100км Чоловіки,188,1553,Олександр Веремієнко,Ч,49,,-,-,,3:04:30
Шосейні та кросові велосипеди - 100км Чоловіки,189,9065,Роман Куриляк,Ч,48,,,,,3:04:46
Шосейні та кросові велосипеди - 100км Чоловіки,190,9012,Олександр Мазур,Ч,35,,,,,3:04:47
Шосейні та кросові велосипеди - 100км Чоловіки,191,1206,Микола Бобровський,Ч,51,,,,,3:04:52
Шосейні та кросові велосипеди - 100км Чоловіки,192,1698,Харчук Сергій,Ч,59,,,,,3:05:04
Шосейні та кросові велосипеди - 100км Чоловіки,193,1515,Сергій Рижов,Ч,35,,,,,3:05:13
Шосейні та кросові велосипеди - 100км Чоловіки,194,1174,Юрій Зелененко,Ч,43,,,Tour-de-Trux,,3:05:14
Шосейні та кросові велосипеди - 100км Чоловіки,195,1415,Андрій Одрина,Ч,24,,,,,3:06:16
Шосейні та кросові велосипеди - 100км Чоловіки,196,1509,Денис Кудряшов,Ч,29,,,,,3:06:35
Шосейні та кросові велосипеди - 100км Чоловіки,197,1008,Олександр Базіченко,Ч,55,,,,,3:06:42
Шосейні та кросові велосипеди - 100км Чоловіки,198,1371,Володимир Роман,Ч,44,,,,,3:07:03
Шосейні та кросові велосипеди - 100км Чоловіки,199,1607,Анатолій Дроздов,Ч,49,,RunBaseKiyv,,,3:07:53
Шосейні та кросові велосипеди - 100км Чоловіки,200,1241,Сергій Шеховцов,Ч,41,,,,,3:07:58
Шосейні та кросові велосипеди - 100км Чоловіки,201,1691,Максим Сітнянський,Ч,28,,,,,3:08:27
Шосейні та кросові велосипеди - 100км Чоловіки,202,1203,Євген Карнаухов,Ч,56,,немає,,,3:08:59
Шосейні та кросові велосипеди - 100км Чоловіки,203,1277,Максим Покрепа,Ч,41,,Cherry Sport Club,Cherry Sport Club,,3:09:11
Шосейні та кросові велосипеди - 100км Чоловіки,204,1592,Олег Лавренко,Ч,34,,,,,3:09:16
Шосейні та кросові велосипеди - 100км Чоловіки,205,1364,Andrii Datskiv,Ч,41,,TRILAB,,,3:09:26
Шосейні та кросові велосипеди - 100км Чоловіки,206,1183,Віталий Верещагін,Ч,39,,,,,3:09:31
Шосейні та кросові велосипеди - 100км Чоловіки,207,9061,Andrey Nesterov,Ч,38,,APOLLO NEXT,,,3:09:32
Шосейні та кросові велосипеди - 100км Чоловіки,208,1537,Володимир Бондаренко,Ч,60,,SapikTeam,,,3:09:39
Шосейні та кросові велосипеди - 100км Чоловіки,209,1123,Артем Фоєнко,Ч,31,,,,,3:09:44
Шосейні та кросові велосипеди - 100км Чоловіки,210,1368,Олександр Мурзін,Ч,45,,Сіріус,,,3:09:45
Шосейні та кросові велосипеди - 100км Чоловіки,211,1261,Андрій Погрібний,Ч,50,,,ГАРДИ,,3:09:46
Шосейні та кросові велосипеди - 100км Чоловіки,212,1212,Ярослав Холмогоров,Ч,33,,,,,3:09:55
Шосейні та кросові велосипеди - 100км Чоловіки,213,1470,Олег Осіян,Ч,36,,,,,3:10:01
Шосейні та кросові велосипеди - 100км Чоловіки,214,1558,Сергій Абрамович,Ч,30,,,,,3:10:09
Шосейні та кросові велосипеди - 100км Чоловіки,215,1402,Олександр Райченко,Ч,53,,,,,3:10:13
Шосейні та кросові велосипеди - 100км Чоловіки,216,1441,Кирил Потапенко,Ч,31,,VELO-STRANA.COM,,,3:10:22
Шосейні та кросові велосипеди - 100км Чоловіки,217,1034,Андрій Сметаненко,Ч,40,,,,,3:10:30
Шосейні та кросові велосипеди - 100км Чоловіки,218,1316,Сергій Мішутін,Ч,24,,,,,3:10:31
Шосейні та кросові велосипеди - 100км Чоловіки,219,1175,Віталій Фесенко,Ч,39,,,,,3:10:37
Шосейні та кросові велосипеди - 100км Чоловіки,220,1544,Yankovski Alexey,Ч,43,,KPMG Cycling Team,,,3:10:57
Шосейні та кросові велосипеди - 100км Чоловіки,221,1208,Олександр Некрасов,Ч,51,,,,,3:11:00
Шосейні та кросові велосипеди - 100км Чоловіки,222,1187,Володимир Венедіктов,Ч,61,,,,,3:11:31
Шосейні та кросові велосипеди - 100км Чоловіки,223,1620,Олександр Швець,Ч,34,,,,,3:11:35
Шосейні та кросові велосипеди - 100км Чоловіки,224,1463,Фастєєв Максим,Ч,37,,,,,3:11:44
Шосейні та кросові велосипеди - 100км Чоловіки,225,1492,Олексій Бессонов,Ч,28,,,,,3:12:07
Шосейні та кросові велосипеди - 100км Чоловіки,226,1644,Владимир Феднин,Ч,51,,,,,3:12:21
Шосейні та кросові велосипеди - 100км Чоловіки,227,1367,Олег Бончук,Ч,27,,st. Matras RC,Жертви Мотивації,,3:12:24
Шосейні та кросові велосипеди - 100км Чоловіки,228,1239,Viktor Kinzerskyi,Ч,29,,,Жертви Мотивації,,3:12:24
Шосейні та кросові велосипеди - 100км Чоловіки,229,1344,Oleksandr Diudiun,Ч,34,,st. Matras RC,Жертви Мотивації,,3:12:25
Шосейні та кросові велосипеди - 100км Чоловіки,230,1516,Artem Gvozdetskiy,Ч,30,,,,,3:12:37
Шосейні та кросові велосипеди - 100км Чоловіки,231,1354,Костянтин Глущенко,Ч,29,,,,,3:12:42
Шосейні та кросові велосипеди - 100км Чоловіки,232,1275,Андрій Гринчишин,Ч,27,,,,,3:12:46
Шосейні та кросові велосипеди - 100км Чоловіки,233,1588,Andrii Vasylenko,Ч,35,,,,,3:12:55
Шосейні та кросові велосипеди - 100км Чоловіки,234,1165,Oleksandr Bakkalinskyi,Ч,37,,Cadence90,,,3:12:57
Шосейні та кросові велосипеди - 100км Чоловіки,235,1561,Валерій Кузнєцов,Ч,71,,,,,3:12:58
Шосейні та кросові велосипеди - 100км Чоловіки,236,1511,Артем Рибченко,Ч,33,,,,,3:13:07
Шосейні та кросові велосипеди - 100км Чоловіки,237,1029,Євгеній Дзюбенко,Ч,31,,Gentlemen's Cycling Club,Gentlemen's Cycling Club,,3:13:15
Шосейні та кросові велосипеди - 100км Чоловіки,238,1270,Олександр Василенко,Ч,57,,,,,3:13:22
Шосейні та кросові велосипеди - 100км Чоловіки,239,1508,Іван Дзіковський,Ч,26,,,,,3:13:23
Шосейні та кросові велосипеди - 100км Чоловіки,240,1096,Олег Бойчук,Ч,40,,,,,3:13:29
Шосейні та кросові велосипеди - 100км Чоловіки,241,1549,Костянтин Круцько,Ч,43,,,,,3:13:31
Шосейні та кросові велосипеди - 100км Чоловіки,242,1668,Богдна Погасій,Ч,28,,,,,3:14:07
Шосейні та кросові велосипеди - 100км Чоловіки,243,1148,Анатолій Сорока,Ч,60,,,,,3:14:11
Шосейні та кросові велосипеди - 100км Чоловіки,244,1232,Алексей Головань,Ч,67,,Randonneurs Ck,,,3:14:31
Шосейні та кросові велосипеди - 100км Чоловіки,245,1536,Володимир Ісатаєв,Ч,35,,,,,3:14:34
Шосейні та кросові велосипеди - 100км Чоловіки,246,1351,Владислав Викторов,Ч,24,,,PARIMATCH TECH,,3:15:00
Шосейні та кросові велосипеди - 100км Чоловіки,247,1550,Дмитро Мурашко,Ч,30,,,,,3:15:00
Шосейні та кросові велосипеди - 100км Чоловіки,248,1404,Володимир Монтрезор,Ч,38,,,,,3:15:04
Шосейні та кросові велосипеди - 100км Чоловіки,249,1020,Купчинский Владимир,Ч,38,,,,,3:15:18
Шосейні та кросові велосипеди - 100км Чоловіки,250,1702,Fedas Denis.,Ч,36,,Decathlon Ukraine,,,3:15:35
Шосейні та кросові велосипеди - 100км Чоловіки,251,1527,Антон Сульженко,Ч,30,,,,,3:15:36
Шосейні та кросові велосипеди - 100км Чоловіки,252,1706,Radchenko Oleksii,Ч,25,,Decathlon Ukraine,,,3:15:41
Шосейні та кросові велосипеди - 100км Чоловіки,253,9066,Юрій Касянчук,Ч,23,,,,,3:15:42
Шосейні та кросові велосипеди - 100км Чоловіки,254,1422,Олег Єльцов,Ч,59,,,,,3:15:47
Шосейні та кросові велосипеди - 100км Чоловіки,255,1200,Андрій Бурлака,Ч,37,,,,,3:16:18
Шосейні та кросові велосипеди - 100км Чоловіки,256,1676,Valeriy Samoilenko,Ч,47,,,HotBike,,3:16:18
Шосейні та кросові велосипеди - 100км Чоловіки,257,1426,Oleksii Iaremenko,Ч,38,,,,,3:16:19
Шосейні та кросові велосипеди - 100км Чоловіки,258,1587,Ростислав Майгур,Ч,33,,EVOPLAY,EVOPLAY,,3:16:22
Шосейні та кросові велосипеди - 100км Чоловіки,259,1478,Максим Рябчук,Ч,42,,,,,3:16:23
Шосейні та кросові велосипеди - 100км Чоловіки,260,1433,Юрій Кузів,Ч,38,,,,,3:16:25
Шосейні та кросові велосипеди - 100км Чоловіки,261,1411,Артем Діденко,Ч,27,,,TTT.UA,,3:16:51
Шосейні та кросові велосипеди - 100км Чоловіки,262,1271,Євген Воробйов,Ч,34,,,,,3:16:57
Шосейні та кросові велосипеди - 100км Чоловіки,263,1263,Максим Андрущенко,Ч,53,,,,,3:17:01
Шосейні та кросові велосипеди - 100км Чоловіки,264,1010,Maksym Grytsiuta,Ч,38,,OTP Bicycle Team,,,3:17:06
Шосейні та кросові велосипеди - 100км Чоловіки,265,9042,Ivan Olenich,Ч,26,,JDE,,,3:17:12
Шосейні та кросові велосипеди - 100км Чоловіки,266,1674,TARAS KATRICHENKO,Ч,34,,,,,3:17:17
Шосейні та кросові велосипеди - 100км Чоловіки,267,1058,Олександр Пастух,Ч,40,,,,,3:17:19
Шосейні та кросові велосипеди - 100км Чоловіки,268,1460,Олексій Йовченко,Ч,22,,,,,3:17:45
Шосейні та кросові велосипеди - 100км Чоловіки,269,1521,Олег Шишкін,Ч,40,,,,,3:17:49
Шосейні та кросові велосипеди - 100км Чоловіки,270,1012,Денис Хозьбай,Ч,33,,,,,3:17:49
Шосейні та кросові велосипеди - 100км Чоловіки,271,1004,Євген Денисов,Ч,41,,,,,3:17:51
Шосейні та кросові велосипеди - 100км Чоловіки,272,1520,В'ячеслав Фєтісов,Ч,22,,,,,3:17:53
Шосейні та кросові велосипеди - 100км Чоловіки,273,1048,Артем Гусєв,Ч,31,,,,,3:18:13
Шосейні та кросові велосипеди - 100км Чоловіки,274,1443,Клімов Ігор,Ч,36,,,,,3:18:16
Шосейні та кросові велосипеди - 100км Чоловіки,275,1580,Володимир Щепетов,Ч,48,,,,,3:18:17
Шосейні та кросові велосипеди - 100км Чоловіки,276,1500,Микола Москвичьов,Ч,51,,,,,3:18:48
Шосейні та кросові велосипеди - 100км Чоловіки,277,1281,Богдан Полтавець,Ч,30,,,velopipiski,,3:18:51
Шосейні та кросові велосипеди - 100км Чоловіки,278,1593,Дмитро Кравченко,Ч,30,,,,,3:19:16
Шосейні та кросові велосипеди - 100км Чоловіки,279,1613,Виталий Халаберда,Ч,35,,,,,3:19:24
Шосейні та кросові велосипеди - 100км Чоловіки,280,1636,Роман Романовський,Ч,30,,,,,3:19:36
Шосейні та кросові велосипеди - 100км Чоловіки,281,1651,Данило Дубчак,Ч,19,,,,,3:19:37
Шосейні та кросові велосипеди - 100км Чоловіки,282,1661,Костянтын Поминальний,Ч,36,,City Ride,,,3:20:01
Шосейні та кросові велосипеди - 100км Чоловіки,283,1323,Михайло Високосов,Ч,37,,,,,3:20:02
Шосейні та кросові велосипеди - 100км Чоловіки,284,1353,Олег Сторожук,Ч,47,,,,,3:20:02
Шосейні та кросові велосипеди - 100км Чоловіки,285,1703,Izvekov Sergey,Ч,31,,Decathlon Ukraine,,,3:20:12
Шосейні та кросові велосипеди - 100км Чоловіки,286,1276,Іван Краснощоков,Ч,21,,,,,3:20:16
Шосейні та кросові велосипеди - 100км Чоловіки,287,1407,Babich  Sergey,Ч,54,,,,,3:20:31
Шосейні та кросові велосипеди - 100км Чоловіки,288,1673,Aleksandr Kariaka,Ч,49,,,,,3:20:32
Шосейні та кросові велосипеди - 100км Чоловіки,289,1590,Андрій Бетремєєв,Ч,27,,,,,3:20:35
Шосейні та кросові велосипеди - 100км Чоловіки,290,1307,Сергій Чаус,Ч,40,,,,,3:20:42
Шосейні та кросові велосипеди - 100км Чоловіки,291,1577,Євгеній Шарабура,Ч,22,,,,,3:20:55
Шосейні та кросові велосипеди - 100км Чоловіки,292,1578,Артур Арсланалієв,Ч,30,,,,,3:21:04
Шосейні та кросові велосипеди - 100км Чоловіки,293,1348,Дмитро Ковальов,Ч,33,,,PARIMATCH TECH,,3:21:12
Шосейні та кросові велосипеди - 100км Чоловіки,294,1019,Андрій Хазіпов,Ч,31,,,,,3:21:15
Шосейні та кросові велосипеди - 100км Чоловіки,295,1650,Ярослав Карпенко,Ч,30,,,,,3:21:46
Шосейні та кросові велосипеди - 100км Чоловіки,296,1131,Oleg Trishchuk,Ч,31,,,,,3:21:49
Шосейні та кросові велосипеди - 100км Чоловіки,297,1245,Anton Poltavets,Ч,33,,,velopipisky,,3:21:57
Шосейні та кросові велосипеди - 100км Чоловіки,298,1086,Artem Pedchenko,Ч,27,,,,,3:22:04
Шосейні та кросові велосипеди - 100км Чоловіки,299,1080,Сергій Прент,Ч,49,,NYVKY CITY,NYVKY CITY,,3:22:14
Шосейні та кросові велосипеди - 100км Чоловіки,300,1610,Сергій Ложкін,Ч,48,,,,,3:22:14
Шосейні та кросові велосипеди - 100км Чоловіки,301,1581,Владислав Ніжинський,Ч,32,,,,,3:22:15
Шосейні та кросові велосипеди - 100км Чоловіки,302,1295,Сергій Бойко,Ч,50,,,,,3:22:15
Шосейні та кросові велосипеди - 100км Чоловіки,303,1450,Андрій Нікітенко,Ч,35,,,Onereach,,3:22:16
Шосейні та кросові велосипеди - 100км Чоловіки,304,1053,Олександр Гуменюк,Ч,37,,,,,3:22:24
Шосейні та кросові велосипеди - 100км Чоловіки,305,1667,Тарас Лукачук,Ч,45,,,,,3:22:32
Шосейні та кросові велосипеди - 100км Чоловіки,306,1163,Дмитро Борщаненко,Ч,36,,,,,3:22:38
Шосейні та кросові велосипеди - 100км Чоловіки,307,1630,Вячеслав Сальников,Ч,29,,,,,3:22:58
Шосейні та кросові велосипеди - 100км Чоловіки,308,1605,Руслан Ульянов,Ч,51,,,,,3:23:01
Шосейні та кросові велосипеди - 100км Чоловіки,309,9078,игорь куралесин,Ч,44,,,,,3:23:12
Шосейні та кросові велосипеди - 100км Чоловіки,310,1600,Євген Бєлобров,Ч,36,,,,,3:23:13
Шосейні та кросові велосипеди - 100км Чоловіки,311,1324,Євген Крапивін,Ч,27,,,,,3:23:15
Шосейні та кросові велосипеди - 100км Чоловіки,312,1660,Alex Kovalchuk,Ч,37,,,,,3:23:20
Шосейні та кросові велосипеди - 100км Чоловіки,313,1448,Михайло Пономарьов,Ч,33,,,,,3:23:29
Шосейні та кросові велосипеди - 100км Чоловіки,314,1656,Каліон Максим,Ч,27,,,Monochrome,,3:23:32
Шосейні та кросові велосипеди - 100км Чоловіки,315,1532,Микола Чебикін,Ч,31,,,,,3:24:12
Шосейні та кросові велосипеди - 100км Чоловіки,316,1370,Андрій Алсуф'єв,Ч,51,,,,,3:24:14
Шосейні та кросові велосипеди - 100км Чоловіки,317,1052,Олександр Волинець,Ч,39,,,,,3:24:38
Шосейні та кросові велосипеди - 100км Чоловіки,318,1328,Максим Буднік,Ч,40,,,,,3:25:08
Шосейні та кросові велосипеди - 100км Чоловіки,319,1334,Женя Михальський,Ч,36,,,,,3:25:15
Шосейні та кросові велосипеди - 100км Чоловіки,320,1234,Артем Яковлев,Ч,28,,,,,3:25:17
Шосейні та кросові велосипеди - 100км Чоловіки,321,1540,Олександр Цибін,Ч,28,,,,,3:25:19
Шосейні та кросові велосипеди - 100км Чоловіки,322,9007,Александр Кубицький,Ч,33,,IGTRIP,,,3:25:23
Шосейні та кросові велосипеди - 100км Чоловіки,323,9086,Андрій Ромащенко,Ч,44,,,,,3:25:46
Шосейні та кросові велосипеди - 100км Чоловіки,324,1302,Кирило Пiнчук,Ч,31,,,,,3:26:01
Шосейні та кросові велосипеди - 100км Чоловіки,325,1574,Євгеній Гердик,Ч,27,,Genesis,Genesis,,3:26:01
Шосейні та кросові велосипеди - 100км Чоловіки,326,1403,Сергій Петриченко,Ч,37,,,,,3:26:14
Шосейні та кросові велосипеди - 100км Чоловіки,327,1098,Андрій Єременко,Ч,44,,,,,3:26:30
Шосейні та кросові велосипеди - 100км Чоловіки,328,1545,Khorunzhyi Oleh,Ч,23,,KPMG Cycling Team,KPMG Cycling Team,,3:26:37
Шосейні та кросові велосипеди - 100км Чоловіки,329,1386,Гліб Бітюков,Ч,44,,,,,3:26:39
Шосейні та кросові велосипеди - 100км Чоловіки,330,1037,Андрій Кононір,Ч,40,,,,,3:26:53
Шосейні та кросові велосипеди - 100км Чоловіки,331,1084,VOLODYMYR BUBELA,Ч,46,,,,,3:26:53
Шосейні та кросові велосипеди - 100км Чоловіки,332,1230,Jacques Kaufmann,Ч,64,,,,,3:26:56
Шосейні та кросові велосипеди - 100км Чоловіки,333,1170,Микола Івінський,Ч,38,,,,,3:27:02
Шосейні та кросові велосипеди - 100км Чоловіки,334,1427,Павло Данилейко,Ч,38,,Khorol Rockets,,,3:27:34
Шосейні та кросові велосипеди - 100км Чоловіки,335,1586,Евгений Любич,Ч,32,,EVOPLAY,EVOPLAY,,3:27:36
Шосейні та кросові велосипеди - 100км Чоловіки,336,1061,Віталій Бугера,Ч,37,,,,,3:27:36
Шосейні та кросові велосипеди - 100км Чоловіки,337,1637,Володимир Тягун,Ч,37,,,,,3:27:40
Шосейні та кросові велосипеди - 100км Чоловіки,338,1564,Олександр Дука,Ч,28,,Genesis,Genesis,,3:27:47
Шосейні та кросові велосипеди - 100км Чоловіки,339,9075,Володимир Кабаченко,Ч,34,,,,,3:28:05
Шосейні та кросові велосипеди - 100км Чоловіки,340,1576,Volodymyr Lutsenko,Ч,44,,,,,3:28:07
Шосейні та кросові велосипеди - 100км Чоловіки,341,1210,Oleksii Orlov,Ч,33,,Velopipiski,Velopipiski,,3:28:10
Шосейні та кросові велосипеди - 100км Чоловіки,342,1303,Ігор Троценко,Ч,57,,,,,3:28:11
Шосейні та кросові велосипеди - 100км Чоловіки,343,1453,Щурук Олександр,Ч,25,,,,,3:28:22
Шосейні та кросові велосипеди - 100км Чоловіки,344,1615,Костянтин Щурик,Ч,32,,,,,3:28:32
Шосейні та кросові велосипеди - 100км Чоловіки,345,1076,Eduard Panasevych,Ч,27,,,,,3:29:03
Шосейні та кросові велосипеди - 100км Чоловіки,346,1013,Pavlo Vetokh,Ч,38,,,,,3:29:17
Шосейні та кросові велосипеди - 100км Чоловіки,347,1565,Богдан Шемберко,Ч,28,,Genesis,Genesis,,3:29:47
Шосейні та кросові велосипеди - 100км Чоловіки,348,1456,Dimitriy Lukianenko,Ч,39,,,,,3:29:59
Шосейні та кросові велосипеди - 100км Чоловіки,349,1649,Дворский Артём,Ч,31,,,,,3:30:12
Шосейні та кросові велосипеди - 100км Чоловіки,350,1484,Дмитро Назаренко,Ч,36,,,,,3:30:15
Шосейні та кросові велосипеди - 100км Чоловіки,351,1693,Роберт Герасименко,Ч,33,,,,,3:30:15
Шосейні та кросові велосипеди - 100км Чоловіки,352,1638,Денис Ковтун,Ч,35,,,,,3:30:17
Шосейні та кросові велосипеди - 100км Чоловіки,353,1705,Старчик  Андрій,Ч,71,,,,,3:30:33
Шосейні та кросові велосипеди - 100км Чоловіки,354,1700,Старчик  Володимир,Ч,41,,,,,3:30:35
Шосейні та кросові велосипеди - 100км Чоловіки,355,1572,Костецький Владислав,Ч,27,,Genesis,Genesis,,3:30:55
Шосейні та кросові велосипеди - 100км Чоловіки,356,9004,Олександр Река,Ч,32,,Аматор,,,3:30:58
Шосейні та кросові велосипеди - 100км Чоловіки,357,1476,Андрій Бугера,Ч,32,,,,,3:31:02
Шосейні та кросові велосипеди - 100км Чоловіки,358,1083,Bielash Vitalii,Ч,41,,,,,3:31:03
Шосейні та кросові велосипеди - 100км Чоловіки,359,1452,Віктор Родін,Ч,32,,,,,3:31:04
Шосейні та кросові велосипеди - 100км Чоловіки,360,1341,Валентин Калінін,Ч,25,,,,,3:31:04
Шосейні та кросові велосипеди - 100км Чоловіки,361,1068,Данііл Демешко,Ч,30,,ТриКатлеты,,,3:31:08
Шосейні та кросові велосипеди - 100км Чоловіки,362,1255,Юрій Вареник,Ч,51,,,,,3:31:24
Шосейні та кросові велосипеди - 100км Чоловіки,363,1372,Олег Тимошенко,Ч,42,,,Ну Погоди,,3:31:33
Шосейні та кросові велосипеди - 100км Чоловіки,364,1011,Виктор Коленкоров,Ч,31,,,,,3:31:42
Шосейні та кросові велосипеди - 100км Чоловіки,365,1041,Володимир Салітринський,Ч,52,,,,,3:31:44
Шосейні та кросові велосипеди - 100км Чоловіки,366,1531,Валерій Макаренко,Ч,42,,De Novo,De Novo,,3:32:14
Шосейні та кросові велосипеди - 100км Чоловіки,367,1469,Сергій Бабаєв,Ч,34,,,,,3:32:29
Шосейні та кросові велосипеди - 100км Чоловіки,368,1056,Андрій Колоша,Ч,41,,,,,3:32:30
Шосейні та кросові велосипеди - 100км Чоловіки,369,1533,Евген Грималовский,Ч,31,,СК Фаворит,Фаворит,,3:32:31
Шосейні та кросові велосипеди - 100км Чоловіки,370,1468,Станіслав Бабаєв,Ч,31,,,,,3:32:32
Шосейні та кросові велосипеди - 100км Чоловіки,371,1385,Олексій Дегтяренко,Ч,43,,,Добробут,,3:32:42
Шосейні та кросові велосипеди - 100км Чоловіки,372,1031,Дмитро Дєтковський,Ч,35,,,Viyar Bike Team,,3:32:43
Шосейні та кросові велосипеди - 100км Чоловіки,373,1296,Олексій Коломієць,Ч,36,,,,,3:32:54
Шосейні та кросові велосипеди - 100км Чоловіки,374,1155,Oleksii Ivanov,Ч,26,,,,,3:32:56
Шосейні та кросові велосипеди - 100км Чоловіки,375,1477,Василь Абрамов,Ч,71,,,,,3:32:59
Шосейні та кросові велосипеди - 100км Чоловіки,376,1040,Сергей Роговой,Ч,31,,,,,3:33:18
Шосейні та кросові велосипеди - 100км Чоловіки,377,1408,Дмитрий Кручик,Ч,31,,capital tri,,,3:33:38
Шосейні та кросові велосипеди - 100км Чоловіки,378,1614,Іван Кубрак,Ч,29,,Gravel Dogs,,,3:33:38
Шосейні та кросові велосипеди - 100км Чоловіки,379,1039,Юрій Макух,Ч,34,,ad hoc,ad hoc,,3:33:39
Шосейні та кросові велосипеди - 100км Чоловіки,380,9022,Евген Сердюк,Ч,28,,,,,3:33:44
Шосейні та кросові велосипеди - 100км Чоловіки,381,1290,Дмитро Золотько,Ч,54,,,,,3:34:12
Шосейні та кросові велосипеди - 100км Чоловіки,382,1653,Ігор Буглак,Ч,58,,,,,3:34:14
Шосейні та кросові велосипеди - 100км Чоловіки,383,9038,Игорь Коваль,Ч,35,,JDE,,,3:34:20
Шосейні та кросові велосипеди - 100км Чоловіки,384,1361,Захар Гусак,Ч,32,,,,,3:34:46
Шосейні та кросові велосипеди - 100км Чоловіки,385,1416,Владислав Нарижний,Ч,33,,GNK team,,,3:34:49
Шосейні та кросові велосипеди - 100км Чоловіки,386,1137,Андрій Чернюк,Ч,37,,,,,3:34:55
Шосейні та кросові велосипеди - 100км Чоловіки,387,1690,Serhii Okun,Ч,35,,,Infopulse,,3:35:01
Шосейні та кросові велосипеди - 100км Чоловіки,388,1078,Ігор Савченкр,Ч,37,,,,,3:35:02
Шосейні та кросові велосипеди - 100км Чоловіки,389,1064,Олександр Гай,Ч,42,,,,,3:35:12
Шосейні та кросові велосипеди - 100км Чоловіки,390,1199,Босюк Олег,Ч,28,,,,,3:35:21
Шосейні та кросові велосипеди - 100км Чоловіки,391,1559,Олександр Гаркавенко,Ч,48,,,,,3:35:21
Шосейні та кросові велосипеди - 100км Чоловіки,392,1139,Sergej Sumlenny,Ч,41,,,,,3:35:26
Шосейні та кросові велосипеди - 100км Чоловіки,393,1225,Виталий Пиунов,Ч,33,,,MEDMAG,,3:35:27
Шосейні та кросові велосипеди - 100км Чоловіки,394,1297,Олег Гнітецький,Ч,59,,,,,3:35:28
Шосейні та кросові велосипеди - 100км Чоловіки,395,1547,Андрій Куценко,Ч,36,,,Infopulse,,3:35:32
Шосейні та кросові велосипеди - 100км Чоловіки,396,1291,Сергій Метілап,Ч,29,,,,,3:36:24
Шосейні та кросові велосипеди - 100км Чоловіки,397,1555,Максим Матвеєв,Ч,41,,,,,3:36:31
Шосейні та кросові велосипеди - 100км Чоловіки,398,9018,Олег Дьяченко,Ч,48,,,,,3:36:59
Шосейні та кросові велосипеди - 100км Чоловіки,399,1616,Максим Скиба,Ч,31,,,,,3:37:02
Шосейні та кросові велосипеди - 100км Чоловіки,400,1284,Антон Стика,Ч,35,,,,,3:37:08
Шосейні та кросові велосипеди - 100км Чоловіки,401,1379,Сергій Ісаєв,Ч,30,,Farmak Cycling Club,Farmak Cycling Club,,3:37:18
Шосейні та кросові велосипеди - 100км Чоловіки,402,1269,Максим Оченашко,Ч,26,,,,,3:37:43
Шосейні та кросові велосипеди - 100км Чоловіки,403,1397,Роман Хрипунов,Ч,36,,,WG-VBR,,3:37:47
Шосейні та кросові велосипеди - 100км Чоловіки,404,1582,Виалій Кваша,Ч,33,,,,,3:37:56
Шосейні та кросові велосипеди - 100км Чоловіки,405,1266,Семеняко Михайло,Ч,29,,,,,3:38:16
Шосейні та кросові велосипеди - 100км Чоловіки,406,1260,Костя Данілкович,Ч,37,,,,,3:38:24
Шосейні та кросові велосипеди - 100км Чоловіки,407,1105,Kevin Nelson,Ч,51,,echelon,,,3:38:29
Шосейні та кросові велосипеди - 100км Чоловіки,408,1355,Олексій Радонов,Ч,40,,,,,3:38:30
Шосейні та кросові велосипеди - 100км Чоловіки,409,1373,Andrii Babich,Ч,33,,,,,3:38:33
Шосейні та кросові велосипеди - 100км Чоловіки,410,1357,Роман Стоянов,Ч,39,,Velo-Strana.com,Velo-Strana.com,,3:39:00
Шосейні та кросові велосипеди - 100км Чоловіки,411,1331,Максим Назарок,Ч,29,,,,,3:39:11
Шосейні та кросові велосипеди - 100км Чоловіки,412,1213,Євген Васильєв,Ч,50,,KyivBicycleClub,,,3:39:37
Шосейні та кросові велосипеди - 100км Чоловіки,413,1671,Дмитро Шматок,Ч,38,,АРТРОЗ-ОДЕССА,,,3:39:40
Шосейні та кросові велосипеди - 100км Чоловіки,414,1017,Олександр Навка,Ч,30,,,,,3:39:51
Шосейні та кросові велосипеди - 100км Чоловіки,415,1272,Богдан Путін,Ч,27,,,,,3:40:38
Шосейні та кросові велосипеди - 100км Чоловіки,416,1128,Євген Дерев’янко,Ч,35,,19,,,3:40:43
Шосейні та кросові велосипеди - 100км Чоловіки,417,1089,Ігор Кобзар,Ч,37,,,,,3:40:59
Шосейні та кросові велосипеди - 100км Чоловіки,418,1172,Олександр Головін,Ч,34,,,,,3:40:59
Шосейні та кросові велосипеди - 100км Чоловіки,419,1625,Konstantin Petrov,Ч,39,,,,,3:41:19
Шосейні та кросові велосипеди - 100км Чоловіки,420,1457,Евгений Тимошенко,Ч,30,,,,,3:41:41
Шосейні та кросові велосипеди - 100км Чоловіки,421,1391,Павло Волощак,Ч,22,,Starbikes,,,3:41:48
Шосейні та кросові велосипеди - 100км Чоловіки,422,1654,Сергей Гриб,Ч,47,,,,,3:42:11
Шосейні та кросові велосипеди - 100км Чоловіки,423,1305,Сергій Марченко,Ч,29,,,,,3:43:10
Шосейні та кросові велосипеди - 100км Чоловіки,424,1569,Петлицький Олексій,Ч,31,,Genesis,Genesis,,3:43:34
Шосейні та кросові велосипеди - 100км Чоловіки,425,1543,Fedorchuk Bogdan,Ч,23,,KPMG Cycling Team,KPMG Cycling Team,,3:44:12
Шосейні та кросові велосипеди - 100км Чоловіки,426,1050,Богдан Федорчук,Ч,23,,,Data Bike Team,,3:44:12
Шосейні та кросові велосипеди - 100км Чоловіки,427,1678,Сергій Головко,Ч,26,,,,,3:44:17
Шосейні та кросові велосипеди - 100км Чоловіки,428,1639,Andrii Chernokozov,Ч,32,,,,,3:44:39
Шосейні та кросові велосипеди - 100км Чоловіки,429,1318,Oleksandr Kholod,Ч,36,,,,,3:44:49
Шосейні та кросові велосипеди - 100км Чоловіки,430,1606,Євгеній Ярмак,Ч,34,,,,,3:44:50
Шосейні та кросові велосипеди - 100км Чоловіки,431,1264,Валентин Стрельцов,Ч,35,,,,,3:45:06
Шосейні та кросові велосипеди - 100км Чоловіки,432,1611,Андрій Попіль,Ч,44,,,Центр гуманітарних місій,,3:45:12
Шосейні та кросові велосипеди - 100км Чоловіки,433,1176,Андрій Бєлигін,Ч,30,,,,,3:45:13
Шосейні та кросові велосипеди - 100км Чоловіки,434,1114,Тарас Старичок,Ч,33,,,,,3:45:15
Шосейні та кросові велосипеди - 100км Чоловіки,435,1658,Дмитро Скоропаденко,Ч,38,,,,,3:45:25
Шосейні та кросові велосипеди - 100км Чоловіки,436,1182,Вадим Яцун,Ч,30,,,,,3:45:51
Шосейні та кросові велосипеди - 100км Чоловіки,437,1265,Сергій Скриннік,Ч,29,,,,,3:46:38
Шосейні та кросові велосипеди - 100км Чоловіки,438,1501,Віталій Еленгаупт,Ч,31,,,,,3:46:56
Шосейні та кросові велосипеди - 100км Чоловіки,439,1489,Артем Колодяжний,Ч,31,,,PARIMATCH TECH,,3:47:22
Шосейні та кросові велосипеди - 100км Чоловіки,440,1496,Сергій Цикало,Ч,33,,,,,3:47:45
Шосейні та кросові велосипеди - 100км Чоловіки,441,1633,Роман Даценко,Ч,48,,,,,3:47:55
Шосейні та кросові велосипеди - 100км Чоловіки,442,1287,Сергій Бабієнко,Ч,26,,,,,3:48:45
Шосейні та кросові велосипеди - 100км Чоловіки,443,1393,Максим Жуков,Ч,35,,Артроз Одесса,,,3:48:46
Шосейні та кросові велосипеди - 100км Чоловіки,444,1566,Ігор Бучко,Ч,28,,Genesis,Genesis,,3:48:52
Шосейні та кросові велосипеди - 100км Чоловіки,445,1594,Олександр Якименко,Ч,38,,,,,3:48:58
Шосейні та кросові велосипеди - 100км Чоловіки,446,1665,Євген Щукін,Ч,35,,,,,3:49:03
Шосейні та кросові велосипеди - 100км Чоловіки,447,1595,Олександр Василенко,Ч,29,,,,,3:49:36
Шосейні та кросові велосипеди - 100км Чоловіки,448,1575,Максим Сидоренко,Ч,26,,Genesis,Genesis,,3:50:13
Шосейні та кросові велосипеди - 100км Чоловіки,449,1073,Сергій Степанец,Ч,60,,ТриКатлеты,,,3:50:37
Шосейні та кросові велосипеди - 100км Чоловіки,450,1621,Олександр Риндюк,Ч,25,,Vinrc,,,3:51:06
Шосейні та кросові велосипеди - 100км Чоловіки,451,1419,Сергій Риндюк,Ч,31,,NoBoringRunners,,,3:51:06
Шосейні та кросові велосипеди - 100км Чоловіки,452,1153,Александр Смирнов,Ч,62,,Веломастер,,,3:51:32
Шосейні та кросові велосипеди - 100км Чоловіки,453,9080,Андрій Ніколаєа,Ч,88,,,,,3:52:48
Шосейні та кросові велосипеди - 100км Чоловіки,454,1157,Гліб Іщенко,Ч,29,,,,,3:52:55
Шосейні та кросові велосипеди - 100км Чоловіки,455,1256,Владислав Романов,Ч,20,,,,,3:53:16
Шосейні та кросові велосипеди - 100км Чоловіки,456,1429,Антон Пелих,Ч,32,,,,,3:54:15
Шосейні та кросові велосипеди - 100км Чоловіки,457,1556,Олег Колесник,Ч,36,,,,,3:54:19
Шосейні та кросові велосипеди - 100км Чоловіки,458,1567,Чирва Сергій,Ч,29,,Genesis,Genesis,,3:54:27
Шосейні та кросові велосипеди - 100км Чоловіки,459,1193,Євген Семаш,Ч,44,,,,,3:54:28
Шосейні та кросові велосипеди - 100км Чоловіки,460,9068,Микола Кирилович,Ч,40,,FC InBev,,,3:54:51
Шосейні та кросові велосипеди - 100км Чоловіки,461,1158,Андрій Горішній,Ч,50,,,,,3:54:58
Шосейні та кросові велосипеди - 100км Чоловіки,462,1149,Вадим Горошко,Ч,39,,,,,3:55:05
Шосейні та кросові велосипеди - 100км Чоловіки,463,1095,Артур Диасамидзе,Ч,30,,,,,3:55:17
Шосейні та кросові велосипеди - 100км Чоловіки,464,1055,Олексій Волошин,Ч,35,,,,,3:55:56
Шосейні та кросові велосипеди - 100км Чоловіки,465,1179,Алексей Татариков,Ч,30,,,,,3:55:58
Шосейні та кросові велосипеди - 100км Чоловіки,466,1622,Андрей Афанасьев,Ч,30,,,,,3:56:16
Шосейні та кросові велосипеди - 100км Чоловіки,467,1106,Артём Сененко,Ч,36,,,,,3:56:17
Шосейні та кросові велосипеди - 100км Чоловіки,468,1252,Сергій Соломка,Ч,38,,,,,3:57:23
Шосейні та кросові велосипеди - 100км Чоловіки,469,1591,Олег Жуков,Ч,38,,OTP Bicycle Team,,,3:57:25
Шосейні та кросові велосипеди - 100км Чоловіки,470,1007,Valerii Bieloienko,Ч,27,,OTP Bicycle Team,,,3:57:27
Шосейні та кросові велосипеди - 100км Чоловіки,471,1652,Александр Катаев,Ч,33,,,,,3:57:33
Шосейні та кросові велосипеди - 100км Чоловіки,472,1381,Іван Павлов,Ч,36,,Farmak Cycling Club,Farmak Cycling Club,,3:57:53
Шосейні та кросові велосипеди - 100км Чоловіки,473,1243,Олександр Ярмоленко,Ч,33,,,Новобеличи,,3:57:58
Шосейні та кросові велосипеди - 100км Чоловіки,474,9081,Влад Кибзун,Ч,25,,,,,3:58:08
Шосейні та кросові велосипеди - 100км Чоловіки,475,1194,Сергій Семенов,Ч,36,,,,,3:58:29
Шосейні та кросові велосипеди - 100км Чоловіки,476,9067,Павло Маковецький,Ч,44,,,,,3:58:34
Шосейні та кросові велосипеди - 100км Чоловіки,477,1548,Андрій Третьяков,Ч,100,,Anyway cycling,Anyway cycling,,3:59:07
Шосейні та кросові велосипеди - 100км Чоловіки,478,1646,Михайло Третьяков,Ч,38,,Клуб друзей,Клуб друзей,,3:59:08
Шосейні та кросові велосипеди - 100км Чоловіки,479,1129,Дмитро Мельников,Ч,37,,Дикі пси,,,3:59:21
Шосейні та кросові велосипеди - 100км Чоловіки,480,1603,Андрій Медведєв,Ч,37,,,,,4:00:23
Шосейні та кросові велосипеди - 100км Чоловіки,481,1444,Артем Москаленко,Ч,36,,,,,4:00:40
Шосейні та кросові велосипеди - 100км Чоловіки,482,1173,Назарій Бартошик,Ч,31,,,,,4:01:08
Шосейні та кросові велосипеди - 100км Чоловіки,483,1317,Олександр Темченко,Ч,32,,,,,4:01:52
Шосейні та кросові велосипеди - 100км Чоловіки,484,1475,Кабанов Микита,Ч,34,,PARIMATCH TECH,PARIMATCH TECH,,4:02:01
Шосейні та кросові велосипеди - 100км Чоловіки,485,1672,Александр Вивчаренко,Ч,61,,,,,4:02:25
Шосейні та кросові велосипеди - 100км Чоловіки,486,1036,Антон Чуб,Ч,29,,,,,4:02:44
Шосейні та кросові велосипеди - 100км Чоловіки,487,1695,Валентин Пинчук,Ч,50,,,,,4:03:02
Шосейні та кросові велосипеди - 100км Чоловіки,488,1642,Андрій Мурашкін,Ч,38,,,,,4:03:04
Шосейні та кросові велосипеди - 100км Чоловіки,489,1085,Денис Біляк,Ч,31,,,,,4:03:27
Шосейні та кросові велосипеди - 100км Чоловіки,490,1169,Дмитро Кукуруза,Ч,30,,Kyiv Bicycle Club,,,4:03:31
Шосейні та кросові велосипеди - 100км Чоловіки,491,1352,Андрей Кузовчиков,Ч,31,,Flostter LLC,,,4:03:35
Шосейні та кросові велосипеди - 100км Чоловіки,492,1025,Valentin Tufekchi,Ч,27,,Camozzi Ukraine,Camozzi Ukraine,,4:04:01
Шосейні та кросові велосипеди - 100км Чоловіки,493,1480,Юрий Пендюр,Ч,35,,,,,4:05:16
Шосейні та кросові велосипеди - 100км Чоловіки,494,1161,Євгеній Василенко,Ч,35,,NikAS,,,4:05:25
Шосейні та кросові велосипеди - 100км Чоловіки,495,1320,Владислав Буйницький,Ч,24,,Велоклуб любителей пива,,,4:06:21
Шосейні та кросові велосипеди - 100км Чоловіки,496,1627,Богдан Кустовський,Ч,23,,,,,4:06:25
Шосейні та кросові велосипеди - 100км Чоловіки,497,1417,Игорь Тищенко,Ч,38,,OTP cycling team,OTP cycling team,,4:06:49
Шосейні та кросові велосипеди - 100км Чоловіки,498,1503,Artem Zhebrovskyi,Ч,37,,,,,4:07:03
Шосейні та кросові велосипеди - 100км Чоловіки,499,1495,Данило Ющенко,Ч,18,,,,,4:07:12
Шосейні та кросові велосипеди - 100км Чоловіки,500,1108,Роман Гришин,Ч,32,,,,,4:07:22
Шосейні та кросові велосипеди - 100км Чоловіки,501,1071,Володимир Демешко,Ч,56,,ТриКатлеты,,,4:07:36
Шосейні та кросові велосипеди - 100км Чоловіки,502,1709,Дмитро Таранчук,Ч,44,,Farmak Cycling Club,Farmak Cycling Club,,4:07:37
Шосейні та кросові велосипеди - 100км Чоловіки,503,1390,Nickolay Gutovskiy,Ч,41,,,,,4:07:48
Шосейні та кросові велосипеди - 100км Чоловіки,504,1571,Володимир Томащук,Ч,25,,Genesis,Genesis,,4:07:58
Шосейні та кросові велосипеди - 100км Чоловіки,505,1666,Ruslan Kirianov,Ч,40,,,,,4:09:32
Шосейні та кросові велосипеди - 100км Чоловіки,506,1445,Сергій Мовчан,Ч,28,,,,,4:11:09
Шосейні та кросові велосипеди - 100км Чоловіки,507,1519,Артем Карпішин,Ч,32,,Velopipiski,,,4:11:54
Шосейні та кросові велосипеди - 100км Чоловіки,508,1538,Danylo Kyrmach,Ч,32,,Velopipiski,Velopipiski,,4:11:54
Шосейні та кросові велосипеди - 100км Чоловіки,509,1400,Григорій Мироненко,Ч,33,,Камон Хамон,,,4:11:58
Шосейні та кросові велосипеди - 100км Чоловіки,510,1488,Vasyl Solomakhin,Ч,31,,,,,4:11:58
Шосейні та кросові велосипеди - 100км Чоловіки,511,1640,Дмитро Сторожик,Ч,42,,,,,4:12:08
Шосейні та кросові велосипеди - 100км Чоловіки,512,1655,Сергей Надеевец,Ч,41,,,,,4:13:01
Шосейні та кросові велосипеди - 100км Чоловіки,513,1224,Евгений Зайченко,Ч,30,,,,,4:13:14
Шосейні та кросові велосипеди - 100км Чоловіки,514,1507,Денис Банніков,Ч,31,,,,,4:13:15
Шосейні та кросові велосипеди - 100км Чоловіки,515,1222,Сергей Боголeй,Ч,30,,,,,4:13:16
Шосейні та кросові велосипеди - 100км Чоловіки,516,1513,Олексій Атаманчук,Ч,26,,,,,4:13:18
Шосейні та кросові велосипеди - 100км Чоловіки,517,1360,Микола Балецький,Ч,38,,,,,4:13:37
Шосейні та кросові велосипеди - 100км Чоловіки,518,1446,Ярослав Гарнюк,Ч,31,,,,,4:14:14
Шосейні та кросові велосипеди - 100км Чоловіки,519,1273,Андрій Брижицький,Ч,25,,Chill ride,,,4:15:08
Шосейні та кросові велосипеди - 100км Чоловіки,520,1612,Анатолій Михайленко,Ч,53,,,,,4:15:09
Шосейні та кросові велосипеди - 100км Чоловіки,521,1267,Алексей Шаравара,Ч,30,,,,,4:15:44
Шосейні та кросові велосипеди - 100км Чоловіки,522,1189,Сергій Коцур,Ч,32,,,,,4:16:58
Шосейні та кросові велосипеди - 100км Чоловіки,523,1541,Danyliuk Bohdan,Ч,22,,KPMG Cycling Team,KPMG Cycling Team,,4:17:04
Шосейні та кросові велосипеди - 100км Чоловіки,524,1325,Ігор Дмитренко,Ч,25,,,,,4:17:37
Шосейні та кросові велосипеди - 100км Чоловіки,525,1585,Александр Паньков,Ч,27,,,EVOPLAY,,4:18:21
Шосейні та кросові велосипеди - 100км Чоловіки,526,1336,Денис Дьячук,Ч,25,,Велоклуб любителей пива,,,4:18:38
Шосейні та кросові велосипеди - 100км Чоловіки,527,1643,Максим Горбонос,Ч,32,,,,,4:18:59
Шосейні та кросові велосипеди - 100км Чоловіки,528,1356,Віталій Сушан,Ч,23,,,,,4:19:40
Шосейні та кросові велосипеди - 100км Чоловіки,529,1231,Юрій Колоколов,Ч,38,,,GlobalLogic,,4:19:49
Шосейні та кросові велосипеди - 100км Чоловіки,530,1683,Андрій Авдієнко,Ч,40,,Infopulse,Infopulse,,4:20:35
Шосейні та кросові велосипеди - 100км Чоловіки,531,1339,Костянтин Євтушенко,Ч,56,,,,,4:22:27
Шосейні та кросові велосипеди - 100км Чоловіки,532,1601,Стас Коваленко,Ч,26,,Велогонци,Велогонци,,4:22:37
Шосейні та кросові велосипеди - 100км Чоловіки,533,1268,Руслан Євтушенко,Ч,36,,,,,4:22:42
Шосейні та кросові велосипеди - 100км Чоловіки,534,1641,Олександр Березкін,Ч,33,,,,,4:23:04
Шосейні та кросові велосипеди - 100км Чоловіки,535,1218,Олександр Дяченко,Ч,26,,,,,4:23:30
Шосейні та кросові велосипеди - 100км Чоловіки,536,1211,Александр Уваров,Ч,32,,,,,4:24:26
Шосейні та кросові велосипеди - 100км Чоловіки,537,1274,Вячеслав Руденко,Ч,30,,Chill Out Ride,,,4:25:20
Шосейні та кросові велосипеди - 100км Чоловіки,538,1087,Олександр Закоморний,Ч,37,,,,,4:25:25
Шосейні та кросові велосипеди - 100км Чоловіки,539,1332,Ігор Смаглюк,Ч,50,,,,,4:26:26
Шосейні та кросові велосипеди - 100км Чоловіки,540,1337,Юрій Шаламай,Ч,43,,,,,4:26:41
Шосейні та кросові велосипеди - 100км Чоловіки,541,1485,Андрій Марченко,Ч,37,,,,,4:27:12
Шосейні та кросові велосипеди - 100км Чоловіки,542,1254,Антон Карпенко,Ч,31,,,,,4:27:28
Шосейні та кросові велосипеди - 100км Чоловіки,543,1562,Ігор Чорний,Ч,33,,Genesis,Genesis,,4:28:21
Шосейні та кросові велосипеди - 100км Чоловіки,544,1459,Максим Денисов,Ч,35,,,,,4:28:33
Шосейні та кросові велосипеди - 100км Чоловіки,545,11,Олег Кривошеєв,Ч,53,,,,,4:29:48
Шосейні та кросові велосипеди - 100км Чоловіки,546,1343,Анатолій Гасашвілі,Ч,60,,,,,4:30:36
Шосейні та кросові велосипеди - 100км Чоловіки,547,1247,Віктор Журавель,Ч,47,,,,,4:30:50
Шосейні та кросові велосипеди - 100км Чоловіки,548,1033,Сергій Лисенко,Ч,50,,,,,4:30:54
Шосейні та кросові велосипеди - 100км Чоловіки,549,1236,Дмитро Горелік,Ч,32,,,,,4:30:55
Шосейні та кросові велосипеди - 100км Чоловіки,550,1629,Валентин Кириленко,Ч,37,,,,,4:30:58
Шосейні та кросові велосипеди - 100км Чоловіки,551,1126,Олександр Братель,Ч,44,,,,,4:32:07
Шосейні та кросові велосипеди - 100км Чоловіки,552,1228,Sergey Artsimovych,Ч,26,,,,,4:34:52
Шосейні та кросові велосипеди - 100км Чоловіки,553,1432,Юрій Михайлик,Ч,34,,printto.com.ua,printto.com.ua,,4:37:04
Шосейні та кросові велосипеди - 100км Чоловіки,554,1619,Игорь Хохлачёв,Ч,25,,,,,4:38:48
Шосейні та кросові велосипеди - 100км Чоловіки,555,1197,Олексій Харін,Ч,38,,,,,4:39:24
Шосейні та кросові велосипеди - 100км Чоловіки,556,1046,Ющик Олександр,Ч,44,,,,,4:39:57
Шосейні та кросові велосипеди - 100км Чоловіки,557,1366,Дмитро Омеляненко,Ч,41,,,,,4:43:07
Шосейні та кросові велосипеди - 100км Чоловіки,558,1626,Олександр Григораш,Ч,61,,,,,4:43:36
Шосейні та кросові велосипеди - 100км Чоловіки,559,1624,Сергій Руденко,Ч,35,,,,,4:52:49
Шосейні та кросові велосипеди - 100км Чоловіки,560,1159,Олександр Коваленко,Ч,35,,,,,4:53:02
Шосейні та кросові велосипеди - 100км Чоловіки,561,1237,Виктор Рачек,Ч,34,,probike.ukraine,,,4:54:52
Шосейні та кросові велосипеди - 100км Чоловіки,562,1697,Владислав Хоменко,Ч,27,,,,,4:54:58
Шосейні та кросові велосипеди - 100км Чоловіки,563,1180,Dmytro Krushelnytskyi,Ч,35,,,,,4:56:16
Шосейні та кросові велосипеди - 100км Чоловіки,564,1065,Віталій Заболотній,Ч,30,,Ubisoft,Ubisoft,,4:57:03
Шосейні та кросові велосипеди - 100км Чоловіки,565,1376,Олексій Бобовніков,Ч,37,,,,,4:57:25
Шосейні та кросові велосипеди - 100км Чоловіки,566,1043,Андрій Чугункін,Ч,25,,,,,4:58:38
Шосейні та кросові велосипеди - 100км Чоловіки,567,1143,Анатолий Писаривский,Ч,26,,,,,5:00:05
Шосейні та кросові велосипеди - 100км Чоловіки,568,1479,Євгеній Якобчук,Ч,25,,,,,5:01:14
Шосейні та кросові велосипеди - 100км Чоловіки,569,1684,Nikolay Shatilo,Ч,36,,,Infopulse,,5:02:45
Шосейні та кросові велосипеди - 100км Чоловіки,570,1134,Юрій Мощенський,Ч,35,,,,,5:04:17
Шосейні та кросові велосипеди - 100км Чоловіки,571,1573,Уфімцев Дмитро,Ч,27,,Genesis,Genesis,,5:05:11
Шосейні та кросові велосипеди - 100км Чоловіки,572,1439,Константин Радченко,Ч,36,,,Радченко &Москаленко,,5:06:42
Шосейні та кросові велосипеди - 100км Чоловіки,573,1440,Андрей Москаленко,Ч,45,,,,,5:06:45
Шосейні та кросові велосипеди - 100км Чоловіки,574,1688,Sergii Kotliarevskyi,Ч,39,,,Infopulse,,5:06:51
Шосейні та кросові велосипеди - 100км Чоловіки,575,1026,Володимир Пристайко,Ч,38,,,,,5:08:42
Шосейні та кросові велосипеди - 100км Чоловіки,576,1090,Андрій Ткач,Ч,30,,,,,5:10:19
Шосейні та кросові велосипеди - 100км Чоловіки,577,1338,Сергій Осінський,Ч,54,,,,,5:10:27
Шосейні та кросові велосипеди - 100км Чоловіки,578,1499,Богдан Ярема,Ч,29,,,,,5:11:59
Шосейні та кросові велосипеди - 100км Чоловіки,579,1481,Олександр Шевченко,Ч,34,,,PARIMATCH TECH,,5:12:40
Шосейні та кросові велосипеди - 100км Чоловіки,580,1482,В'ячеслав Єфімцев,Ч,30,,,,,5:20:32
Шосейні та кросові велосипеди - 100км Чоловіки,581,1070,Дмитро Крекота,Ч,27,,,,,5:22:15
Шосейні та кросові велосипеди - 100км Чоловіки,582,1192,Евгений Ворков,Ч,27,,ЖЖЖ,ЖЖЖ,,5:36:00
Шосейні та кросові велосипеди - 100км Чоловіки,583,1631,Микола Безгін,Ч,31,,,Матрасні далекобійники,,5:40:01
Шосейні та кросові велосипеди - 100км Чоловіки,584,1097,Вячеслав Ємельянцев,Ч,46,,,,,5:40:45
Шосейні та кросові велосипеди - 100км Чоловіки,585,1023,Андрій Паламарчук,Ч,100,,,,,5:52:37
Шосейні та кросові велосипеди - 100км Чоловіки,586,1321,Сергій Марущак,Ч,31,,,PARIMATCH TECH,,6:02:33
Шосейні та кросові велосипеди - 100км Чоловіки,587,1687,Андрій Карачук,Ч,33,,,Infopulse,,6:02:38
Шосейні та кросові велосипеди - 100км Чоловіки,588,1309,Ігор Орловський,Ч,32,,,,,6:09:01
Шосейні та кросові велосипеди - 100км Чоловіки,589,1609,Pavlo Marusyk,Ч,44,,,,,6:14:23
Шосейні та кросові велосипеди - 100км Чоловіки,590,1696,Сергій Назаренко,Ч,38,,,,,6:31:02
Шосейні та кросові велосипеди - 100км Чоловіки,591,1618,Роман Рибальченко,Ч,32,,,,,6:40:09
Шосейні та кросові велосипеди - 100км Чоловіки,592,1682,Павло Павловський,Ч,35,,,,,
Шосейні та кросові велосипеди - 100км Чоловіки,593,1647,Валентин Карпенко,Ч,60,,,,,
Шосейні та кросові велосипеди - 100км Чоловіки,594,1021,Олексій Лебедєв,Ч,42,,,,,
Шосейні та кросові велосипеди - 100км Чоловіки,595,1024,Олексій Петренко,Ч,29,,,,,
Шосейні та кросові велосипеди - 100км Чоловіки,596,1409,Павло Корчинський,Ч,38,,,,,
Шосейні та кросові велосипеди - 100км Чоловіки,597,1423,Вадим Токар,Ч,32,,,,,
Шосейні та кросові велосипеди - 100км Чоловіки,DQ,1310,Сергій Бебешко,Ч,40,,,,,
Шосейні та кросові велосипеди - 100км Чоловіки,DNS,1454,Олександр Брюханов,Ч,48,,Dnepr Masters,,,
Шосейні та кросові велосипеди - 100км Чоловіки,DNS,1462,Ivan Bakhanov,Ч,21,,Cadence90,,,
Шосейні та кросові велосипеди - 100км Чоловіки,DNS,1473,Николай Драч,Ч,64,,,,,
Шосейні та кросові велосипеди - 100км Чоловіки,DNS,1474,Kyryl Avdieienko,Ч,32,,,PARIMATCH TECH,,
Шосейні та кросові велосипеди - 100км Чоловіки,DNS,1504,Станислав Садовый,Ч,26,,,,,
Шосейні та кросові велосипеди - 100км Чоловіки,DNS,1505,Denys Lazarenko,Ч,34,,Chameleon,Chameleon,,
Шосейні та кросові велосипеди - 100км Чоловіки,DNS,1518,Максим Співак,Ч,28,,,,,
Шосейні та кросові велосипеди - 100км Чоловіки,DNS,1526,Даніїл Дробот,Ч,23,,,,,
Шосейні та кросові велосипеди - 100км Чоловіки,DNS,9003,Денис Бадзюк,Ч,22,,VELOonline,,,
Шосейні та кросові велосипеди - 100км Чоловіки,DNS,9043,Egor Glushchenko,Ч,34,,JDE,,,
Шосейні та кросові велосипеди - 100км Чоловіки,DNS,1707,Константинов Всеволод,Ч,30,,CMS Group,,,
Шосейні та кросові велосипеди - 100км Чоловіки,DNS,1704,Rog Oleg,Ч,31,,Decathlon Ukraine,,,
Шосейні та кросові велосипеди - 100км Чоловіки,DNS,1663,Плут Віктор,Ч,42,,,,,
Шосейні та кросові велосипеди - 100км Чоловіки,DNS,1645,Андрій Тодоров,Ч,29,,,,,
Шосейні та кросові велосипеди - 100км Чоловіки,DNS,1623,Slava Varda,Ч,40,,,,,
Шосейні та кросові велосипеди - 100км Чоловіки,DNS,1604,Максим Коваль,Ч,33,,,,,
Шосейні та кросові велосипеди - 100км Чоловіки,DNS,1584,Євгеній Бачинський,Ч,34,,Sigma Software - Unicorn,Sigma Software - Unicorn,,
Шосейні та кросові велосипеди - 100км Чоловіки,DNS,1570,Руслан Бондаренко,Ч,26,,Genesis,Genesis,,
Шосейні та кросові велосипеди - 100км Чоловіки,DNS,1563,Дмитро Ганзюк,Ч,27,,Genesis,Genesis,,
Шосейні та кросові велосипеди - 100км Чоловіки,DNS,1542,Yankovski Alexey,Ч,43,,KPMG Cycling Team,KPMG Cycling Team,,
Шосейні та кросові велосипеди - 100км Чоловіки,DNS,1001,Антон Третьяков,Ч,33,,,,,
Шосейні та кросові велосипеди - 100км Чоловіки,DNS,1006,Тарас Колодько,Ч,47,,,,,
Шосейні та кросові велосипеди - 100км Чоловіки,DNS,1027,Саша Ісаєв,Ч,33,,,,,
Шосейні та кросові велосипеди - 100км Чоловіки,DNS,1032,Олександр Перушко,Ч,44,,,,,
Шосейні та кросові велосипеди - 100км Чоловіки,DNS,1038,Andrii Shavlovskyi,Ч,41,,,,,
Шосейні та кросові велосипеди - 100км Чоловіки,DNS,1047,Олександр Палій,Ч,40,,,,,
Шосейні та кросові велосипеди - 100км Чоловіки,DNS,1060,Євгеній Шульмейстер,Ч,26,,,,,
Шосейні та кросові велосипеди - 100км Чоловіки,DNS,1067,Kuprin Maksym,Ч,47,,,,,
Шосейні та кросові велосипеди - 100км Чоловіки,DNS,1074,Сахно Володимир,Ч,37,,,,,
Шосейні та кросові велосипеди - 100км Чоловіки,DNS,1100,Іван Насобков,Ч,31,,,,,
Шосейні та кросові велосипеди - 100км Чоловіки,DNS,1112,Андрій Корольчук,Ч,39,,,,,
Шосейні та кросові велосипеди - 100км Чоловіки,DNS,1115,Станіслав Пілецький,Ч,44,,echelon,,,
Шосейні та кросові велосипеди - 100км Чоловіки,DNS,1127,Сергій Ішутко,Ч,38,,,,,
Шосейні та кросові велосипеди - 100км Чоловіки,DNS,1133,Дмитро Ганжа,Ч,30,,,,,
Шосейні та кросові велосипеди - 100км Чоловіки,DNS,1136,Сергій Миселюк,Ч,39,,,,,
Шосейні та кросові велосипеди - 100км Чоловіки,DNS,1144,Олександр Кукулінський,Ч,46,,,,,
Шосейні та кросові велосипеди - 100км Чоловіки,DNS,1147,Сергій Кисиленко,Ч,40,,ISLAND,ISLAND,,
Шосейні та кросові велосипеди - 100км Чоловіки,DNS,1162,Виктор Блажченко,Ч,64,,Нет,,,
Шосейні та кросові велосипеди - 100км Чоловіки,DNS,1168,Volodymyr Guzak,Ч,38,,,,,
Шосейні та кросові велосипеди - 100км Чоловіки,DNS,1171,Дмитро Вернигородський,Ч,48,,Printto:,,,
Шосейні та кросові велосипеди - 100км Чоловіки,DNS,1191,MAX Kyrychenko,Ч,41,,Sigma Software - Unicorn,Sigma Software - Unicorn,,
Шосейні та кросові велосипеди - 100км Чоловіки,DNS,1205,Андрій Болюх,Ч,50,,,,,
Шосейні та кросові велосипеди - 100км Чоловіки,DNS,1217,Олександр Щиров,Ч,29,,,,,
Шосейні та кросові велосипеди - 100км Чоловіки,DNS,1223,Сергей Пиунов,Ч,33,,,MEDMAG,,
Шосейні та кросові велосипеди - 100км Чоловіки,DNS,1226,Білик Олексій,Ч,21,,,,,
Шосейні та кросові велосипеди - 100км Чоловіки,DNS,1233,Олексій Бібішкін,Ч,42,,,,,
Шосейні та кросові велосипеди - 100км Чоловіки,DNS,1242,Юрій Скляр,Ч,33,,,,,
Шосейні та кросові велосипеди - 100км Чоловіки,DNS,1248,Володимир Лисюк,Ч,35,,,,,
Шосейні та кросові велосипеди - 100км Чоловіки,DNS,1253,Євген Моргенштерн,Ч,41,,,,,
Шосейні та кросові велосипеди - 100км Чоловіки,DNS,1257,Олег Лівіцький,Ч,34,,,,,
Шосейні та кросові велосипеди - 100км Чоловіки,DNS,1288,Анатолій Сорока,Ч,34,,,,,
Шосейні та кросові велосипеди - 100км Чоловіки,DNS,1294,Олег Лымарь,Ч,24,,,,,
Шосейні та кросові велосипеди - 100км Чоловіки,DNS,1298,Сергій Гнітецький,Ч,57,,,,,
Шосейні та кросові велосипеди - 100км Чоловіки,DNS,1304,Andriy Yanko,Ч,43,,,,,
Шосейні та кросові велосипеди - 100км Чоловіки,DNS,1306,Олександр Москалюк,Ч,36,,,,,
Шосейні та кросові велосипеди - 100км Чоловіки,DNS,1313,Сергій Сальнік,Ч,100,,,,,
Шосейні та кросові велосипеди - 100км Чоловіки,DNS,1315,Андрій Степасюк,Ч,32,,Спілка Воїнів АТО Волині,,,
Шосейні та кросові велосипеди - 100км Чоловіки,DNS,1322,Ліщук Олександр,Ч,37,,,,,
Шосейні та кросові велосипеди - 100км Чоловіки,DNS,1327,Ярослав Омельяненко,Ч,29,,,,,
Шосейні та кросові велосипеди - 100км Чоловіки,DNS,1329,Петро Євтушок,Ч,36,,,,,
Шосейні та кросові велосипеди - 100км Чоловіки,DNS,1349,Dmytro Atamaniuk,Ч,27,,,,,
Шосейні та кросові велосипеди - 100км Чоловіки,DNS,1359,Олександр Рубель,Ч,31,,,,,
Шосейні та кросові велосипеди - 100км Чоловіки,DNS,1395,Дмитро Тодосійчук,Ч,37,,echelon,,,
Шосейні та кросові велосипеди - 100км Чоловіки,DNS,1406,Анатолій Танцюра,Ч,31,,SPORTOVEC,SPORTOVEC,,
Шосейні та кросові велосипеди - 100км Чоловіки,DNS,1428,Ігор Письменний,Ч,26,,,,,
Шосейні та кросові велосипеди - 100км Жінки,1,1204,Олександра Барабанщикова,Ж,32,,,,,2:50:11
Шосейні та кросові велосипеди - 100км Жінки,2,1319,Аліса Дубовецька,Ж,24,,,,,2:55:17
Шосейні та кросові велосипеди - 100км Жінки,3,1662,Єлизавета Лисько,Ж,33,,echelon,,,2:55:31
Шосейні та кросові велосипеди - 100км Жінки,4,1528,Oleksandra Brylenko,Ж,44,,Infopulse,Infopulse,,3:07:26
Шосейні та кросові велосипеди - 100км Жінки,5,1063,Дарья Евтушенко,Ж,23,,Infopulse,Infopulse,,3:17:32
Шосейні та кросові велосипеди - 100км Жінки,6,1514,Ірина Бондаренко,Ж,54,,SapikTeam,,,3:18:55
Шосейні та кросові велосипеди - 100км Жінки,7,1145,Катя Бардадім,Ж,30,,Cadence 90,,,3:20:05
Шосейні та кросові велосипеди - 100км Жінки,8,1434,Тетяна Самойленко,Ж,36,,,,,3:23:35
Шосейні та кросові велосипеди - 100км Жінки,9,1135,Наталія Шульга,Ж,33,,,,,3:27:08
Шосейні та кросові велосипеди - 100км Жінки,10,1150,Yulia Loenko,Ж,40,,Velohype,,,3:28:57
Шосейні та кросові велосипеди - 100км Жінки,11,1283,ІННА СТАШКО,Ж,30,,,,,3:29:49
Шосейні та кросові велосипеди - 100км Жінки,12,9021,Юлія Сердюк,Ж,23,,,,,3:33:45
Шосейні та кросові велосипеди - 100км Жінки,13,1346,Олеся Малюга,Ж,36,,,,,3:34:16
Шосейні та кросові велосипеди - 100км Жінки,14,1138,Леся Чернюк,Ж,38,,,,,3:34:53
Шосейні та кросові велосипеди - 100км Жінки,15,1188,Анна Степашко,Ж,34,,Triatman,,,3:35:27
Шосейні та кросові велосипеди - 100км Жінки,16,1447,Ольга Болєла,Ж,33,,,,,3:36:06
Шосейні та кросові велосипеди - 100км Жінки,17,1421,Ірина Ярошенко,Ж,37,,,WG-VBR,,3:37:48
Шосейні та кросові велосипеди - 100км Жінки,18,1249,Nastya Kosenko,Ж,19,,,,,3:41:12
Шосейні та кросові велосипеди - 100км Жінки,19,1410,Ольга Гур'єва,Ж,34,,,TTT.UA,,3:43:20
Шосейні та кросові велосипеди - 100км Жінки,20,1442,Марина Горбунова,Ж,30,,,,,3:43:31
Шосейні та кросові велосипеди - 100км Жінки,21,1282,Марина Слободянюк,Ж,28,,,,,3:45:42
Шосейні та кросові велосипеди - 100км Жінки,22,1259,Юлія Погрібна,Ж,38,,,Гарди,,3:46:49
Шосейні та кросові велосипеди - 100км Жінки,23,1648,Анна Товстопят,Ж,34,,,,,3:51:55
Шосейні та кросові велосипеди - 100км Жінки,24,1028,Kateryna Dietkovska,Ж,38,,,,,3:54:28
Шосейні та кросові велосипеди - 100км Жінки,25,9010,Оксана Заїка,Ж,42,,,,,3:55:41
Шосейні та кросові велосипеди - 100км Жінки,26,1378,Оля Дивнич-Бартошик,Ж,28,,Farmak Cycling Club,Farmak Cycling Club,,3:55:51
Шосейні та кросові велосипеди - 100км Жінки,27,1365,Анастасія Федіна,Ж,31,,,,,3:56:01
Шосейні та кросові велосипеди - 100км Жінки,28,1195,Марина Семенова,Ж,35,,,,,3:58:30
Шосейні та кросові велосипеди - 100км Жінки,29,1634,Тетяна Кукуруза,Ж,24,,,,,4:03:30
Шосейні та кросові велосипеди - 100км Жінки,30,1375,Anastasiia Sokolova,Ж,30,,,,,4:05:40
Шосейні та кросові велосипеди - 100км Жінки,31,1201,Анна Ясіньковська,Ж,25,,,,,4:07:08
Шосейні та кросові велосипеди - 100км Жінки,32,1554,Liudmyla Petrash,Ж,40,,SEBN.UA,,,4:07:57
Шосейні та кросові велосипеди - 100км Жінки,33,1568,Варвара Козлова,Ж,27,,Genesis,Genesis,,4:15:45
Шосейні та кросові велосипеди - 100км Жінки,34,1330,Анна Крилова,Ж,24,,,,,4:17:38
Шосейні та кросові велосипеди - 100км Жінки,35,1435,Наталія Нікітенко,Ж,35,,,,,4:26:34
Шосейні та кросові велосипеди - 100км Жінки,36,1431,Анастасия Недоливко,Ж,28,,,Team Me Spin (Ne Spim),,4:30:55
Шосейні та кросові велосипеди - 100км Жінки,37,1292,Марiя Королько,Ж,25,,,,,4:34:18
Шосейні та кросові велосипеди - 100км Жінки,38,1669,Юлія Кухаренко,Ж,35,,,,,4:36:10
Шосейні та кросові велосипеди - 100км Жінки,39,1301,Софія Цісаренко,Ж,27,,,,,4:39:51
Шосейні та кросові велосипеди - 100км Жінки,40,1109,Олена Ющик,Ж,39,,,,,4:39:57
Шосейні та кросові велосипеди - 100км Жінки,41,1380,Поліна Богданова,Ж,40,,Farmak Cycling Club,Farmak Cycling Club,,4:56:53
Шосейні та кросові велосипеди - 100км Жінки,42,1382,Світлана Андрєянова,Ж,38,,Farmak Cycling Club,Farmak Cycling Club,,5:00:17
Шосейні та кросові велосипеди - 100км Жінки,43,1166,Олена Кравченко,Ж,26,,,,,5:08:27
Шосейні та кросові велосипеди - 100км Жінки,44,1091,Людмила Ткач,Ж,28,,,,,5:10:23
Шосейні та кросові велосипеди - 100км Жінки,45,1632,Тамара Лиманська,Ж,31,,,Матрасні далекобійники,,5:40:11
Шосейні та кросові велосипеди - 100км Жінки,46,1035,Людмила Кирпаньова,Ж,100,,,,,5:52:36
Шосейні та кросові велосипеди - 100км Жінки,47,1529,Юлія Тесля,Ж,39,,Farmak Cycling Club,Farmak Cycling Club,,6:00:03
Шосейні та кросові велосипеди - 100км Жінки,48,1608,Olena Cherniavska,Ж,36,,,,,6:14:24
Шосейні та кросові велосипеди - 100км Жінки,49,1664,Анна Бондарчук,Ж,33,,,,,6:38:03
Шосейні та кросові велосипеди - 100км Жінки,50,1000,Anastasiia Petrova,Ж,29,,,,,
Шосейні та кросові велосипеди - 100км Жінки,51,1119,Ольга Чубай,Ж,48,,,,,
Шосейні та кросові велосипеди - 100км Жінки,DNS,1583,Юлія Ольховська,Ж,32,,,,,
Шосейні та кросові велосипеди - 100км Жінки,DNS,1132,Iryna Glushauskaite,Ж,32,,,,,
Шосейні та кросові велосипеди - 100км Жінки,DNS,1167,Olga Guzak,Ж,35,,,,,
Шосейні та кросові велосипеди - 100км Жінки,DNS,1280,Ирина Ильченко,Ж,36,,,,,
Шосейні та кросові велосипеди - 100км Жінки,DNS,1300,Діана Андрусенко,Ж,27,,,,,
MTB та гібриди - 100км Чоловіки,1,2515,Кресан Юрій,Ч,34,,Cherry Sport Club,Cherry Sport Club,,2:43:38
MTB та гібриди - 100км Чоловіки,2,2449,Костянтин Ткачук,Ч,33,,,Escape,,2:43:44
MTB та гібриди - 100км Чоловіки,3,2514,Юрий Руденко,Ч,40,,Escape,Escape,,2:43:50
MTB та гібриди - 100км Чоловіки,4,2499,Виталий Зубченко,Ч,32,,Escape,Escape,,2:43:52
MTB та гібриди - 100км Чоловіки,5,2561,Евгений Шилов,Ч,32,,DEEP Cycling,DEEP Cycling,,2:43:54
MTB та гібриди - 100км Чоловіки,6,2149,Николай Кулик,Ч,64,,Метеор,Днепр,,2:46:51
MTB та гібриди - 100км Чоловіки,7,2140,Valeriy Semenik,Ч,48,,КВНЖ,КВНЖ,,2:46:52
MTB та гібриди - 100км Чоловіки,8,2364,Сергій Калита,Ч,33,,,,,2:46:52
MTB та гібриди - 100км Чоловіки,9,2237,Андрій Гнездицький,Ч,39,,,,,2:46:53
MTB та гібриди - 100км Чоловіки,10,2495,Михайло Романов,Ч,25,,,,,2:46:54
MTB та гібриди - 100км Чоловіки,11,2303,Андрій Повійчук,Ч,33,,,,,2:46:54
MTB та гібриди - 100км Чоловіки,12,2114,Володимир Дорогих,Ч,33,,,,,2:46:56
MTB та гібриди - 100км Чоловіки,13,2005,Володимир Андрушко,Ч,32,,,,,2:47:04
MTB та гібриди - 100км Чоловіки,14,2113,Ruslan Kukhar,Ч,40,,Angry Beavers Team,Angry Beavers Team,,2:47:12
MTB та гібриди - 100км Чоловіки,15,2155,Yevhenii Rymarenko,Ч,38,,Porsche Zahid,,,2:51:09
MTB та гібриди - 100км Чоловіки,16,2247,Дима Виноградов,Ч,31,,VELOFARA.COM,,,2:51:32
MTB та гібриди - 100км Чоловіки,17,2211,Андрій Орлянський,Ч,40,,,BROVARY CYCLING TEAM,,2:52:25
MTB та гібриди - 100км Чоловіки,18,2031,Олександр Мартинов,Ч,60,,,,,2:56:55
MTB та гібриди - 100км Чоловіки,19,2388,Олексій Волобуєв,Ч,49,,-,-,,2:59:33
MTB та гібриди - 100км Чоловіки,20,2259,Владислав Ясний,Ч,24,,,,,3:00:04
MTB та гібриди - 100км Чоловіки,21,9031,Dmitriy Zakharchenko,Ч,36,,,,,3:00:07
MTB та гібриди - 100км Чоловіки,22,2589,Vitaliy Samuylenko,Ч,47,,Cross Fit Banda / Dinamo,SportLAB,,3:00:38
MTB та гібриди - 100км Чоловіки,23,2241,Андрій Батиренко,Ч,19,,BROVARY CYCLING TEAM,BROVARY CYCLING TEAM,,3:01:17
MTB та гібриди - 100км Чоловіки,24,2281,Лісогорський Олександр,Ч,38,,,,,3:01:46
MTB та гібриди - 100км Чоловіки,25,2382,Андрій Бригіда,Ч,45,,ONRIDE,,,3:01:46
MTB та гібриди - 100км Чоловіки,26,2108,Микола Попов,Ч,34,,,,,3:02:10
MTB та гібриди - 100км Чоловіки,27,2537,Yaroslav Zaiets,Ч,29,,,,,3:04:00
MTB та гібриди - 100км Чоловіки,28,2097,Андрій Котельніков,Ч,35,,,,,3:04:16
MTB та гібриди - 100км Чоловіки,29,2298,Ярослав Ягодинець,Ч,41,,,,,3:04:34
MTB та гібриди - 100км Чоловіки,30,2181,Максим Березняк,Ч,38,,,Вело-водочные,,3:04:51
MTB та гібриди - 100км Чоловіки,31,2063,Сергій Кудрявцев,Ч,38,,,,,3:04:53
MTB та гібриди - 100км Чоловіки,32,2156,Богдан Галайда,Ч,23,,,,,3:05:09
MTB та гібриди - 100км Чоловіки,33,2511,Олександр Неволько,Ч,38,,,,,3:05:41
MTB та гібриди - 100км Чоловіки,34,2326,Михайло Кокозей,Ч,39,,,Viyar Bike Team,,3:05:48
MTB та гібриди - 100км Чоловіки,35,2420,Олександр Коваленко,Ч,33,,,Viyar bike team,,3:05:53
MTB та гібриди - 100км Чоловіки,36,9027,Андрей Чміль,Ч,21,,,,,3:06:12
MTB та гібриди - 100км Чоловіки,37,2282,Максим Товстиженко,Ч,48,,,,,3:06:37
MTB та гібриди - 100км Чоловіки,38,9024,Вадим Денисов,Ч,20,,101 ОБРО ГШ ЗСУ,,,3:07:26
MTB та гібриди - 100км Чоловіки,39,2028,Дмитро Федін,Ч,46,,,,,3:08:11
MTB та гібриди - 100км Чоловіки,40,2167,Sergii Kharkov,Ч,35,,Infopulse,Infopulse,,3:09:43
MTB та гібриди - 100км Чоловіки,41,2424,Роман Журавльов,Ч,34,,,,,3:09:49
MTB та гібриди - 100км Чоловіки,42,2217,Олександр Капкан,Ч,46,,,,,3:09:55
MTB та гібриди - 100км Чоловіки,43,2369,Богдан Шкурін,Ч,33,,,,,3:10:13
MTB та гібриди - 100км Чоловіки,44,2246,Костянтин Трифонов,Ч,34,,,K+N UA,,3:10:16
MTB та гібриди - 100км Чоловіки,45,2408,Валерій Калинковський,Ч,44,,,,,3:10:27
MTB та гібриди - 100км Чоловіки,46,2473,Богдан Карленко,Ч,32,,,,,3:10:39
MTB та гібриди - 100км Чоловіки,47,2516,Андрій Бабкін,Ч,41,,,,,3:11:53
MTB та гібриди - 100км Чоловіки,48,2132,Юрий Кухаренко,Ч,53,,,,,3:12:52
MTB та гібриди - 100км Чоловіки,49,2026,Дмитро Чорний,Ч,25,,,,,3:13:33
MTB та гібриди - 100км Чоловіки,50,2474,Влад Савицький,Ч,34,,,,,3:13:44
MTB та гібриди - 100км Чоловіки,51,2165,Георгий Кривошеин,Ч,68,,,,,3:13:50
MTB та гібриди - 100км Чоловіки,52,2500,Сергій Grab,Ч,45,,,,,3:14:37
MTB та гібриди - 100км Чоловіки,53,2428,Андрій Безгубенко,Ч,54,,Дискаверщики!,Discoverщик,,3:14:46
MTB та гібриди - 100км Чоловіки,54,2058,Максим Іванчук,Ч,27,,,,,3:15:33
MTB та гібриди - 100км Чоловіки,55,2578,Евгений Гисар,Ч,32,,,Infopulse,,3:16:11
MTB та гібриди - 100км Чоловіки,56,2096,Віктор Бойко,Ч,30,,Infopulse,Infopulse,,3:16:14
MTB та гібриди - 100км Чоловіки,57,2262,Денис Папижук,Ч,19,,BROVARY CYCLING TEAM,,,3:16:18
MTB та гібриди - 100км Чоловіки,58,2112,Юрій Бабій,Ч,56,,,,,3:16:42
MTB та гібриди - 100км Чоловіки,59,2130,Александр Зубко,Ч,61,,Веломастер,,,3:16:47
MTB та гібриди - 100км Чоловіки,60,2443,Роман Кузьмич,Ч,30,,СКЗахідний Вітер,Західний Вітер,,3:17:11
MTB та гібриди - 100км Чоловіки,61,2462,Юрій Кучерявий,Ч,39,,,,,3:17:30
MTB та гібриди - 100км Чоловіки,62,2359,Igor Lototskyi,Ч,42,,Porsche Zahid,,,3:17:41
MTB та гібриди - 100км Чоловіки,63,2003,Олександр Кисляк,Ч,41,,,Вело Ірпінь,,3:17:51
MTB та гібриди - 100км Чоловіки,64,2380,Олексій Карабан,Ч,48,,,,,3:18:20
MTB та гібриди - 100км Чоловіки,65,2538,Олексій Удовенко,Ч,34,,ТриКатлеты,ТриКатлеты,,3:19:16
MTB та гібриди - 100км Чоловіки,66,2297,Олександр Пишняк,Ч,64,,,,,3:19:43
MTB та гібриди - 100км Чоловіки,67,2444,Яків Дудка,Ч,27,,Західний Вітер,Західний Вітер,,3:20:30
MTB та гібриди - 100км Чоловіки,68,2022,Артем Федченко,Ч,32,,,Velo Family Obukhiv,,3:20:34
MTB та гібриди - 100км Чоловіки,69,2345,Сергій Рибалко,Ч,25,,,,,3:20:41
MTB та гібриди - 100км Чоловіки,70,2133,Анатолій Філюрський,Ч,50,,,,,3:20:41
MTB та гібриди - 100км Чоловіки,71,2379,Іван Лівий,Ч,36,,,6-Systems,,3:21:12
MTB та гібриди - 100км Чоловіки,72,2586,Вадим Жук,Ч,47,,Rock Racing,,,3:21:26
MTB та гібриди - 100км Чоловіки,73,2174,Синиця Дмитро,Ч,39,,,,,3:22:19
MTB та гібриди - 100км Чоловіки,74,9052,Олександр Скепян,Ч,43,,bikeprostore.com,,,3:22:36
MTB та гібриди - 100км Чоловіки,75,2080,Сергій Сіунов,Ч,44,,,,,3:22:49
MTB та гібриди - 100км Чоловіки,76,2600,Білаш Антон,Ч,31,,Укрексімбанк,,,3:22:53
MTB та гібриди - 100км Чоловіки,77,2044,Васильченко Сергий,Ч,34,,,,,3:24:41
MTB та гібриди - 100км Чоловіки,78,2084,OLEKSIY YAZYKOV,Ч,46,,,,,3:24:50
MTB та гібриди - 100км Чоловіки,79,2517,Олексій Артюшенко,Ч,41,,,,,3:25:06
MTB та гібриди - 100км Чоловіки,80,2178,Володимир Бєліков,Ч,33,,,,,3:25:17
MTB та гібриди - 100км Чоловіки,81,2456,Віктор Висоцький,Ч,29,,,,,3:25:34
MTB та гібриди - 100км Чоловіки,82,2540,Леонід Березницький,Ч,36,,,,,3:25:43
MTB та гібриди - 100км Чоловіки,83,2194,Володимир Мацишен,Ч,47,,,,,3:25:56
MTB та гібриди - 100км Чоловіки,84,2571,Степан Самотіс,Ч,28,,Bike L.A.B.,,,3:25:56
MTB та гібриди - 100км Чоловіки,85,2231,Роман Бородін,Ч,44,,,,,3:26:31
MTB та гібриди - 100км Чоловіки,86,2361,Олег Мироненко,Ч,44,,Ракети Хорола,,,3:26:48
MTB та гібриди - 100км Чоловіки,87,2346,Володимир Данилюк,Ч,43,,,,,3:27:23
MTB та гібриди - 100км Чоловіки,88,2603,Петущак Сергей,Ч,57,,,,,3:27:26
MTB та гібриди - 100км Чоловіки,89,2542,Василь Сіжук,Ч,34,,,,,3:27:59
MTB та гібриди - 100км Чоловіки,90,2572,Геннадий Самойлов,Ч,44,,Elite Fitness,,,3:28:11
MTB та гібриди - 100км Чоловіки,91,2039,Антон Пушко,Ч,27,,Infopulse,Infopulse,,3:28:24
MTB та гібриди - 100км Чоловіки,92,2171,Дмитро Гаврилюк,Ч,38,,Bike L.A.B.,,,3:28:26
MTB та гібриди - 100км Чоловіки,93,2065,Олександр Філоненко,Ч,33,,,,,3:28:27
MTB та гібриди - 100км Чоловіки,94,2389,Микола Віхтюк,Ч,39,,,Хомяки,,3:28:43
MTB та гібриди - 100км Чоловіки,95,2407,Oleksandr Shykhanov,Ч,61,,ShO,TUBE,,3:29:49
MTB та гібриди - 100км Чоловіки,96,2214,Денис Ступін,Ч,38,,,,,3:29:50
MTB та гібриди - 100км Чоловіки,97,9033,Юрій Сгадов,Ч,50,,,,,3:30:06
MTB та гібриди - 100км Чоловіки,98,2024,Олександр Гурін,Ч,29,,,,,3:30:10
MTB та гібриди - 100км Чоловіки,99,2554,Дмитро Хомутенко,Ч,36,,UBF,,,3:30:23
MTB та гібриди - 100км Чоловіки,100,2446,Дмитро Назарук,Ч,34,,Західний вітер,Західний вітер,,3:30:26
MTB та гібриди - 100км Чоловіки,101,2491,Вадим Рибалко,Ч,31,,,,,3:30:40
MTB та гібриди - 100км Чоловіки,102,2397,Олег Ткач,Ч,41,,,Віатек,,3:30:45
MTB та гібриди - 100км Чоловіки,103,2448,Микола Яцюк,Ч,24,,Західний Вітер,Західний Вітер,,3:31:37
MTB та гібриди - 100км Чоловіки,104,2502,Николай Рева,Ч,35,,,,,3:33:21
MTB та гібриди - 100км Чоловіки,105,2104,Сергій Кощій,Ч,41,,,,,3:33:29
MTB та гібриди - 100км Чоловіки,106,2016,Антон Юр,Ч,42,,,,,3:36:04
MTB та гібриди - 100км Чоловіки,107,2533,Євген Волков,Ч,32,,,,,3:36:37
MTB та гібриди - 100км Чоловіки,108,2602,Михальчук Сергій,Ч,49,,,,,3:37:18
MTB та гібриди - 100км Чоловіки,109,2400,Артем Савчук,Ч,36,,,,,3:37:46
MTB та гібриди - 100км Чоловіки,110,2350,Сергій Кокіаурі,Ч,34,,,,,3:37:58
MTB та гібриди - 100км Чоловіки,111,2099,Ковалёв Альберт,Ч,53,,,,,3:38:31
MTB та гібриди - 100км Чоловіки,112,2020,Віктор Краснопер,Ч,44,,,,,3:38:33
MTB та гібриди - 100км Чоловіки,113,2175,Роман Піка,Ч,29,,,,,3:38:39
MTB та гібриди - 100км Чоловіки,114,2193,Володимир Бондарчук,Ч,61,,BROVARY CYCLING TEAM,BROVARY CYCLING TEAM,,3:38:55
MTB та гібриди - 100км Чоловіки,115,2168,Лазоренко Євгеній,Ч,28,,,ЖЖЖ,,3:38:56
MTB та гібриди - 100км Чоловіки,116,2287,Владислав Клок,Ч,34,,,,,3:39:02
MTB та гібриди - 100км Чоловіки,117,2583,Тимур Погорєлов,Ч,44,,,Infopulse,,3:39:10
MTB та гібриди - 100км Чоловіки,118,2383,Ігор Завадський,Ч,55,,zavadsky.net.ua,,,3:39:27
MTB та гібриди - 100км Чоловіки,119,2317,Денис Кулаківський,Ч,24,,Cherry Sport Club,Cherry Sport Club,,3:39:40
MTB та гібриди - 100км Чоловіки,120,2052,Микола Сахно,Ч,31,,,,,3:39:50
MTB та гібриди - 100км Чоловіки,121,2366,Vladimir Skomorokhov,Ч,72,,,,,3:40:07
MTB та гібриди - 100км Чоловіки,122,2159,Tsvihun Roman,Ч,33,,,,,3:40:14
MTB та гібриди - 100км Чоловіки,123,2170,Табаков Дмитро,Ч,31,,,,,3:40:24
MTB та гібриди - 100км Чоловіки,124,2300,Вадим Фастівський,Ч,46,,Біла Церква туристична,,,3:40:53
MTB та гібриди - 100км Чоловіки,125,2525,Федір Некрасов,Ч,33,,,,,3:41:47
MTB та гібриди - 100км Чоловіки,126,2440,Дмитро Бабкін,Ч,46,,,,,3:41:54
MTB та гібриди - 100км Чоловіки,127,2271,Дмитрий Мамчик,Ч,29,,,,,3:42:02
MTB та гібриди - 100км Чоловіки,128,2569,Кутовий Микола,Ч,24,,,,,3:42:22
MTB та гібриди - 100км Чоловіки,129,2008,Юрій Василенко,Ч,42,,,,,3:42:33
MTB та гібриди - 100км Чоловіки,130,2055,Володимир Полубенцев,Ч,47,,,,,3:42:45
MTB та гібриди - 100км Чоловіки,131,9071,Олександр Нагачевський,Ч,28,,,,,3:42:53
MTB та гібриди - 100км Чоловіки,132,2546,Олексій Крижановський,Ч,29,,,Патрульна поліція,,3:42:54
MTB та гібриди - 100км Чоловіки,133,2566,Ярослав Мошненко,Ч,31,,,,,3:43:17
MTB та гібриди - 100км Чоловіки,134,2481,Александр Малиновский,Ч,35,,,EVOPLAY,,3:43:28
MTB та гібриди - 100км Чоловіки,135,2591,Віталій Маковій,Ч,38,,Адвокатське об’єднання ЛЕКС-ГРУП,Адвокатське об’єднання ЛЕКС-ГРУП,,3:43:33
MTB та гібриди - 100км Чоловіки,136,9076,Максим Сарапійчук,Ч,35,,,,,3:44:11
MTB та гібриди - 100км Чоловіки,137,2497,Андрей Антипов,Ч,40,,,,,3:44:37
MTB та гібриди - 100км Чоловіки,138,2470,Олексій Вакуленко,Ч,31,,,,,3:44:50
MTB та гібриди - 100км Чоловіки,139,2086,Артем Турович,Ч,32,,,Ірпінь-вело,,3:44:51
MTB та гібриди - 100км Чоловіки,140,2458,Юрій Шевченко,Ч,51,,,,,3:45:00
MTB та гібриди - 100км Чоловіки,141,2330,Володимир Романюк,Ч,36,,Farmak Cycling Club,Farmak Cycling Club,,3:45:11
MTB та гібриди - 100км Чоловіки,142,2539,Микола Сидорейко,Ч,31,,,,,3:45:27
MTB та гібриди - 100км Чоловіки,143,2599,Татарко Дмитро,Ч,42,,Укрексімбанк,,,3:46:01
MTB та гібриди - 100км Чоловіки,144,2347,Самір Махмудов,Ч,31,,,,,3:46:05
MTB та гібриди - 100км Чоловіки,145,2353,Олег Дехтяренко,Ч,30,,,TTT.UA,,3:46:50
MTB та гібриди - 100км Чоловіки,146,2146,Виталий Русавский,Ч,31,,,,,3:46:52
MTB та гібриди - 100км Чоловіки,147,2145,Віталій Федоренко,Ч,30,,,,,3:47:27
MTB та гібриди - 100км Чоловіки,148,2442,Станіслав Геч,Ч,33,,СК Західний Вітер,Західний Вітер,,3:47:58
MTB та гібриди - 100км Чоловіки,149,2269,Андрій Ліхтаренко,Ч,33,,,,,3:47:59
MTB та гібриди - 100км Чоловіки,150,2434,Олександр Романюк,Ч,55,,,,,3:48:07
MTB та гібриди - 100км Чоловіки,151,2385,Pavel Butenko,Ч,40,,,,,3:48:57
MTB та гібриди - 100км Чоловіки,152,2109,Сергій Богуславський,Ч,80,,,,,3:49:00
MTB та гібриди - 100км Чоловіки,153,2131,Игорь Шварц,Ч,32,,,,,3:49:02
MTB та гібриди - 100км Чоловіки,154,2001,Olexandr Andryuschenko,Ч,34,,КВНЖ,,,3:49:06
MTB та гібриди - 100км Чоловіки,155,2579,Дмитро Михальчук,Ч,38,,,Infopulse,,3:49:38
MTB та гібриди - 100км Чоловіки,156,2355,Валерій Зуб,Ч,33,,,TTT.UA,,3:49:48
MTB та гібриди - 100км Чоловіки,157,2354,Богдан Павлюк,Ч,38,,,TTT.UA,,3:49:50
MTB та гібриди - 100км Чоловіки,158,2059,Георгий Лунин,Ч,50,,,,,3:49:59
MTB та гібриди - 100км Чоловіки,159,2119,Сергій Гайдай,Ч,56,,,,,3:50:19
MTB та гібриди - 100км Чоловіки,160,2339,Ростислав Замковий,Ч,38,,,,,3:50:21
MTB та гібриди - 100км Чоловіки,161,2118,Олександр Гедзюк,Ч,30,,,,,3:50:22
MTB та гібриди - 100км Чоловіки,162,2068,Дмитро Артьомов,Ч,41,,BROVARY CYCLING TEAM,BROVARY CYCLING TEAM,,3:50:43
MTB та гібриди - 100км Чоловіки,163,2314,Борис Качан,Ч,33,,,,,3:50:44
MTB та гібриди - 100км Чоловіки,164,2594,Сергій Лисенко,Ч,36,,,,,3:51:02
MTB та гібриди - 100км Чоловіки,165,2212,Евгений Романько,Ч,34,,,,,3:51:09
MTB та гібриди - 100км Чоловіки,166,2381,Олександр Безрукий,Ч,35,,,,,3:51:59
MTB та гібриди - 100км Чоловіки,167,2266,Роман Йосипенко,Ч,25,,,,,3:52:02
MTB та гібриди - 100км Чоловіки,168,2267,Володимир Костюкевич,Ч,64,,,Ski and Bike Kolomyia,,3:52:02
MTB та гібриди - 100км Чоловіки,169,2205,Владислав Яшан,Ч,37,,,,,3:52:43
MTB та гібриди - 100км Чоловіки,170,2386,Ігор Радівілов,Ч,37,,,,,3:52:45
MTB та гібриди - 100км Чоловіки,171,2060,Віталій Миню,Ч,47,,,,,3:52:52
MTB та гібриди - 100км Чоловіки,172,2248,Андрій Дзвонецький,Ч,43,,,,,3:54:00
MTB та гібриди - 100км Чоловіки,173,2433,Eduard Gusak,Ч,21,,TRILAB,,,3:54:58
MTB та гібриди - 100км Чоловіки,174,2547,Микола Полюхович,Ч,30,,,Патрульна поліція,,3:55:36
MTB та гібриди - 100км Чоловіки,175,2478,Андрей Щербаков,Ч,33,,,EVOPLAY,,3:55:41
MTB та гібриди - 100км Чоловіки,176,2557,Сергій Піскун,Ч,41,,,,,3:56:01
MTB та гібриди - 100км Чоловіки,177,2410,Олег Довгалюк,Ч,34,,,,,3:56:08
MTB та гібриди - 100км Чоловіки,178,2522,Алексей Сатиров,Ч,32,,,,,3:56:24
MTB та гібриди - 100км Чоловіки,179,2584,Олесь Санін,Ч,49,,,,,3:56:36
MTB та гібриди - 100км Чоловіки,180,2425,Іван Довганич,Ч,50,,,,,3:56:47
MTB та гібриди - 100км Чоловіки,181,2370,Сергій Бабакін,Ч,37,,Infopulse,Infopulse,,3:57:09
MTB та гібриди - 100км Чоловіки,182,2498,Ілля Маковенко,Ч,37,,,Materialise,,3:57:20
MTB та гібриди - 100км Чоловіки,183,2202,Юрій ШУЛІКА,Ч,44,,,,,3:57:27
MTB та гібриди - 100км Чоловіки,184,2244,Igor Vorobiov,Ч,32,,,,,3:57:33
MTB та гібриди - 100км Чоловіки,185,2378,Іван Арсентій,Ч,29,,,,,3:57:43
MTB та гібриди - 100км Чоловіки,186,2468,Олександр Пелих,Ч,32,,,,,3:57:44
MTB та гібриди - 100км Чоловіки,187,2210,Дмитро Яриновський,Ч,28,,,,,3:58:00
MTB та гібриди - 100км Чоловіки,188,2452,Олександр Сушко,Ч,28,,Спортивний клуб Сібумі,,,3:58:04
MTB та гібриди - 100км Чоловіки,189,2033,Нижник Руслан,Ч,32,,,,,3:58:20
MTB та гібриди - 100км Чоловіки,190,2105,Andrey Dikiy,Ч,36,,,,,3:58:36
MTB та гібриди - 100км Чоловіки,191,2574,Igor Shevchenko,Ч,37,,,Infopulse,,3:58:55
MTB та гібриди - 100км Чоловіки,192,2291,Андрей Шумарин,Ч,38,,,,,3:58:59
MTB та гібриди - 100км Чоловіки,193,2102,Олександр Малишев,Ч,21,,,,,3:59:01
MTB та гібриди - 100км Чоловіки,194,2409,Антон Чистяков,Ч,36,,,,,3:59:33
MTB та гібриди - 100км Чоловіки,195,9073,kornelis huizinga,Ч,46,,,,,4:00:03
MTB та гібриди - 100км Чоловіки,196,2416,Іван Янголь,Ч,39,,Наша Епоха,Наша Епоха,,4:00:15
MTB та гібриди - 100км Чоловіки,197,2285,Денис Антоненко,Ч,32,,,,,4:00:24
MTB та гібриди - 100км Чоловіки,198,2363,Сагот Будник,Ч,35,,,Team Me Spin (Ne Spim),,4:00:36
MTB та гібриди - 100км Чоловіки,199,2565,Андрій Кузнець,Ч,36,,,,,4:01:10
MTB та гібриди - 100км Чоловіки,200,2523,Дмитро Ясенко,Ч,23,,,,,4:01:18
MTB та гібриди - 100км Чоловіки,201,2021,Алексей Сидоренко,Ч,36,,,,,4:01:34
MTB та гібриди - 100км Чоловіки,202,2219,Дмитро Тарасов,Ч,48,,,,,4:01:41
MTB та гібриди - 100км Чоловіки,203,2072,Александр Павленко,Ч,24,,,,,4:01:51
MTB та гібриди - 100км Чоловіки,204,2013,Віктор Гожий,Ч,28,,,,,4:01:54
MTB та гібриди - 100км Чоловіки,205,2292,Віталій Вишневецький,Ч,34,,,,,4:02:42
MTB та гібриди - 100км Чоловіки,206,2124,Сергій Лавріненко,Ч,43,,,,,4:02:43
MTB та гібриди - 100км Чоловіки,207,2384,Олександр Данилівський,Ч,22,,,АНТОНОВ,,4:03:14
MTB та гібриди - 100км Чоловіки,208,2358,Василь Мирошниченко,Ч,40,,,,,4:03:16
MTB та гібриди - 100км Чоловіки,209,2295,Володимир Палій,Ч,29,,,,,4:03:37
MTB та гібриди - 100км Чоловіки,210,2273,Костянтин Павлюк,Ч,28,,,,,4:03:59
MTB та гібриди - 100км Чоловіки,211,2445,Іван Аріфов,Ч,35,,,,,4:04:02
MTB та гібриди - 100км Чоловіки,212,2567,Владислав Болтрик,Ч,29,,,,,4:04:15
MTB та гібриди - 100км Чоловіки,213,2405,Михайло Ісай,Ч,33,,,,,4:04:45
MTB та гібриди - 100км Чоловіки,214,2151,Микита Стельмашенко,Ч,28,,,,,4:04:45
MTB та гібриди - 100км Чоловіки,215,9062,Михаил Дорошко,Ч,37,,City Ride,,,4:04:48
MTB та гібриди - 100км Чоловіки,216,2183,Дмитро Мартищенко,Ч,20,,,Mart,,4:05:03
MTB та гібриди - 100км Чоловіки,217,2038,Денис Василенко,Ч,37,,,,,4:05:11
MTB та гібриди - 100км Чоловіки,218,2288,Евгений Козлов,Ч,31,,,PARIMATCH TECH,,4:05:25
MTB та гібриди - 100км Чоловіки,219,9002,Никита Крылов,Ч,19,,VELOonline,,,4:05:27
MTB та гібриди - 100км Чоловіки,220,9032,Максим Сова,Ч,28,,,,,4:06:22
MTB та гібриди - 100км Чоловіки,221,2480,Сергей Буймов,Ч,36,,,EVOPLAY,,4:06:57
MTB та гібриди - 100км Чоловіки,222,2228,Віталій Васильченко,Ч,40,,,,,4:07:00
MTB та гібриди - 100км Чоловіки,223,2479,Денис Бардовский,Ч,25,,,EVOPLAY,,4:07:01
MTB та гібриди - 100км Чоловіки,224,2232,Степан Степанюк,Ч,46,,,,,4:07:01
MTB та гібриди - 100км Чоловіки,225,2467,Гліб Шоха,Ч,29,,,,,4:07:15
MTB та гібриди - 100км Чоловіки,226,9011,Михайло Чужа,Ч,38,,,,,4:07:19
MTB та гібриди - 100км Чоловіки,227,2341,Арно Клайбрук,Ч,49,,,,,4:07:39
MTB та гібриди - 100км Чоловіки,228,2605,Jensen Poul Henrik,Ч,54,,Kyiv MTB Rebels,,,4:07:40
MTB та гібриди - 100км Чоловіки,229,2419,Павло Бєльський,Ч,39,,,,,4:08:55
MTB та гібриди - 100км Чоловіки,230,2025,Volodymyr Brovko,Ч,39,,,,,4:09:30
MTB та гібриди - 100км Чоловіки,231,2597,Юрій Лугинець,Ч,29,,,veloonline team,,4:09:48
MTB та гібриди - 100км Чоловіки,232,9001,Микола Мішакін,Ч,67,,,,,4:09:59
MTB та гібриди - 100км Чоловіки,233,2101,Олександр Катруша,Ч,40,,,,,4:10:07
MTB та гібриди - 100км Чоловіки,234,2531,Роман Тонявський,Ч,49,,,,,4:10:23
MTB та гібриди - 100км Чоловіки,235,2406,Володимир Павленко,Ч,39,,,,,4:10:26
MTB та гібриди - 100км Чоловіки,236,9074,Дмитро Смірнов,Ч,22,,,,,4:10:58
MTB та гібриди - 100км Чоловіки,237,2019,Oleksandr Solovei,Ч,33,,,,,4:11:06
MTB та гібриди - 100км Чоловіки,238,2365,Дмитро Черниш,Ч,37,,,,,4:11:32
MTB та гібриди - 100км Чоловіки,239,2411,Олексій Картушин,Ч,35,,,,,4:12:05
MTB та гібриди - 100км Чоловіки,240,2218,Леонід Ковальов,Ч,34,,Marlin Sport Club,,,4:12:32
MTB та гібриди - 100км Чоловіки,241,2309,Богдан Кушнір,Ч,31,,,,,4:12:58
MTB та гібриди - 100км Чоловіки,242,2263,Михайло Білих,Ч,34,,,OTP Bicycle Team,,4:12:59
MTB та гібриди - 100км Чоловіки,243,2157,Олександр Павлушко,Ч,23,,,,,4:13:22
MTB та гібриди - 100км Чоловіки,244,2367,Столбовий Юрій,Ч,33,,,,,4:13:27
MTB та гібриди - 100км Чоловіки,245,2177,Сергій Ковальчук,Ч,34,,RiverStone,,,4:13:40
MTB та гібриди - 100км Чоловіки,246,2011,Бобришев Олександр,Ч,30,,,A&A Bicycles,,4:16:18
MTB та гібриди - 100км Чоловіки,247,2545,Микола Галадій,Ч,31,,,Патрульна поліція,,4:16:21
MTB та гібриди - 100км Чоловіки,248,2233,Oleksandr Vakuliuk,Ч,42,,,,,4:16:47
MTB та гібриди - 100км Чоловіки,249,2125,Сергій Костенко,Ч,45,,,,,4:17:27
MTB та гібриди - 100км Чоловіки,250,2587,Віктор Жук,Ч,55,,,,,4:18:29
MTB та гібриди - 100км Чоловіки,251,2265,Ярослав Васильченко,Ч,28,,,ISLAND,,4:18:40
MTB та гібриди - 100км Чоловіки,252,2469,Олександр Літвінчук,Ч,31,,,,,4:19:07
MTB та гібриди - 100км Чоловіки,253,2122,Александр Проскурин,Ч,48,,,,,4:19:43
MTB та гібриди - 100км Чоловіки,254,2272,Олександр Мартинюк,Ч,25,,,,,4:19:52
MTB та гібриди - 100км Чоловіки,255,2310,Ярослав Кушнір,Ч,53,,,,,4:20:03
MTB та гібриди - 100км Чоловіки,256,2261,Володимир Стрючков,Ч,27,,,,,4:20:18
MTB та гібриди - 100км Чоловіки,257,2010,Юрій Саладіс,Ч,39,,KM MARSHAL,KILA,,4:20:19
MTB та гібриди - 100км Чоловіки,258,2568,Валерій Писаний,Ч,34,,,,,4:20:35
MTB та гібриди - 100км Чоловіки,259,2200,Сергій Пустовіт,Ч,34,,,,,4:20:51
MTB та гібриди - 100км Чоловіки,260,2242,Максим Садовський,Ч,30,,,African Team,,4:20:54
MTB та гібриди - 100км Чоловіки,261,2302,Anton Muskeyev,Ч,36,,,WG-VBR,,4:21:18
MTB та гібриди - 100км Чоловіки,262,2492,Василий Струценко,Ч,34,,,Viyar Bike Team,,4:21:59
MTB та гібриди - 100км Чоловіки,263,2401,Максим Лепех,Ч,28,,,,,4:22:07
MTB та гібриди - 100км Чоловіки,264,2057,Віталій Пеньковський,Ч,44,,,,,4:22:12
MTB та гібриди - 100км Чоловіки,265,2336,Кирило Акімов,Ч,32,,,WG-VBR,,4:22:29
MTB та гібриди - 100км Чоловіки,266,2393,Олександр Смолярчук,Ч,27,,,,,4:22:30
MTB та гібриди - 100км Чоловіки,267,2316,Костя Тичков,Ч,28,,Cherry Sport Club,Cherry Sport Club,,4:22:53
MTB та гібриди - 100км Чоловіки,268,2438,Михаил Сопленко,Ч,27,,,Viyar Bike Team,,4:22:56
MTB та гібриди - 100км Чоловіки,269,9057,Maksym Zhurbenko,Ч,33,,,,,4:23:18
MTB та гібриди - 100км Чоловіки,270,2283,Артем Беседа,Ч,32,,,,,4:23:29
MTB та гібриди - 100км Чоловіки,271,2534,Дмитро Война,Ч,39,,,,,4:23:33
MTB та гібриди - 100км Чоловіки,272,2079,Андрей Абрамов,Ч,54,,,,,4:23:35
MTB та гібриди - 100км Чоловіки,273,2394,Ruslan Yatsenko,Ч,31,,,,,4:23:52
MTB та гібриди - 100км Чоловіки,274,2503,Ivan Porokh,Ч,37,,,,,4:24:02
MTB та гібриди - 100км Чоловіки,275,2535,Василь Надточей,Ч,38,,,,,4:24:06
MTB та гібриди - 100км Чоловіки,276,2372,Дмитро Колодій,Ч,35,,,,,4:24:08
MTB та гібриди - 100км Чоловіки,277,2552,Максим Скирда,Ч,34,,,,,4:24:08
MTB та гібриди - 100км Чоловіки,278,2348,Олександр Литаєв,Ч,30,,,,,4:24:53
MTB та гібриди - 100км Чоловіки,279,2143,Роман Пронін,Ч,42,,velovuyki,velovuyki,,4:25:04
MTB та гібриди - 100км Чоловіки,280,2141,Денис Бабаджанов,Ч,34,,,,,4:25:12
MTB та гібриди - 100км Чоловіки,281,2308,Михаил Пабат,Ч,26,,,,,4:25:13
MTB та гібриди - 100км Чоловіки,282,2034,Антон Шкарупа,Ч,42,,,,,4:25:18
MTB та гібриди - 100км Чоловіки,283,2184,Матвій Грень,Ч,33,,,,,4:25:22
MTB та гібриди - 100км Чоловіки,284,9063,Сергій Доброгорський,Ч,35,,,,,4:25:32
MTB та гібриди - 100км Чоловіки,285,2229,Алексей Мельник,Ч,28,,,,,4:25:49
MTB та гібриди - 100км Чоловіки,286,2252,Олексій Драга,Ч,25,,,,,4:25:50
MTB та гібриди - 100км Чоловіки,287,2342,Іван Піднебесний,Ч,31,,,,,4:25:59
MTB та гібриди - 100км Чоловіки,288,2088,Штань Андрій,Ч,44,,,,,4:26:16
MTB та гібриди - 100км Чоловіки,289,2239,Андрій Кирієнко,Ч,56,,-,-,,4:26:27
MTB та гібриди - 100км Чоловіки,290,2453,Анатолій Дутчак,Ч,38,,ВелоСело,,,4:26:48
MTB та гібриди - 100км Чоловіки,291,2286,Олексій Рудік,Ч,24,,,,,4:27:00
MTB та гібриди - 100км Чоловіки,292,9016,Тарас Демидюк,Ч,28,,Pride Crew,,,4:27:49
MTB та гібриди - 100км Чоловіки,293,2294,Гліб Хропачов,Ч,53,,,,,4:27:53
MTB та гібриди - 100км Чоловіки,294,2253,Руслан Лісовський,Ч,41,,,,,4:28:13
MTB та гібриди - 100км Чоловіки,295,2319,Сергій Бутенко,Ч,31,,,,,4:28:31
MTB та гібриди - 100км Чоловіки,296,2582,Alexei Toporovskii,Ч,38,,,Infopulse,,4:28:49
MTB та гібриди - 100км Чоловіки,297,2553,Кирилл Савицкий,Ч,32,,,,,4:29:13
MTB та гібриди - 100км Чоловіки,298,2601,Гермашев  Сергей,Ч,39,,CMS Group,,,4:29:16
MTB та гібриди - 100км Чоловіки,299,2275,Віталій Шопа,Ч,27,,,,,4:29:26
MTB та гібриди - 100км Чоловіки,300,2041,Oleksandr Dmytrenko,Ч,33,,,,,4:30:17
MTB та гібриди - 100км Чоловіки,301,2527,Aleksandr Stetsenko,Ч,43,,,,,4:30:29
MTB та гібриди - 100км Чоловіки,302,2327,Taras Shamataylo,Ч,39,,,,,4:30:53
MTB та гібриди - 100км Чоловіки,303,2110,Сергій Карповець,Ч,33,,,,,4:31:15
MTB та гібриди - 100км Чоловіки,304,2111,Юрій Шакалов,Ч,31,,,,,4:31:21
MTB та гібриди - 100км Чоловіки,305,9025,Богдан Скикевич,Ч,22,,,,,4:32:06
MTB та гібриди - 100км Чоловіки,306,2374,Дмитрий Полищук,Ч,29,,,,,4:32:23
MTB та гібриди - 100км Чоловіки,307,2356,Анатолій Секачов,Ч,33,,,WG-VBR,,4:32:43
MTB та гібриди - 100км Чоловіки,308,9028,Олександр Устименко,Ч,22,,,,,4:33:24
MTB та гібриди - 100км Чоловіки,309,2437,Иван Нежура,Ч,31,,,,,4:33:31
MTB та гібриди - 100км Чоловіки,310,2455,Андрій Пархоменко,Ч,24,,,,,4:33:47
MTB та гібриди - 100км Чоловіки,311,2377,Володимир Притула,Ч,31,,,,,4:34:29
MTB та гібриди - 100км Чоловіки,312,9064,Сергій Ракушин,Ч,27,,TN,,,4:34:40
MTB та гібриди - 100км Чоловіки,313,2320,Vyacheslav KU,Ч,27,,,,,4:34:46
MTB та гібриди - 100км Чоловіки,314,2144,Володимир Бублик,Ч,33,,,,,4:37:18
MTB та гібриди - 100км Чоловіки,315,2349,Александр Медведев,Ч,30,,,,,4:37:31
MTB та гібриди - 100км Чоловіки,316,2224,Дмитро Васильєв,Ч,32,,,,,4:37:51
MTB та гібриди - 100км Чоловіки,317,2484,Андрій Абушин,Ч,38,,,TTT.UA,,4:37:55
MTB та гібриди - 100км Чоловіки,318,2082,Костянтин Троценко,Ч,35,,,,,4:38:06
MTB та гібриди - 100км Чоловіки,319,2127,Вадим Курінний,Ч,29,,,,,4:38:18
MTB та гібриди - 100км Чоловіки,320,2207,Illia Cherednichenko,Ч,27,,,,,4:38:30
MTB та гібриди - 100км Чоловіки,321,2276,Павло Дуденков,Ч,31,,,PARIMATCH TECH,,4:38:35
MTB та гібриди - 100км Чоловіки,322,2352,Веніамін Сімонов,Ч,32,,,,,4:39:13
MTB та гібриди - 100км Чоловіки,323,2576,Олександр Григорян,Ч,41,,,Infopulse,,4:39:40
MTB та гібриди - 100км Чоловіки,324,2209,Олександр Хоменко,Ч,41,,,,,4:39:51
MTB та гібриди - 100км Чоловіки,325,2454,Микола Бабич,Ч,24,,,,,4:40:01
MTB та гібриди - 100км Чоловіки,326,2548,Руслан Попрієнко,Ч,24,,,Патрульна поліція,,4:40:12
MTB та гібриди - 100км Чоловіки,327,2375,Олександр Бабакін,Ч,61,,,,,4:40:58
MTB та гібриди - 100км Чоловіки,328,2392,Андрій Диняк,Ч,36,,,,,4:41:02
MTB та гібриди - 100км Чоловіки,329,2321,Борислав Кляцький,Ч,74,,без клуба,,,4:41:14
MTB та гібриди - 100км Чоловіки,330,2251,Сергій Рогач,Ч,50,,,,,4:41:15
MTB та гібриди - 100км Чоловіки,331,2496,Serhii Sitanskyi,Ч,26,,,,,4:41:22
MTB та гібриди - 100км Чоловіки,332,2518,Владислав Казыдуб,Ч,43,,,,,4:41:31
MTB та гібриди - 100км Чоловіки,333,2564,Дмитро Бобирєв,Ч,36,,,,,4:42:13
MTB та гібриди - 100км Чоловіки,334,2073,Святослав Хоменко,Ч,39,,,,,4:42:47
MTB та гібриди - 100км Чоловіки,335,2494,Віталій Любченко,Ч,60,,,,,4:43:33
MTB та гібриди - 100км Чоловіки,336,2423,Олег Васьковський,Ч,32,,,,,4:43:56
MTB та гібриди - 100км Чоловіки,337,2436,Artem Tarasenko,Ч,29,,,,,4:44:20
MTB та гібриди - 100км Чоловіки,338,2519,Конєв Олександр,Ч,38,,,,,4:44:24
MTB та гібриди - 100км Чоловіки,339,2598,Комаха Святослав,Ч,44,,,,,4:44:32
MTB та гібриди - 100км Чоловіки,340,2520,Олексій Фелді,Ч,32,,,,,4:44:34
MTB та гібриди - 100км Чоловіки,341,2255,Сергій Яремчук,Ч,35,,,,,4:44:45
MTB та гібриди - 100км Чоловіки,342,2257,Олександр Пилипенко,Ч,36,,,,,4:44:48
MTB та гібриди - 100км Чоловіки,343,2201,Олександр Комаревич,Ч,25,,,,,4:44:56
MTB та гібриди - 100км Чоловіки,344,2166,Сергій Горліченко,Ч,32,,,,,4:44:59
MTB та гібриди - 100км Чоловіки,345,2213,Василь Севериненко,Ч,41,,,,,4:45:37
MTB та гібриди - 100км Чоловіки,346,2403,Віталій Прокопчук,Ч,25,,,,,4:46:07
MTB та гібриди - 100км Чоловіки,347,9020,Андрій Кубрак,Ч,42,,Infopulse,,,4:46:28
MTB та гібриди - 100км Чоловіки,348,2558,Александр Лядецкий,Ч,48,,,,,4:46:30
MTB та гібриди - 100км Чоловіки,349,2091,Дмитро Лінчевський,Ч,35,,,,,4:48:11
MTB та гібриди - 100км Чоловіки,350,2075,Ігор Куценко,Ч,45,,,,,4:48:37
MTB та гібриди - 100км Чоловіки,351,2053,Вадим Ярмолаєв,Ч,30,,,,,4:48:52
MTB та гібриди - 100км Чоловіки,352,2510,Дмитрий Руденко,Ч,40,,,,,4:49:15
MTB та гібриди - 100км Чоловіки,353,2506,Mykola Kushka,Ч,41,,Leitip.com,,,4:49:39
MTB та гібриди - 100км Чоловіки,354,2278,Александр Орел,Ч,45,,,,,4:49:54
MTB та гібриди - 100км Чоловіки,355,2279,Андрей Сенько,Ч,37,,,,,4:49:55
MTB та гібриди - 100км Чоловіки,356,2120,Руслан Семеренко,Ч,36,,,,,4:50:10
MTB та гібриди - 100км Чоловіки,357,2541,Олександр Роговий,Ч,37,,Не має,Відсутня,,4:50:21
MTB та гібриди - 100км Чоловіки,358,2192,Володимир Степанець,Ч,34,,,,,4:50:25
MTB та гібриди - 100км Чоловіки,359,2373,Віктор Задорожнюк,Ч,26,,,,,4:50:46
MTB та гібриди - 100км Чоловіки,360,2536,Олександр Пяскін,Ч,40,,,,,4:50:48
MTB та гібриди - 100км Чоловіки,361,2577,Stanislav Strekozov,Ч,37,,,Infopulse,,4:51:02
MTB та гібриди - 100км Чоловіки,362,2074,Пащенко Андрій,Ч,46,,,,,4:52:07
MTB та гібриди - 100км Чоловіки,363,2098,Андрій Павлюк,Ч,42,,,,,4:52:12
MTB та гібриди - 100км Чоловіки,364,2188,Дмитро Гирик,Ч,40,,,,,4:53:29
MTB та гібриди - 100км Чоловіки,365,2234,Євген Кутняк,Ч,31,,,,,4:55:03
MTB та гібриди - 100км Чоловіки,366,2023,Юрій Онопрієнко,Ч,31,,,,,4:55:05
MTB та гібриди - 100км Чоловіки,367,2071,Arsenii Biletskyi,Ч,33,,,,,4:55:23
MTB та гібриди - 100км Чоловіки,368,2311,Юрій Грабовий,Ч,33,,,,,4:57:23
MTB та гібриди - 100км Чоловіки,369,2195,Володимир Нагорянський,Ч,33,,,,,4:57:23
MTB та гібриди - 100км Чоловіки,370,2593,Дмитро Королюк,Ч,29,,,,,4:57:52
MTB та гібриди - 100км Чоловіки,371,2299,Максим Горуль,Ч,38,,,,,4:58:40
MTB та гібриди - 100км Чоловіки,372,2128,Ростислав Дмитров,Ч,49,,,,,4:59:45
MTB та гібриди - 100км Чоловіки,373,2562,Олексій Столяренко,Ч,30,,,,,5:00:27
MTB та гібриди - 100км Чоловіки,374,2094,Володимир Вальков,Ч,34,,,,,5:02:43
MTB та гібриди - 100км Чоловіки,375,2095,Олексій Вальков,Ч,39,,,,,5:02:53
MTB та гібриди - 100км Чоловіки,376,2243,Игорь Лавренко,Ч,33,,,,,5:03:03
MTB та гібриди - 100км Чоловіки,377,2590,Юрій Юхман,Ч,45,,,,,5:05:12
MTB та гібриди - 100км Чоловіки,378,2007,Юрій Колос,Ч,29,,,,,5:05:45
MTB та гібриди - 100км Чоловіки,379,2509,Дмитрий Борташевич,Ч,36,,,,,5:06:38
MTB та гібриди - 100км Чоловіки,380,2136,Yaroslav Venzhyk,Ч,34,,Never Gibbons,Never Gibbons,,5:07:31
MTB та гібриди - 100км Чоловіки,381,2137,Pavlo Bashtovyi,Ч,30,,,Never Gibbons,,5:07:31
MTB та гібриди - 100км Чоловіки,382,2426,Чуб Михайло,Ч,38,,Infopulse,Infopulse,,5:08:22
MTB та гібриди - 100км Чоловіки,383,2521,Юрій Савчук,Ч,29,,,Viyar Bike Team,,5:08:32
MTB та гібриди - 100км Чоловіки,384,2344,Петро Савич,Ч,32,,,,,5:08:36
MTB та гібриди - 100км Чоловіки,385,2461,Володимир Дмитренко,Ч,29,,,,,5:08:37
MTB та гібриди - 100км Чоловіки,386,2570,Дмитро Руденко,Ч,32,,,,,5:08:37
MTB та гібриди - 100км Чоловіки,387,2512,Дмитро Грищенко,Ч,30,,,,,5:09:20
MTB та гібриди - 100км Чоловіки,388,2313,Дмитро Сергєєв,Ч,37,,,PARIMATCH TECH,,5:09:52
MTB та гібриди - 100км Чоловіки,389,2563,Олексій Шкляренко,Ч,28,,,Viyar Bike Team,,5:10:06
MTB та гібриди - 100км Чоловіки,390,2290,Костянтин Єфіменко,Ч,43,,,PARIMATCH TECH,,5:10:30
MTB та гібриди - 100км Чоловіки,391,2289,Олександр Боровик,Ч,26,,,PARIMATCH TECH,,5:10:42
MTB та гібриди - 100км Чоловіки,392,2460,Андрій Прокопенко,Ч,32,,,,,5:12:36
MTB та гібриди - 100км Чоловіки,393,2056,Igor Rudenko,Ч,37,,,,,5:14:19
MTB та гібриди - 100км Чоловіки,394,2418,Олександр Бобров,Ч,36,,,Дискаверщик,,5:14:19
MTB та гібриди - 100км Чоловіки,395,2245,Альберт Фазилов,Ч,39,,,,,5:14:24
MTB та гібриди - 100км Чоловіки,396,2274,Ярослав Клименко,Ч,40,,,PARIMATCH TECH,,5:15:47
MTB та гібриди - 100км Чоловіки,397,9026,Oleh Frolov,Ч,22,,101,,,5:17:32
MTB та гібриди - 100км Чоловіки,398,2206,Костянтин Горяйнов,Ч,28,,,,,5:17:51
MTB та гібриди - 100км Чоловіки,399,2421,Віктор Шайгородський,Ч,48,,,,,5:17:57
MTB та гібриди - 100км Чоловіки,400,2002,Олег Мінько,Ч,30,,Наша еПОХа,,,5:18:15
MTB та гібриди - 100км Чоловіки,401,2371,Саша Антонюк,Ч,36,,,,,5:18:39
MTB та гібриди - 100км Чоловіки,402,2277,Олександр Цвігун,Ч,32,,,PARIMATCH TECH,,5:18:43
MTB та гібриди - 100км Чоловіки,403,2042,Андрій Лучаківський,Ч,39,,,АНТОНОВ,,5:18:47
MTB та гібриди - 100км Чоловіки,404,2126,В’ячеслав Поліщук,Ч,26,,,BROVARY CYCLING TEAM,,5:18:59
MTB та гібриди - 100км Чоловіки,405,2368,Денис Базильський,Ч,37,,,,,5:19:10
MTB та гібриди - 100км Чоловіки,406,2580,Андрій Ковтун,Ч,33,,,Infopulse,,5:19:36
MTB та гібриди - 100км Чоловіки,407,2306,Роман Лавров,Ч,41,,,,,5:19:55
MTB та гібриди - 100км Чоловіки,408,9069,Сергей Мосейчук,Ч,34,,,,,5:20:47
MTB та гібриди - 100км Чоловіки,409,2064,Антон Дорожинський,Ч,31,,,,,5:20:56
MTB та гібриди - 100км Чоловіки,410,2430,Сергій Логвін,Ч,32,,,,,5:22:24
MTB та гібриди - 100км Чоловіки,411,2325,Михайло Мінєєв,Ч,36,,,PARIMATCH TECH,,5:23:01
MTB та гібриди - 100км Чоловіки,412,2482,Павел Верескун,Ч,25,,EVOPLAY,EVOPLAY,,5:25:49
MTB та гібриди - 100км Чоловіки,413,2398,Олексій Назаренко,Ч,26,,,Віатек,,5:25:57
MTB та гібриди - 100км Чоловіки,414,2483,Александр Михайлюк,Ч,25,,EVOPLAY,EVOPLAY,,5:25:59
MTB та гібриди - 100км Чоловіки,415,2203,Oleksandr Orhan,Ч,35,,,,,5:28:22
MTB та гібриди - 100км Чоловіки,416,2337,Антон Гайдай,Ч,35,,,,,5:29:27
MTB та гібриди - 100км Чоловіки,417,2227,Максим Крупко,Ч,31,,,,,5:31:07
MTB та гібриди - 100км Чоловіки,418,2528,Дмитро Козлов,Ч,41,,,Тюляши,,5:31:52
MTB та гібриди - 100км Чоловіки,419,2524,Сергій Лишавський,Ч,31,,,,,5:33:55
MTB та гібриди - 100км Чоловіки,420,2138,Сергій Литвинчук,Ч,60,,,,,5:35:25
MTB та гібриди - 100км Чоловіки,421,2390,Sergiy Golovko,Ч,48,,,,,5:36:14
MTB та гібриди - 100км Чоловіки,422,2507,Владимир Зибин,Ч,34,,Огненный Дракон,,,5:36:15
MTB та гібриди - 100км Чоловіки,423,2142,Андрій Горобець,Ч,36,,,,,5:36:40
MTB та гібриди - 100км Чоловіки,424,2036,Олексій Завадько,Ч,27,,,,,5:38:31
MTB та гібриди - 100км Чоловіки,425,2526,Віктор Єзерський,Ч,36,,,Віатек,,5:39:19
MTB та гібриди - 100км Чоловіки,426,2198,Дмитро Лигута,Ч,29,,,,,5:39:21
MTB та гібриди - 100км Чоловіки,427,2376,Дмитро Банніков,Ч,31,,,,,5:40:20
MTB та гібриди - 100км Чоловіки,428,2513,Василь Жарінов,Ч,48,,,,,5:40:43
MTB та гібриди - 100км Чоловіки,429,2268,Олег Подольський,Ч,34,,,,,5:41:30
MTB та гібриди - 100км Чоловіки,430,2238,Кирило Тєлєгін,Ч,34,,,,,5:41:46
MTB та гібриди - 100км Чоловіки,431,2493,Єгор Воробйов,Ч,39,,,Центр гуманітарних місій,,5:42:08
MTB та гібриди - 100км Чоловіки,432,2387,Олександр Бригардін,Ч,39,,,,,5:43:30
MTB та гібриди - 100км Чоловіки,433,2575,Гліб Малоштан,Ч,29,,,Infopulse,,5:43:43
MTB та гібриди - 100км Чоловіки,434,2485,Олексіі Темніков,Ч,34,,,,,5:43:54
MTB та гібриди - 100км Чоловіки,435,2486,Василь Васильєв,Ч,36,,,,,5:43:54
MTB та гібриди - 100км Чоловіки,436,2220,Віктор Кваша,Ч,30,,,,,5:44:45
MTB та гібриди - 100км Чоловіки,437,2544,Володимир Лугина,Ч,42,,,,,5:46:40
MTB та гібриди - 100км Чоловіки,438,2414,Євген Мовляв,Ч,30,,,PARIMATCH TECH,,5:52:19
MTB та гібриди - 100км Чоловіки,439,2585,Руслан Іванів,Ч,29,,,,,5:53:39
MTB та гібриди - 100км Чоловіки,440,2161,Єгор Литовченко,Ч,28,,,,,5:55:02
MTB та гібриди - 100км Чоловіки,441,2139,Віталій Неретін,Ч,28,,,,,5:55:03
MTB та гібриди - 100км Чоловіки,442,9054,Зиновій Зелинський,Ч,32,,,,,5:55:27
MTB та гібриди - 100км Чоловіки,443,2573,Serhii Hetmanenko,Ч,42,,,Infopulse,,5:56:33
MTB та гібриди - 100км Чоловіки,444,2190,Олег Ільїн,Ч,25,,,,,5:57:44
MTB та гібриди - 100км Чоловіки,445,2318,Олександр Столярець,Ч,37,,,,,5:59:18
MTB та гібриди - 100км Чоловіки,446,2447,Віктор Лутаєв,Ч,41,,,,,5:59:21
MTB та гібриди - 100км Чоловіки,447,2412,Сергій Мачуленко,Ч,26,,,PARIMATCH TECH,,5:59:36
MTB та гібриди - 100км Чоловіки,448,2230,Рлман Ільницький,Ч,26,,,,,6:04:06
MTB та гібриди - 100км Чоловіки,449,2560,Дмитро Кононенко,Ч,29,,,,,6:04:27
MTB та гібриди - 100км Чоловіки,450,2501,Олександр Ліненко,Ч,32,,,,,6:05:15
MTB та гібриди - 100км Чоловіки,451,2236,Володимир Ільницький,Ч,18,,,,,6:06:18
MTB та гібриди - 100км Чоловіки,452,2150,Костянтин Жук,Ч,66,,,,,6:07:36
MTB та гібриди - 100км Чоловіки,453,2221,Довгополий Олександр,Ч,41,,,Дискаверщики,,6:17:06
MTB та гібриди - 100км Чоловіки,454,2225,Роман Фролов,Ч,37,,,,,6:19:24
MTB та гібриди - 100км Чоловіки,455,2182,Mykola Pryshchepa,Ч,33,,,,,6:19:30
MTB та гібриди - 100км Чоловіки,456,2487,Станіслав Катран,Ч,31,,,,,6:25:29
MTB та гібриди - 100км Чоловіки,457,2504,Денис М'ясніков,Ч,42,,,,,6:29:31
MTB та гібриди - 100км Чоловіки,458,2083,Костянтин Новик,Ч,36,,,,,6:37:53
MTB та гібриди - 100км Чоловіки,459,2006,Лебедко Дмитро,Ч,37,,,,,
MTB та гібриди - 100км Чоловіки,460,2081,Ivan Holovlov,Ч,35,,Mc Cann Kyiv,Mc Cann Kyiv,,
MTB та гібриди - 100км Чоловіки,461,2335,Микола Матешко,Ч,22,,,,,
MTB та гібриди - 100км Чоловіки,462,2422,Игорь Погребняк,Ч,34,,,,,
MTB та гібриди - 100км Чоловіки,463,2431,Сергій Матюшинець,Ч,32,,,,,
MTB та гібриди - 100км Чоловіки,464,2459,Никита Колесников,Ч,22,,,,,
MTB та гібриди - 100км Чоловіки,465,2463,Юрій Морозов,Ч,36,,Infopulse,Infopulse,,
MTB та гібриди - 100км Чоловіки,DQ,2014,Сергій Невмержицький,Ч,42,,,,,
MTB та гібриди - 100км Чоловіки,DQ,2050,Сергій Паршутін,Ч,48,,,,,
MTB та гібриди - 100км Чоловіки,DQ,2070,Артем Руденко,Ч,31,,#TeremkyRunClub,#TeremkyRunClub,,
MTB та гібриди - 100км Чоловіки,DQ,2186,Павло Пасічник,Ч,41,,КВНЖ,,,
MTB та гібриди - 100км Чоловіки,DQ,2264,Георгій Анікєєнко,Ч,43,,,,,
MTB та гібриди - 100км Чоловіки,DQ,2324,Artem Sorokin,Ч,30,,,,,
MTB та гібриди - 100км Чоловіки,DQ,2415,Юрій Гоменюк,Ч,36,,PARIMATCH TECH,PARIMATCH TECH,,
MTB та гібриди - 100км Чоловіки,DQ,2508,Данила Дорофеев,Ч,33,,,,,
MTB та гібриди - 100км Чоловіки,DQ,9029,Александр Нечипко,Ч,21,,,,,
MTB та гібриди - 100км Чоловіки,DQ,2543,Андрій Обливач,Ч,49,,,,,
MTB та гібриди - 100км Чоловіки,DNS,2004,Олексій Куциба,Ч,38,,,A&A Bicycles,,
MTB та гібриди - 100км Чоловіки,DNS,2051,Саід Ісмагілов,Ч,43,,,,,
MTB та гібриди - 100км Чоловіки,DNS,2066,Андрій Абдуллін,Ч,43,,,,,
MTB та гібриди - 100км Чоловіки,DNS,2067,Володимир Тичина,Ч,38,,,,,
MTB та гібриди - 100км Чоловіки,DNS,2069,Михайло Варивода,Ч,31,,,,,
MTB та гібриди - 100км Чоловіки,DNS,2078,Сергій Сенчук,Ч,35,,,,,
MTB та гібриди - 100км Чоловіки,DNS,2087,Богдан Карленко,Ч,32,,,,,
MTB та гібриди - 100км Чоловіки,DNS,2093,Валентин Венедіктов,Ч,19,,,,,
MTB та гібриди - 100км Чоловіки,DNS,2106,Денис Фесенко,Ч,25,,,,,
MTB та гібриди - 100км Чоловіки,DNS,2115,Олександр Шепенков,Ч,33,,,,,
MTB та гібриди - 100км Чоловіки,DNS,2116,Andrey Green,Ч,31,,,,,
MTB та гібриди - 100км Чоловіки,DNS,2117,Кирило Грядовкiн,Ч,32,,,,,
MTB та гібриди - 100км Чоловіки,DNS,2123,Павло Зубко,Ч,28,,,,,
MTB та гібриди - 100км Чоловіки,DNS,2134,Єгор Прокопович,Ч,48,,,,,
MTB та гібриди - 100км Чоловіки,DNS,2135,Вячеслав Кукса,Ч,27,,,,,
MTB та гібриди - 100км Чоловіки,DNS,2147,Олег Макаров,Ч,41,,,,,
MTB та гібриди - 100км Чоловіки,DNS,2160,Костянтин Негода,Ч,22,,Відсутній)),,,
MTB та гібриди - 100км Чоловіки,DNS,2162,Віталій Лисий,Ч,27,,,,,
MTB та гібриди - 100км Чоловіки,DNS,2163,Юрій Качаєв,Ч,27,,,,,
MTB та гібриди - 100км Чоловіки,DNS,2169,Михайло Степанов,Ч,46,,,,,
MTB та гібриди - 100км Чоловіки,DNS,2176,Павел Середин,Ч,28,,,,,
MTB та гібриди - 100км Чоловіки,DNS,2179,Михайло Мудрий,Ч,44,,Колобок,,,
MTB та гібриди - 100км Чоловіки,DNS,2187,Йосип Черешньовський,Ч,37,,,,,
MTB та гібриди - 100км Чоловіки,DNS,2189,Андрій Воробйов,Ч,33,,,,,
MTB та гібриди - 100км Чоловіки,DNS,2208,Андрій Марченко,Ч,37,,АКОН,,,
MTB та гібриди - 100км Чоловіки,DNS,2215,Дмитро Кошляк,Ч,36,,GWTC,,,
MTB та гібриди - 100км Чоловіки,DNS,2235,Владислав Галушкін,Ч,24,,,,,
MTB та гібриди - 100км Чоловіки,DNS,2240,Віталій Лісовий,Ч,41,,,,,
MTB та гібриди - 100км Чоловіки,DNS,2249,Сергій Жбадінський,Ч,33,,,,,
MTB та гібриди - 100км Чоловіки,DNS,2254,Грицук Артем,Ч,31,,,,,
MTB та гібриди - 100км Чоловіки,DNS,2258,Паша Горобинський,Ч,39,,Догори Дригом,,,
MTB та гібриди - 100км Чоловіки,DNS,2270,Микола Скоромний,Ч,26,,,,,
MTB та гібриди - 100км Чоловіки,DNS,2280,Леонід Музичук,Ч,39,,,,,
MTB та гібриди - 100км Чоловіки,DNS,2296,Олексій Тимченко,Ч,22,,,,,
MTB та гібриди - 100км Чоловіки,DNS,2301,Владислав Шелудько,Ч,48,,,,,
MTB та гібриди - 100км Чоловіки,DNS,2307,Євгеній Воловик,Ч,32,,theproject.run,theproject.run,,
MTB та гібриди - 100км Чоловіки,DNS,2328,Андрій Петренко,Ч,35,,Farmak Cycling Club,Farmak Cycling Club,,
MTB та гібриди - 100км Чоловіки,DNS,2329,Олексій Зеленський,Ч,36,,Farmak Cycling Club,Farmak Cycling Club,,
MTB та гібриди - 100км Чоловіки,DNS,2343,Сергій Степанчук,Ч,36,,,,,
MTB та гібриди - 100км Чоловіки,DNS,2362,Олександр Чурилович,Ч,40,,Золота рукавиця,Вараш,,
MTB та гібриди - 100км Чоловіки,DNS,2395,Олександр Беркман,Ч,34,,,,,
MTB та гібриди - 100км Чоловіки,DNS,2396,Ярослав Манжула,Ч,34,,,PARIMATCH TECH,,
MTB та гібриди - 100км Чоловіки,DNS,2435,Сергій Плакся,Ч,30,,,,,
MTB та гібриди - 100км Чоловіки,DNS,2441,Сергій Семенов,Ч,27,,,,,
MTB та гібриди - 100км Чоловіки,DNS,2464,Barlit Artur,Ч,25,,KPMG Cycling Team,KPMG Cycling Team,,
MTB та гібриди - 100км Чоловіки,DNS,2465,Tsybuliak Bohdan,Ч,25,,KPMG Cycling Team,KPMG Cycling Team,,
MTB та гібриди - 100км Чоловіки,DNS,2466,Ryzhkov Oleksii,Ч,22,,KPMG Cycling Team,KPMG Cycling Team,,
MTB та гібриди - 100км Чоловіки,DNS,2471,Роман Павлюк,Ч,36,,,,,
MTB та гібриди - 100км Чоловіки,DNS,2476,Новіков Нікіта,Ч,25,,,,,
MTB та гібриди - 100км Чоловіки,DNS,2477,Олександр Ярошенко,Ч,26,,Genesis,Genesis,,
MTB та гібриди - 100км Чоловіки,DNS,2488,Олександр Третяк,Ч,36,,,,,
MTB та гібриди - 100км Чоловіки,DNS,2489,Владислав Підвисоцький,Ч,29,,EVOPLAY,EVOPLAY,,
MTB та гібриди - 100км Чоловіки,DNS,9023,Андрей Слепченко,Ч,22,,101бригада охорони генерального штабу,,,
MTB та гібриди - 100км Чоловіки,DNS,9030,Микита Грибаков,Ч,22,,,,,
MTB та гібриди - 100км Чоловіки,DNS,2596,Віталій Махонін,Ч,35,,,,,
MTB та гібриди - 100км Чоловіки,DNS,2592,Сергій Заяць,Ч,35,,,,,
MTB та гібриди - 100км Чоловіки,DNS,2559,Сергій Іващенко,Ч,34,,,,,
MTB та гібриди - 100км Чоловіки,DNS,2549,Богдан Троценко,Ч,25,,,Патрульна Поліція,,
MTB та гібриди - 100км Жінки,1,2351,Леся Титова,Ж,31,,,,,3:17:04
MTB та гібриди - 100км Жінки,2,2017,Лариса Плужник,Ж,35,,BROVARY CYCLING TEAM,BROVARY CYCLING TEAM,,3:18:16
MTB та гібриди - 100км Жінки,3,2323,Сніжана Сидорчук,Ж,36,,,,,3:20:06
MTB та гібриди - 100км Жінки,4,2173,Валерия Смолянко,Ж,26,,FitCult Team,,,3:29:56
MTB та гібриди - 100км Жінки,5,2360,Анна Єлісєєва,Ж,24,,,,,3:31:17
MTB та гібриди - 100км Жінки,6,2556,Олена Олійник,Ж,35,,,,,3:32:57
MTB та гібриди - 100км Жінки,7,2250,Ольга Рогач,Ж,34,,,,,3:33:11
MTB та гібриди - 100км Жінки,8,2334,Людмила Капустян,Ж,47,,Farmak Cycling Club,Farmak Cycling Club,,3:33:14
MTB та гібриди - 100км Жінки,9,2284,Валерія Ігнатенко,Ж,27,,,АНТОНОВ,,3:34:19
MTB та гібриди - 100км Жінки,10,2172,Маргарита Коваленко,Ж,33,,,,,3:38:23
MTB та гібриди - 100км Жінки,11,2061,Світлана Полубенцева,Ж,38,,,,,3:42:44
MTB та гібриди - 100км Жінки,12,2402,Наталія Кравців,Ж,36,,,,,3:43:21
MTB та гібриди - 100км Жінки,13,2048,Катерина Пузирна,Ж,27,,Infopulse,Infopulse,,3:43:36
MTB та гібриди - 100км Жінки,14,2191,Олена Некрашевич,Ж,35,,,,,3:43:56
MTB та гібриди - 100км Жінки,15,2226,Анастасія Баранецька,Ж,23,,,,,3:45:16
MTB та гібриди - 100км Жінки,16,2604,Невшупа Лариса,Ж,49,,,,,3:49:13
MTB та гібриди - 100км Жінки,17,2432,Олена Білан,Ж,50,,,,,3:49:17
MTB та гібриди - 100км Жінки,18,2197,Олена Шило,Ж,42,,,,,3:53:30
MTB та гібриди - 100км Жінки,19,2047,Катерина Шеремет,Ж,39,,,,,3:57:02
MTB та гібриди - 100км Жінки,20,2121,Марина Наливайченко,Ж,34,,,,,3:57:29
MTB та гібриди - 100км Жінки,21,2457,Наталія Гусиніна,Ж,39,,,,,3:57:51
MTB та гібриди - 100км Жінки,22,2009,Вікторія Лохоня,Ж,29,,,,,4:01:34
MTB та гібриди - 100км Жінки,23,2035,Катерина Андрушенко,Ж,30,,Squad UA Runners,,,4:02:31
MTB та гібриди - 100км Жінки,24,2312,Олеся Шевченко,Ж,31,,,,,4:03:17
MTB та гібриди - 100км Жінки,25,2260,Юлія Данєвич,Ж,27,,,,,4:04:12
MTB та гібриди - 100км Жінки,26,2505,Снежана Богданова,Ж,27,,,,,4:06:02
MTB та гібриди - 100км Жінки,27,2049,Ірина Шабас,Ж,33,,,,,4:09:19
MTB та гібриди - 100км Жінки,28,2305,ГАННА МОРСЬКА,Ж,38,,,,,4:16:11
MTB та гібриди - 100км Жінки,29,2103,Юлія Самійленко,Ж,31,,,,,4:18:55
MTB та гібриди - 100км Жінки,30,2100,Марина Чернишева,Ж,36,,,,,4:24:50
MTB та гібриди - 100км Жінки,31,2472,Світлана Семенюк,Ж,27,,,,,4:25:10
MTB та гібриди - 100км Жінки,32,2357,Наталія Єльцова,Ж,51,,,,,4:25:31
MTB та гібриди - 100км Жінки,33,2293,Марина Беляєва,Ж,36,,,,,4:27:53
MTB та гібриди - 100км Жінки,34,2555,Юлія Колісніченко,Ж,20,,,,,4:32:49
MTB та гібриди - 100км Жінки,35,2037,Ясько Ірина,Ж,38,,,,,4:34:43
MTB та гібриди - 100км Жінки,36,2040,Оксана Ясько,Ж,36,,,,,4:34:46
MTB та гібриди - 100км Жінки,37,2450,Орина Алабут,Ж,24,,,Сурикаты,,4:34:51
MTB та гібриди - 100км Жінки,38,2451,Юлия Матвийчук,Ж,28,,,,,4:35:39
MTB та гібриди - 100км Жінки,39,2223,Олександра Хопта,Ж,27,,,,,4:37:48
MTB та гібриди - 100км Жінки,40,2551,Тетяна Лєбєдєва,Ж,61,,,,,4:38:32
MTB та гібриди - 100км Жінки,41,2333,Ганна Зоткіна,Ж,41,,Farmak Cycling Club,Farmak Cycling Club,,4:41:18
MTB та гібриди - 100км Жінки,42,2417,Олександра Цибуля,Ж,26,,,,,4:45:00
MTB та гібриди - 100км Жінки,43,2090,Лілія Артюшенко,Ж,40,,,,,4:48:10
MTB та гібриди - 100км Жінки,44,2315,Лілія Присяжнюк,Ж,38,,,,,4:49:34
MTB та гібриди - 100км Жінки,45,9050,Світлана Шлячкова,Ж,35,,,,,4:52:17
MTB та гібриди - 100км Жінки,46,2595,Тетяна Трофімова,Ж,42,,,,,4:53:25
MTB та гібриди - 100км Жінки,47,2092,Юлія Почтаренко,Ж,29,,,,,4:53:29
MTB та гібриди - 100км Жінки,48,2391,Юлія Піддубна,Ж,37,,,,,4:53:43
MTB та гібриди - 100км Жінки,49,2439,Ірина Коретчук,Ж,31,,,,,4:55:38
MTB та гібриди - 100км Жінки,50,2158,Мария Ефимчук,Ж,38,,,Velovujki,,5:01:55
MTB та гібриди - 100км Жінки,51,2129,Алла Пулеха,Ж,51,,Веломастер,,,5:04:08
MTB та гібриди - 100км Жінки,52,2029,Ольга Колос,Ж,28,,,,,5:05:45
MTB та гібриди - 100км Жінки,53,2427,Тетяна Оліферчук,Ж,46,,,,,5:08:27
MTB та гібриди - 100км Жінки,54,2089,Іра Люта,Ж,21,,,,,5:09:11
MTB та гібриди - 100км Жінки,55,2332,Людмила Карнаух,Ж,32,,Farmak Cycling Club,Farmak Cycling Club,,5:16:37
MTB та гібриди - 100км Жінки,56,2581,Liliia Chemodanova,Ж,33,,,Infopulse,,5:19:44
MTB та гібриди - 100км Жінки,57,2304,Олена Фастівська,Ж,44,,Біла Церква туристична,,,5:19:45
MTB та гібриди - 100км Жінки,58,2204,Марія Мулярчук,Ж,28,,,,,5:28:21
MTB та гібриди - 100км Жінки,59,2153,Наталія Стехун,Ж,38,,,АНТОНОВ,,5:28:50
MTB та гібриди - 100км Жінки,60,2152,Оксана Сотнікова,Ж,38,,,АНТОНОВ,,5:28:50
MTB та гібриди - 100км Жінки,61,2331,Ольга Шрам,Ж,27,,Farmak Cycling Club,Farmak Cycling Club,,5:29:02
MTB та гібриди - 100км Жінки,62,2404,Людмила Єфімцева,Ж,36,,PARIMATCH TECH,,,5:30:56
MTB та гібриди - 100км Жінки,63,2529,Halyna Kozlova,Ж,33,,,Тюляши,,5:31:47
MTB та гібриди - 100км Жінки,64,2429,Евгения Солод,Ж,31,,,African Team,,5:37:25
MTB та гібриди - 100км Жінки,65,2490,Юля Кривогуз,Ж,29,,,,,5:37:27
MTB та гібриди - 100км Жінки,66,2045,Анжеліка Лисенко,Ж,24,,,,,5:38:29
MTB та гібриди - 100км Жінки,67,2199,Дар'я Дорофеєва,Ж,24,,,,,5:39:22
MTB та гібриди - 100км Жінки,68,2076,Наталія Сидоренко,Ж,28,,,,,5:44:02
MTB та гібриди - 100км Жінки,69,9047,Христина Волошук,Ж,27,,,,,5:47:20
MTB та гібриди - 100км Жінки,70,2027,Тетяна Сударушкіна,Ж,37,,,,,5:51:13
MTB та гібриди - 100км Жінки,71,2588,Віталія Єрьоміна,Ж,40,,,,,5:56:50
MTB та гібриди - 100км Жінки,72,2085,Таісія Моргунська,Ж,33,,-,-,,5:59:36
MTB та гібриди - 100км Жінки,73,2222,Ганна Денисенко,Ж,37,,,Дискаверщики,,6:17:05
MTB та гібриди - 100км Жінки,74,9077,Юлія Дзюба,Ж,25,,-,,,6:26:01
MTB та гібриди - 100км Жінки,75,2154,Олена Кудря,Ж,37,,,АНТОНОВ,,6:31:21
MTB та гібриди - 100км Жінки,76,2413,Анастасія Мачуленко,Ж,25,,PARIMACH TECH,PARIMACH TECH,,
MTB та гібриди - 100км Жінки,DNS,2000,Юлия Шевченко,Ж,27,,,,,
MTB та гібриди - 100км Жінки,DNS,2018,Олена Ханчанова,Ж,41,,,,,
MTB та гібриди - 100км Жінки,DNS,2043,Анна Дяків,Ж,36,,,,,
MTB та гібриди - 100км Жінки,DNS,2046,Марія Єфімчук,Ж,38,,,,,
MTB та гібриди - 100км Жінки,DNS,2077,Мері Ломія,Ж,30,,,,,
MTB та гібриди - 100км Жінки,DNS,2148,Дар'я Лібович,Ж,28,,,,,
MTB та гібриди - 100км Жінки,DNS,2180,Анна Морозова,Ж,46,,,,,
MTB та гібриди - 100км Жінки,DNS,2196,Яна Нагорянська,Ж,33,,,,,
MTB та гібриди - 100км Жінки,DNS,2216,Оксана Кошляк,Ж,32,,GWTC,,,
MTB та гібриди - 100км Жінки,DNS,2322,Юлия Прилуцкая,Ж,33,,,PARIMATCH TECH,,
MTB та гібриди - 100км Жінки,DNS,2340,Марина Хміль,Ж,33,,,,,
MTB та гібриди - 100км Жінки,DNS,2399,Олеся Кара,Ж,36,,,,,
MTB та гібриди - 100км Жінки,DNS,2475,Наталя Коваленко,Ж,39,,,,,
MTB та гібриди - 100км Жінки,DNS,2530,Катерина Лупина,Ж,34,,,Тюляши,,
MTB та гібриди - 100км Жінки,DNS,2532,Анастасія Кириченко,Ж,31,,,,,
MTB та гібриди - 100км Жінки,DNS,2550,Марина Беляева,Ж,36,,,,,
Унікальні ровери - 100км Жінки,1,4016,Анна Лядецкая,Ж,48,,,,,3:56:49
Унікальні ровери - 100км Жінки,2,4017,Яна Вельбовець,Ж,33,,,Infopulse,,4:57:50
Унікальні ровери - 100км Жінки,3,4013,Оксана Антипа,Ж,35,,,,,5:36:13
Фікси та Сінгл-спід - 100км Чоловіки,1,3008,Олександр Куземко,Ч,42,,Escape,Escape,,2:44:40
Фікси та Сінгл-спід - 100км Чоловіки,2,3016,Євгеній Панчук,Ч,28,,,,,2:49:50
Фікси та Сінгл-спід - 100км Чоловіки,3,3007,Олександр Плаксенков,Ч,29,,,,,3:06:02
Фікси та Сінгл-спід - 100км Чоловіки,4,3002,Макс Плиска,Ч,29,,,,,3:20:45
Фікси та Сінгл-спід - 100км Чоловіки,5,3011,Максим Кірілюк,Ч,23,,,,,3:21:05
Фікси та Сінгл-спід - 100км Чоловіки,6,3009,Дмитро Ярмоленко,Ч,48,,,,,3:23:17
Фікси та Сінгл-спід - 100км Чоловіки,7,3003,Станіслав Духонченко,Ч,47,,,,,4:03:35
Фікси та Сінгл-спід - 100км Чоловіки,8,9049,Олег Маляренко,Ч,26,,-,,,4:09:59
Фікси та Сінгл-спід - 100км Чоловіки,9,3012,Дмитро Івженко,Ч,30,,,,,4:13:56
Фікси та Сінгл-спід - 100км Чоловіки,10,3005,Евгеній Басак,Ч,25,,,,,4:19:20
Фікси та Сінгл-спід - 100км Чоловіки,11,3017,Олександр Сухінов,Ч,30,,,,,4:19:21
Фікси та Сінгл-спід - 100км Чоловіки,12,3006,В'ячеслав Сухінов,Ч,26,,,,,4:19:21
Фікси та Сінгл-спід - 100км Чоловіки,13,3000,Юра Ой,Ч,35,,,,,4:50:28
Фікси та Сінгл-спід - 100км Чоловіки,14,3004,Юрій Лисенко,Ч,41,,,,,
Фікси та Сінгл-спід - 100км Чоловіки,DQ,3001,Никита Водяницкий,Ч,35,,,,,
Фікси та Сінгл-спід - 100км Чоловіки,DQ,3010,Юрій Старовойт,Ч,28,,PARIMATCH TECH,PARIMATCH TECH,,
Фікси та Сінгл-спід - 100км Чоловіки,DQ,3014,Денис Шатохин,Ч,26,,ATCX,ATCX,,
Фікси та Сінгл-спід - 100км Чоловіки,DQ,3015,Максим Резниченко,Ч,26,,YATAGARASU,YATAGARASU,,
Фікси та Сінгл-спід - 100км Чоловіки,DQ,3018,Владислав Юшко,Ч,31,,YATAGARASU,,,
Фікси та Сінгл-спід - 100км Чоловіки,DNS,3013,Петро Хомета,Ч,27,,,,,
«Україна» - 100км Жінки,1,5002,Ольга Будяк,Ж,41,,Discoverщик,,,4:39:31
«Україна» - 100км Жінки,2,5001,Дар'я Нікітіна,Ж,41,,,Discoverщик,,4:40:03
Шосейні та кросові велосипеди - 50км Жінки,1,6062,Гордієнко Ольга,Ж,51,Київ,Укрексімбанк,,,1:31:47
Шосейні та кросові велосипеди - 50км Жінки,2,6023,Маргарита Завацька,Ж,27,Київ,,Viyar Bike Team,,1:43:55
Шосейні та кросові велосипеди - 50км Жінки,3,6036,Елена Пилип,Ж,28,Киев,,,,1:44:27
Шосейні та кросові велосипеди - 50км Жінки,4,6000,Юлія Порхун,Ж,29,Київ,,,,1:48:00
Шосейні та кросові велосипеди - 50км Жінки,5,6060,Korolenko Alina,Ж,29,Київ,Decathlon Ukraine,,,1:49:31
Шосейні та кросові велосипеди - 50км Жінки,6,6032,Анастасія Ніжинська,Ж,29,Київ,,,,1:50:19
Шосейні та кросові велосипеди - 50км Жінки,7,6034,Наталія  Проценко,Ж,32,Вінниця,,,,1:50:56
Шосейні та кросові велосипеди - 50км Жінки,8,6018,Марія Каменчук,Ж,29,Київ,,PARIMATCH TECH,,1:57:35
Шосейні та кросові велосипеди - 50км Жінки,9,6001,Світлана Лисенко,Ж,49,Kyiv,,,,2:00:02
Шосейні та кросові велосипеди - 50км Жінки,10,6044,Анастасія Сипячова,Ж,33,Київ,,Viyar Bike Team,,2:36:09
Шосейні та кросові велосипеди - 50км Жінки,11,6048,Катерина Обливач,Ж,20,Київ,,,,2:44:09
Шосейні та кросові велосипеди - 50км Жінки,12,9036,Інна Малицька,Ж,31,Київ,JDE,,,3:01:06
Шосейні та кросові велосипеди - 50км Жінки,13,9039,Оксана Сбитнєва,Ж,28,Київ,JDE,,,3:01:14
Шосейні та кросові велосипеди - 50км Жінки,14,6012,Євгенія Харламова,Ж,26,Київ,,,,
Шосейні та кросові велосипеди - 50км Жінки,15,6015,Наталія Двойнєва,Ж,34,"Київ, Київ, КИЇВСЬКА",Основа Бігу,,,
Шосейні та кросові велосипеди - 50км Жінки,16,6052,Ніна Мальована,Ж,21,Київ,,,,
Шосейні та кросові велосипеди - 50км Жінки,17,9041,Анастасія Руденко,Ж,31,Київ,JDE,,,
Шосейні та кросові велосипеди - 50км Жінки,DNS,6008,Валентина Гайдаш,Ж,24,Київ,-,-,,
MTB та гібриди - 50км Чоловіки,1,7134,Андрій Алексєєв,Ч,25,Київ,Escape,Escape,,1:17:50
MTB та гібриди - 50км Чоловіки,2,7136,Ілля Чумак,Ч,21,Київ,Escape,Escape,,1:17:53
MTB та гібриди - 50км Чоловіки,3,7091,Andrii Lykhachov,Ч,40,Kyiv,Escape,Escape,,1:17:55
MTB та гібриди - 50км Чоловіки,4,7121,Роман Мiсяк,Ч,32,Kiev,Escape,Escape,,1:18:01
MTB та гібриди - 50км Чоловіки,5,7216,Антон Хомутенко,Ч,35,Київ,Escape,Escape,,1:18:11
MTB та гібриди - 50км Чоловіки,6,7211,Юрій Плосконос,Ч,29,Шпола,,,,1:18:13
MTB та гібриди - 50км Чоловіки,7,7108,Вадим Баранчук,Ч,37,Київ,printto.com.ua,BIKE L.A.B.,,1:18:39
MTB та гібриди - 50км Чоловіки,8,7135,Дмитро Зелений,Ч,29,Київ,Escape,Escape,,1:20:32
MTB та гібриди - 50км Чоловіки,9,7020,Юрій Цибульник,Ч,41,Буча,,,,1:21:08
MTB та гібриди - 50км Чоловіки,10,7111,Володимир Береговий,Ч,29,Київ,Escape,Escape,,1:25:19
MTB та гібриди - 50км Чоловіки,11,7047,Геннадій Чорнобай,Ч,49,Київ,,,,1:26:00
MTB та гібриди - 50км Чоловіки,12,7063,Максим Романов,Ч,33,Киев,printto.com.ua,,,1:28:36
MTB та гібриди - 50км Чоловіки,13,7015,Андрій Лемента,Ч,44,Київ,,,,1:30:58
MTB та гібриди - 50км Чоловіки,14,7235,Гордієнко Ярослав,Ч,52,Київ,Укрексімбанк,,,1:33:46
MTB та гібриди - 50км Чоловіки,15,7209,Юрій Сивобород,Ч,35,Київ,,Патрульна поліція,,1:34:11
MTB та гібриди - 50км Чоловіки,16,7001,Хобта Юрій,Ч,41,Київ,,Steady Riders,,1:35:07
MTB та гібриди - 50км Чоловіки,17,7130,Юрій Павліченко,Ч,64,Київ,,,,1:35:38
MTB та гібриди - 50км Чоловіки,18,7169,Владислав Глеб,Ч,20,Київ,Genesis,Genesis,,1:37:01
MTB та гібриди - 50км Чоловіки,19,7150,Денис Мусевич,Ч,28,kiev,EVOPLAY,EVOPLAY,,1:37:40
MTB та гібриди - 50км Чоловіки,20,7070,Сергій Воронцов,Ч,29,Київ,,,,1:37:49
MTB та гібриди - 50км Чоловіки,21,7206,Руслан Шевченко,Ч,30,Київ,,Патрульна поліція,,1:37:58
MTB та гібриди - 50км Чоловіки,22,7153,Антон Зубарь,Ч,31,kiev,EVOPLAY,EVOPLAY,,1:38:29
MTB та гібриди - 50км Чоловіки,23,7205,Владислав Петрусенко,Ч,25,Київ,Патрульна поліція,Патрульна поліція,,1:38:34
MTB та гібриди - 50км Чоловіки,24,7180,Антон Шимко,Ч,35,Боярка,,,,1:38:42
MTB та гібриди - 50км Чоловіки,25,7204,Дмитро Мельник,Ч,30,Київ,,Патрульна поліція,,1:39:05
MTB та гібриди - 50км Чоловіки,26,7208,Микита Жаркіх,Ч,26,Київ,,Патрульна поліція,,1:39:11
MTB та гібриди - 50км Чоловіки,27,7165,Владислав Московський,Ч,29,Київ,,,,1:39:19
MTB та гібриди - 50км Чоловіки,28,7069,Сергій Івасюк,Ч,29,Київ,,,,1:39:26
MTB та гібриди - 50км Чоловіки,29,7215,Борис Шевчик,Ч,36,Киев,,,,1:39:41
MTB та гібриди - 50км Чоловіки,30,7073,Олег Макарук,Ч,29,Київ,,,,1:39:42
MTB та гібриди - 50км Чоловіки,31,7026,Віталій Балан,Ч,51,Київ,,AUTHOR TEAM,,1:41:59
MTB та гібриди - 50км Чоловіки,32,7067,Роман Оксьоненко,Ч,28,Гостомель,,,,1:42:21
MTB та гібриди - 50км Чоловіки,33,7040,Роман Ольшанецкий,Ч,62,Киев,,,,1:42:43
MTB та гібриди - 50км Чоловіки,34,7229,Dmytro Riabenko,Ч,35,Vyshneve,,,,1:43:15
MTB та гібриди - 50км Чоловіки,35,7151,Владислав Замашний,Ч,24,kiev,EVOPLAY,EVOPLAY,,1:43:37
MTB та гібриди - 50км Чоловіки,36,7110,Дмитро Мельник,Ч,34,Київ,,Віатек,,1:43:42
MTB та гібриди - 50км Чоловіки,37,7203,Іван Кравченко,Ч,32,Київ,,Патрульна поліція,,1:43:45
MTB та гібриди - 50км Чоловіки,38,7140,Владимир Бахур,Ч,27,Киев,,,,1:44:42
MTB та гібриди - 50км Чоловіки,39,9056,Oleksiy Sandul,Ч,18,Kyiv,Ski Club School,,,1:46:00
MTB та гібриди - 50км Чоловіки,40,9055,Artem Spinov,Ч,18,Kyiv,Ski Club School,,,1:46:03
MTB та гібриди - 50км Чоловіки,41,7025,Ілля Галілейський,Ч,27,Бровари,MilkyWayTrialAcademy,UpBikes,,1:46:09
MTB та гібриди - 50км Чоловіки,42,9053,Artemii Beliaev,Ч,18,Kyiv,Ski Club School,,,1:46:59
MTB та гібриди - 50км Чоловіки,43,7088,Сергій Пеньковський,Ч,33,Київ,,PARIMATCH TECH,,1:47:07
MTB та гібриди - 50км Чоловіки,44,7174,Олександр Каращук,Ч,28,Гостомель,,,,1:48:03
MTB та гібриди - 50км Чоловіки,45,7027,Михайло Гамаля,Ч,46,Київ,,AUTHOR TEAM,,1:48:27
MTB та гібриди - 50км Чоловіки,46,7087,Андрій Дяконенко,Ч,40,Бердичів,,,,1:49:24
MTB та гібриди - 50км Чоловіки,47,7080,Сергій Бабіч,Ч,50,Київ,,,,1:49:35
MTB та гібриди - 50км Чоловіки,48,7164,Ілля Смогоржевський,Ч,29,Київ,,,,1:51:19
MTB та гібриди - 50км Чоловіки,49,7028,Петро Степанюк,Ч,62,Київ,,AUTHOR TEAM,,1:51:33
MTB та гібриди - 50км Чоловіки,50,7077,Iгор Юлін,Ч,57,Киев,VELOFARA.COM,,,1:51:35
MTB та гібриди - 50км Чоловіки,51,7222,Максим Стороженко,Ч,37,Киев,,Infopulse,,1:52:15
MTB та гібриди - 50км Чоловіки,52,7199,Кирило Фуйор,Ч,29,Київ,,,,1:52:52
MTB та гібриди - 50км Чоловіки,53,7188,Дмитро Синюка,Ч,41,Київ,,Центр гуманітарних місій,,1:53:23
MTB та гібриди - 50км Чоловіки,54,7037,Євген Чертков,Ч,32,Київ,,,,1:54:35
MTB та гібриди - 50км Чоловіки,55,7113,Петро Купрієць,Ч,35,Kyiv,,,,1:54:48
MTB та гібриди - 50км Чоловіки,56,7116,Дмитро Кравцов,Ч,26,Киев,,,,1:55:01
MTB та гібриди - 50км Чоловіки,57,9005,Олексій Нікітан,Ч,38,Київ,Вело клуб кабачкової ікри,,,1:55:32
MTB та гібриди - 50км Чоловіки,58,7016,Роман Мордовин,Ч,42,Киев,,,,1:56:19
MTB та гібриди - 50км Чоловіки,59,7071,Ігор Тимошенко,Ч,32,Київ,,,,1:56:28
MTB та гібриди - 50км Чоловіки,60,7158,Сергій Попович,Ч,56,Київ,,,,1:56:50
MTB та гібриди - 50км Чоловіки,61,7039,Дмитро Божежа,Ч,44,Київ,,,,1:57:04
MTB та гібриди - 50км Чоловіки,62,9014,Volodymyr Shapovalov,Ч,53,Kyiv,,,,1:57:13
MTB та гібриди - 50км Чоловіки,63,7109,Євген Рубан,Ч,41,Київ,,Віатек,,1:57:34
MTB та гібриди - 50км Чоловіки,64,7226,Юрій Горенчук,Ч,23,Київ,Infopulse,Infopulse,,1:57:45
MTB та гібриди - 50км Чоловіки,65,7043,Сергій Олещенко,Ч,39,Київ,,,,1:58:18
MTB та гібриди - 50км Чоловіки,66,7212,Назар Миколаєць,Ч,41,Київ,,,,1:58:41
MTB та гібриди - 50км Чоловіки,67,7202,Володимир Чорний,Ч,32,Київ,,,,2:01:41
MTB та гібриди - 50км Чоловіки,68,7200,Емал Бахтарі,Ч,41,Обухів,,,,2:02:01
MTB та гібриди - 50км Чоловіки,69,7102,Денис Горшунов,Ч,39,Бахмут,,,,2:03:01
MTB та гібриди - 50км Чоловіки,70,7065,Сергей Кучеренко,Ч,40,Донецк,,,,2:03:02
MTB та гібриди - 50км Чоловіки,71,7103,Михайло Харченко,Ч,33,Бахмут,,,,2:03:06
MTB та гібриди - 50км Чоловіки,72,7127,Богдан Шморгун,Ч,29,Київ,,,,2:03:26
MTB та гібриди - 50км Чоловіки,73,7156,Юрий Шурыгин,Ч,43,kiev,EVOPLAY,EVOPLAY,,2:03:47
MTB та гібриди - 50км Чоловіки,74,9150,Олег Ільюхін,Ч,44,Київ,,,,2:04:18
MTB та гібриди - 50км Чоловіки,75,7238,Александр  Жариков,Ч,55,Київ,CMS Group,,,2:04:38
MTB та гібриди - 50км Чоловіки,76,7009,Денис Олександрович,Ч,40,Київ,,,,2:04:42
MTB та гібриди - 50км Чоловіки,77,9070,Валентин Кучерук,Ч,36,Київ,,,,2:06:08
MTB та гібриди - 50км Чоловіки,78,7118,Назар Пелехань,Ч,32,Київ,PARIMATCH TECH,PARIMATCH TECH,,2:08:30
MTB та гібриди - 50км Чоловіки,79,7120,Богдан Лижник,Ч,27,Київ,PARIMATCH TECH,PARIMATCH TECH,,2:10:33
MTB та гібриди - 50км Чоловіки,80,7201,Yaroslav Boychuk,Ч,36,Київ,,,,2:11:12
MTB та гібриди - 50км Чоловіки,81,7184,Олександр Київський,Ч,33,Київ,,,,2:11:37
MTB та гібриди - 50км Чоловіки,82,7231,Київський Євген,Ч,26,Київ,,,,2:11:58
MTB та гібриди - 50км Чоловіки,83,7166,SERGII DANILOV,Ч,43,Київ,Smart Swim,,,2:12:18
MTB та гібриди - 50км Чоловіки,84,7196,Ігнат Сухенко,Ч,19,Київ,,Rocket,,2:12:24
MTB та гібриди - 50км Чоловіки,85,7192,Микита Свидло,Ч,34,Київ,,Rocket,,2:12:58
MTB та гібриди - 50км Чоловіки,86,9085,Роман Балан,Ч,36,Ірпінь,Artamonov Team,,,2:13:58
MTB та гібриди - 50км Чоловіки,87,7035,Ігор Задорожній,Ч,33,Київ,,,,2:15:15
MTB та гібриди - 50км Чоловіки,88,9035,Богдан Заєць,Ч,25,Київ,JDE,,,2:15:26
MTB та гібриди - 50км Чоловіки,89,7194,Богдан Кадун,Ч,27,Київ,,Rocket,,2:15:41
MTB та гібриди - 50км Чоловіки,90,7177,Євген Цаплій,Ч,31,Київ,,EVB,,2:15:48
MTB та гібриди - 50км Чоловіки,91,7175,Андрій Рудковський,Ч,43,Київ,,EVB,,2:15:48
MTB та гібриди - 50км Чоловіки,92,7033,Артём Цуканов,Ч,41,Киев,,,,2:15:53
MTB та гібриди - 50км Чоловіки,93,7005,Володимир Федорчук,Ч,46,Київ,,Data Bike Team,,2:16:54
MTB та гібриди - 50км Чоловіки,94,7162,Oleksii Magomedov,Ч,40,Kyiv,,,,2:17:25
MTB та гібриди - 50км Чоловіки,95,7173,Алексей Ермоленко,Ч,34,Киев,,EVB,,2:17:42
MTB та гібриди - 50км Чоловіки,96,9046,Юрій Шлапацький,Ч,35,Біла церква,,,,2:17:48
MTB та гібриди - 50км Чоловіки,97,7179,Микола Балмасов,Ч,45,Київ,,,,2:19:02
MTB та гібриди - 50км Чоловіки,98,7239,Кравчук  Сергей,Ч,39,Київ,CMS Group,,,2:19:11
MTB та гібриди - 50км Чоловіки,99,7142,Demtso Ivan,Ч,29,Київ,KPMG Cycling Team,KPMG Cycling Team,,2:20:46
MTB та гібриди - 50км Чоловіки,100,7233,Володимир Терещенко,Ч,36,Київ,,,,2:23:12
MTB та гібриди - 50км Чоловіки,101,7207,Ігор Шевчук,Ч,24,Киів,,Патрульна поліція,,2:23:41
MTB та гібриди - 50км Чоловіки,102,7054,Дмитро Ніцевич,Ч,30,Київ,,,,2:24:49
MTB та гібриди - 50км Чоловіки,103,7076,Олександр Усенко,Ч,52,Київ,,,,2:25:04
MTB та гібриди - 50км Чоловіки,104,7089,Дмитро Шрам,Ч,31,Київ,Farmak Cycling Club,Farmak Cycling Club,,2:27:37
MTB та гібриди - 50км Чоловіки,105,7022,Антон Пшеничний,Ч,31,Київ,,,,2:27:51
MTB та гібриди - 50км Чоловіки,106,7161,Павло Тичинський,Ч,46,Київ,,Траумель,,2:29:11
MTB та гібриди - 50км Чоловіки,107,7157,Евгений Шмидт,Ч,31,kiev,EVOPLAY,EVOPLAY,,2:30:00
MTB та гібриди - 50км Чоловіки,108,7172,Ярослав Побережец,Ч,28,kiev,EVOPLAY,EVOPLAY,,2:37:57
MTB та гібриди - 50км Чоловіки,109,7186,Михайло Стопник,Ч,31,Козин,,,,2:45:53
MTB та гібриди - 50км Чоловіки,110,7031,Антон Черевашко,Ч,21,Київ,,,,2:47:04
MTB та гібриди - 50км Чоловіки,111,7122,Сергій Чередніченко,Ч,26,Київ,,PARIMATCH TECH,,2:58:27
MTB та гібриди - 50км Чоловіки,112,7000,Дмитро Барабась,Ч,41,Київ,,,,3:00:28
MTB та гібриди - 50км Чоловіки,113,7061,Олег Винник,Ч,45,Київ,,,,3:23:49
MTB та гібриди - 50км Чоловіки,114,7219,Валерій Яковенко,Ч,63,Київ,,,,3:43:44
MTB та гібриди - 50км Чоловіки,115,7056,Володимир Дубік,Ч,21,Київ,,,,4:00:07
MTB та гібриди - 50км Чоловіки,116,7003,Євген Москаленко,Ч,30,Київ,,,,
MTB та гібриди - 50км Чоловіки,117,7048,Виталий Артюх,Ч,43,Киеа,Bike L.A.B.,,,
MTB та гібриди - 50км Чоловіки,118,7112,Данило Ларіонов,Ч,35,Київ,,,,
MTB та гібриди - 50км Чоловіки,119,7148,Андрій Горбанський,Ч,29,Київ,,,,
MTB та гібриди - 50км Чоловіки,120,7149,Володимир Горбанський,Ч,18,Київ,,,,
MTB та гібриди - 50км Чоловіки,121,7171,Дмитро Канєвський,Ч,20,Київ,Genesis,Genesis,,
MTB та гібриди - 50км Чоловіки,122,7181,Юрій Борох,Ч,32,Київ,,,,
MTB та гібриди - 50км Чоловіки,123,7195,Максим Ананьєвський,Ч,42,Київ,,Rocket,,
MTB та гібриди - 50км Чоловіки,124,7198,Игорь Козленко,Ч,58,Киев,,,,
MTB та гібриди - 50км Чоловіки,125,7210,Євгеній Яременко,Ч,25,Київ,,Велогонци,,
MTB та гібриди - 50км Чоловіки,126,7224,Мелещук Денис,Ч,37,Київ,,Infopulse,,
MTB та гібриди - 50км Чоловіки,127,7230,Євгеній Надточій,Ч,50,Київ,,Infopulse,,
MTB та гібриди - 50км Чоловіки,128,9083,Микола Мальований,Ч,18,Київ,,,,
MTB та гібриди - 50км Чоловіки,129,7236,Горлов  Александр,Ч,49,Київ,CMS Group,,,
MTB та гібриди - 50км Чоловіки,DQ,7086,Володимир Шиліжинський,Ч,34,Київ,,ONRIDE,,
MTB та гібриди - 50км Чоловіки,DQ,7117,Андрій Пивовар,Ч,31,Київ,PARIMATCH TECH,PARIMATCH TECH,,
MTB та гібриди - 50км Чоловіки,DQ,7234,Корнієнко Володимир,Ч,40,Київ,Укрексімбанк,,,
MTB та гібриди - 50км Чоловіки,DNS,7023,Анатолій Пашкур,Ч,38,Бровари,,,,
MTB та гібриди - 50км Чоловіки,DNS,7029,Андрій Дейсан,Ч,29,Київ,,,,
MTB та гібриди - 50км Чоловіки,DNS,7046,Віталій Муратовський,Ч,35,Київ,,,,
MTB та гібриди - 50км Чоловіки,DNS,7075,Денис Седлецький,Ч,24,Київ,,,,
MTB та гібриди - 50км Чоловіки,DNS,7104,Олег Шуляк,Ч,28,Обухів,,,,
MTB та гібриди - 50км Чоловіки,DNS,7105,Андрей Корочанский,Ч,47,Бахмут,,,,
MTB та гібриди - 50км Чоловіки,DNS,7141,Volodin Serhii,Ч,36,Киев,KPMG Cycling Team,KPMG Cycling Team,,
MTB та гібриди - 50км Чоловіки,DNS,7146,Lyshen Oleksandr,Ч,52,Київ,KPMG Cycling Team,,,
MTB та гібриди - 50км Чоловіки,DNS,7167,Євген Музика,Ч,27,Київ,Genesis,Genesis,,
MTB та гібриди - 50км Чоловіки,DNS,7178,Максим Цегельнюк,Ч,40,Київ,,EVB,,
MTB та гібриди - 50км Чоловіки,DNS,7190,Вадим Митрофанов,Ч,24,Київ,,,,
MTB та гібриди - 50км Чоловіки,DNS,7197,Олексій Набоков,Ч,100,Київ,,,,
MTB та гібриди - 50км Чоловіки,DNS,7213,Андрій Рудниченко,Ч,31,Київ,,,,
MTB та гібриди - 50км Чоловіки,DNS,7227,Danylo Stetsenko,Ч,25,Київ,,Infopulse,,
MTB та гібриди - 50км Жінки,1,7053,Ольга Новак,Ж,34,Боярка,ВелоБоярка,ВелоБоярка,,1:26:12
MTB та гібриди - 50км Жінки,2,7217,Хомутенко Олександра,Ж,35,Київ,Escape,Escape,,1:30:04
MTB та гібриди - 50км Жінки,3,7057,Татьяна Майбоженко,Ж,42,Киев,,,,1:34:17
MTB та гібриди - 50км Жінки,4,7078,OLGA BUBELA,Ж,34,Hatne,,,,1:36:33
MTB та гібриди - 50км Жінки,5,7006,Тетяна Грищенко,Ж,30,Київ,,,,1:37:20
MTB та гібриди - 50км Жінки,6,7017,Ірина Білан,Ж,31,Київ,,,,1:38:57
MTB та гібриди - 50км Жінки,7,7074,Вікторія Андрущенко,Ж,52,Київ,,,,1:39:50
MTB та гібриди - 50км Жінки,8,7068,Марія Абрютіна,Ж,34,Київ,Intellias,,,1:42:51
MTB та гібриди - 50км Жінки,9,7220,Ольга Єрмаченкова,Ж,32,Київ,,,,1:43:46
MTB та гібриди - 50км Жінки,10,7002,Тамара Фузік,Ж,32,Ірпінь,,,,1:43:48
MTB та гібриди - 50км Жінки,11,7036,Дарья Цуканова,Ж,18,Киев,,,,1:44:59
MTB та гібриди - 50км Жінки,12,7082,Вікторія Єрьоменко,Ж,43,Каменское,,,,1:45:20
MTB та гібриди - 50км Жінки,13,7083,Юлія Деркач,Ж,23,Кисїв,,,,1:49:35
MTB та гібриди - 50км Жінки,14,7139,Ольга Кравченко,Ж,36,Київ,,,,1:50:01
MTB та гібриди - 50км Жінки,15,7064,Катерина Кот,Ж,34,Ірпінь,,,,1:50:25
MTB та гібриди - 50км Жінки,16,7044,Кристина Череп,Ж,54,Киев,,,,1:50:52
MTB та гібриди - 50км Жінки,17,7100,Ирина Полищук,Ж,29,Вишневое,,,,1:52:31
MTB та гібриди - 50км Жінки,18,7124,Анна Данилейко,Ж,25,Киев,PARIMATCH TECH,PARIMATCH TECH,,1:52:34
MTB та гібриди - 50км Жінки,19,7189,Ірина Цвіла,Ж,52,Київ,,Центр гуманітарних місій,,1:53:24
MTB та гібриди - 50км Жінки,20,7137,Марина Щадних,Ж,41,Київ,,,,1:53:57
MTB та гібриди - 50км Жінки,21,7218,Юлія Домницька,Ж,41,Київ,,,,1:54:42
MTB та гібриди - 50км Жінки,22,7106,Аліна Ковальчук,Ж,22,Київ,#TeremkyRunClub,#TeremkyRunClub,,1:54:44
MTB та гібриди - 50км Жінки,23,7221,Катерина Спасова,Ж,31,Киев,,Infopulse,,1:55:28
MTB та гібриди - 50км Жінки,24,9006,Марина Нікітан,Ж,36,Київ,Вело клуб кабачкової ікри,,,1:55:31
MTB та гібриди - 50км Жінки,25,7018,Марина Мордовина,Ж,25,Киев,,,,1:56:02
MTB та гібриди - 50км Жінки,26,7038,Крістіна Веселова,Ж,31,Київ,,,,1:56:48
MTB та гібриди - 50км Жінки,27,7170,Катерина Геращенко,Ж,20,Київ,Genesis,Genesis,,1:56:58
MTB та гібриди - 50км Жінки,28,7095,Вікторія Литаєва,Ж,28,Київ,,,,1:57:01
MTB та гібриди - 50км Жінки,29,7055,Ольга Попелюшенко,Ж,30,Киев,,,,1:57:17
MTB та гібриди - 50км Жінки,30,7147,Ніна Барщевська,Ж,35,Київ,,Viyarbiketeam,,1:57:57
MTB та гібриди - 50км Жінки,31,7042,Світлана Олещенко,Ж,32,Київ,,,,1:58:17
MTB та гібриди - 50км Жінки,32,7123,Олена Стунгур,Ж,39,Київ,,,,2:02:34
MTB та гібриди - 50км Жінки,33,7126,Daryna Hrebeniuk,Ж,26,Київ,,,,2:03:25
MTB та гібриди - 50км Жінки,34,7052,Татьяна Клецкова,Ж,38,Киев,,,,2:03:40
MTB та гібриди - 50км Жінки,35,7097,Тетяна Кабаровська,Ж,31,Kиїв,,,,2:04:42
MTB та гібриди - 50км Жінки,36,7138,Катерина Дойкова,Ж,34,Київ,,,,2:05:13
MTB та гібриди - 50км Жінки,37,7010,Катя Філюта,Ж,29,київ,,,,2:05:13
MTB та гібриди - 50км Жінки,38,7214,Katja Karjalainen,Ж,47,Kyiv,,,,2:05:39
MTB та гібриди - 50км Жінки,39,7145,Lyubomudrova Julia,Ж,42,Киев,KPMG Cycling Team,KPMG Cycling Team,,2:10:21
MTB та гібриди - 50км Жінки,40,7185,Ольга Київська,Ж,34,Київ,,,,2:11:43
MTB та гібриди - 50км Жінки,41,7182,Anna Jüngen,Ж,37,Kyiv,,,,2:12:07
MTB та гібриди - 50км Жінки,42,7193,Альона Гармаш,Ж,29,Київ,,Rocket,,2:12:10
MTB та гібриди - 50км Жінки,43,7183,Sanne Tielemans,Ж,36,Kyiv,,,,2:12:11
MTB та гібриди - 50км Жінки,44,7032,Іванна Павлюк,Ж,39,Бориспіль,,,,2:13:07
MTB та гібриди - 50км Жінки,45,7129,Олександра Бугера,Ж,30,Київ,,,,2:13:29
MTB та гібриди - 50км Жінки,46,7034,Тетяна Задорожня,Ж,35,Київ,,,,2:15:33
MTB та гібриди - 50км Жінки,47,7133,Марія Білецька,Ж,41,Київ,,Viyar Bike Team,,2:16:13
MTB та гібриди - 50км Жінки,48,7041,Тамара Доценко,Ж,61,Яготин,,,,2:16:39
MTB та гібриди - 50км Жінки,49,7066,Анна Боголей,Ж,30,Киев,,,,2:16:40
MTB та гібриди - 50км Жінки,50,7008,Соломія Федорчук,Ж,20,Київ,,DaTa Bike Team,,2:17:02
MTB та гібриди - 50км Жінки,51,7163,Лілія Хрустальова,Ж,37,Kyiv,,,,2:17:47
MTB та гібриди - 50км Жінки,52,7081,Іванна Світляр,Ж,28,Київ,,,,2:19:14
MTB та гібриди - 50км Жінки,53,9034,Наталія Купчинська,Ж,38,Київ,JDE,,,2:19:36
MTB та гібриди - 50км Жінки,54,7125,Veronika Yatsenko,Ж,29,Киев,,,,2:20:22
MTB та гібриди - 50км Жінки,55,7045,Ольга Закоморна,Ж,36,Київ,,,,2:22:24
MTB та гібриди - 50км Жінки,56,7114,Валерия Рудничук,Ж,28,Киев,,PARIMATCH TECH,,2:23:27
MTB та гібриди - 50км Жінки,57,7092,Вікторія Циганкова,Ж,23,Київ,,,,2:24:40
MTB та гібриди - 50км Жінки,58,7107,Анастасія Жирнова,Ж,27,Ірпінь,,,,2:25:28
MTB та гібриди - 50км Жінки,59,7021,Юлія Семенчак,Ж,30,Київ,#TeremkyRunClub,#TeremkyRunClub,,2:25:31
MTB та гібриди - 50км Жінки,60,7090,Єлизавета Бурковська,Ж,28,Київ,Farmak Cycling Club,Farmak Cycling Club,,2:27:36
MTB та гібриди - 50км Жінки,61,7024,Марина Бойченко,Ж,25,Київ,,,,2:27:54
MTB та гібриди - 50км Жінки,62,7050,Violetta Savchuk,Ж,27,Kyiv,,,,2:28:42
MTB та гібриди - 50км Жінки,63,7098,Анна Воропаєва,Ж,36,Київ,,,,2:28:52
MTB та гібриди - 50км Жінки,64,7084,Катерина Смаль,Ж,31,Київ,,,,2:28:56
MTB та гібриди - 50км Жінки,65,7099,Яна Якименко,Ж,30,Київ,,,,2:29:03
MTB та гібриди - 50км Жінки,66,7228,Olha Slobodeniuk,Ж,32,Bilohorodka,,Infopulse,,2:29:18
MTB та гібриди - 50км Жінки,67,7160,Юлія Тичинська,Ж,35,Київ,,Траумель,,2:30:08
MTB та гібриди - 50км Жінки,68,7131,Олена Кулик,Ж,36,Kyiv,,PARIMATCH TECH,,2:35:38
MTB та гібриди - 50км Жінки,69,7094,Кіра Охлоповська,Ж,29,Київ,PARIMATCH TECH,,,2:36:25
MTB та гібриди - 50км Жінки,70,7155,Юлия Изотова,Ж,27,kiev,EVOPLAY,EVOPLAY,,2:40:52
MTB та гібриди - 50км Жінки,71,7187,Наталия Стопник,Ж,32,Киев,,,,2:42:39
MTB та гібриди - 50км Жінки,72,9040,Олександра Литвиненко,Ж,36,Київ,JDE,,,2:42:59
MTB та гібриди - 50км Жінки,73,7012,Марія Берегова,Ж,30,Київ,,,,2:43:10
MTB та гібриди - 50км Жінки,74,7223,Yuliia Fitsak,Ж,28,Київ,,Infopulse,,2:43:34
MTB та гібриди - 50км Жінки,75,7132,Світлана Безсмертна,Ж,42,Київ,,Viyar Bike Team,,2:45:46
MTB та гібриди - 50км Жінки,76,7152,Алиса Половинкина,Ж,26,kiev,EVOPLAY,EVOPLAY,,2:46:19
MTB та гібриди - 50км Жінки,77,7013,Олександра Барабась,Ж,18,Київ,,,,3:00:28
MTB та гібриди - 50км Жінки,78,7011,Олена Барабась,Ж,40,Київ,,,,3:00:30
MTB та гібриди - 50км Жінки,79,7237,Неведомская  Яна,Ж,29,Київ,CMS Group,,,3:23:26
MTB та гібриди - 50км Жінки,80,7060,Оксана Винник,Ж,45,Київ,,,,3:27:07
MTB та гібриди - 50км Жінки,81,7062,Анна Тарасюк,Ж,22,Київ,,,,4:00:07
MTB та гібриди - 50км Жінки,82,7004,Оксана Маляренко,Ж,44,Київ,,Steady Riders,,
MTB та гібриди - 50км Жінки,83,7058,Інна Бурлака,Ж,34,Київ,,,,
MTB та гібриди - 50км Жінки,84,7059,Оля Шамшетдінова,Ж,35,Київ,,,,
MTB та гібриди - 50км Жінки,85,7096,Інна Григоренко,Ж,35,Київ,,,,
MTB та гібриди - 50км Жінки,86,7101,Оля Радченко,Ж,30,Київ,,,,
MTB та гібриди - 50км Жінки,87,7154,Елена Губатюк,Ж,26,kiev,EVOPLAY,EVOPLAY,,
MTB та гібриди - 50км Жінки,88,7191,Нелля Нагорняк,Ж,39,Київ,,,,
MTB та гібриди - 50км Жінки,89,7225,Валерія Худякова,Ж,32,Kyiv,,Infopulse,,
MTB та гібриди - 50км Жінки,90,7232,Ірина Фещенко,Ж,38,Київ,,,,
MTB та гібриди - 50км Жінки,DQ,7049,Татьяна Артюх,Ж,42,Киеа,Bike L.A.B.,,,
MTB та гібриди - 50км Жінки,DNS,7007,Анастасия Огородник,Ж,42,Киев,,,,
MTB та гібриди - 50км Жінки,DNS,7014,Катерина Бобришева,Ж,27,Житомир,,КВНЖ,,
MTB та гібриди - 50км Жінки,DNS,7019,Катерина Цибульник,Ж,37,Буча,,,,
MTB та гібриди - 50км Жінки,DNS,7030,Марина Капко,Ж,37,Київ,Проснись и беги,,,
MTB та гібриди - 50км Жінки,DNS,7051,Олеся Войтенко,Ж,30,Киев,,,,
MTB та гібриди - 50км Жінки,DNS,7072,Ольга Шабельник,Ж,45,Київ,,,,
MTB та гібриди - 50км Жінки,DNS,7079,Марина Якушева,Ж,44,Київ,,,,
MTB та гібриди - 50км Жінки,DNS,7085,Світлана Бабич,Ж,32,Бровари,,,,
MTB та гібриди - 50км Жінки,DNS,7093,Ксенія Борисочева,Ж,29,Київ,,,,
MTB та гібриди - 50км Жінки,DNS,7115,Анна Савченко,Ж,29,Київ,,PARIMATCH TECH,,
MTB та гібриди - 50км Жінки,DNS,7128,Тетяна Григоренко,Ж,29,Київ,,,,
MTB та гібриди - 50км Жінки,DNS,7143,Sysyn Liliia,Ж,28,Київ,KPMG Cycling Team,KPMG Cycling Team,,
MTB та гібриди - 50км Жінки,DNS,7144,Sharaienko Olha,Ж,24,Ірпінь,KPMG Cycling Team,KPMG Cycling Team,,
MTB та гібриди - 50км Жінки,DNS,7159,Віолетта Скрипнікова,Ж,38,Київ,,Траумель,,
MTB та гібриди - 50км Жінки,DNS,7168,Анна Свірська,Ж,27,Київ,Genesis,Genesis,,
MTB та гібриди - 50км Жінки,DNS,7176,Ірина Ліва,Ж,39,Київ,,,,
Унікальні ровери - 50км Жінки,1,8007,Ліна Олексієнко,Ж,25,kiev,EVOPLAY,EVOPLAY,,2:36:20
Унікальні ровери - 50км Жінки,2,8008,Татьяна Ражикова,Ж,33,kiev,EVOPLAY,EVOPLAY,,2:46:10
Унікальні ровери - 50км Жінки,3,8001,Ольга Чорна,Ж,35,kiev,EVOPLAY,EVOPLAY,,2:46:36
Унікальні ровери - 50км Жінки,4,8005,Аліна Поліщук,Ж,26,kiev,EVOPLAY,EVOPLAY,,3:06:09
Унікальні ровери - 50км Жінки,5,8006,Тетяна Коверга,Ж,27,kiev,EVOPLAY,EVOPLAY,,3:06:14
Унікальні ровери - 50км Жінки,6,8003,Олеся Белашевская,Ж,35,kiev,EVOPLAY,EVOPLAY,,
Унікальні ровери - 50км Жінки,7,8009,Олена Іваницька,Ж,27,kiev,EVOPLAY,EVOPLAY,,
