Місце,Вікова група,Номер,Імʼя,Клуб,Результат
1,Masters (шосе та крос) від 18 до 34 років Жінки,11083,Кристина Конвісарова,,3:01:39.6
2,Masters (шосе та крос) від 18 до 34 років Жінки,11045,Ольга Ящук,,3:04:28.8
3,Masters (шосе та крос) від 18 до 34 років Жінки,11057,Оксана Сугакова,,3:07:02.3
4,Masters (шосе та крос) від 18 до 34 років Жінки,11068,Olena Garkava,,3:15:50.6
5,Masters (шосе та крос) від 18 до 34 років Жінки,11035,Олена Ахметшина,,3:17:53.5
6,Masters (шосе та крос) від 18 до 34 років Жінки,11012,Юлія Стасюк,,3:41:44.7
7,Masters (шосе та крос) від 18 до 34 років Жінки,11014,Софія Любарська,,3:47:59.6
8,Masters (шосе та крос) від 18 до 34 років Жінки,11034,Анастасія Коваль,,
9,Masters (шосе та крос) від 18 до 34 років Жінки,11063,Anna Pilipenko,,
1,Masters (шосе та крос) від 40 до 44 років Жінки,11001,IRENA VASILEVSKAYA,,3:33:10.5
2,Masters (шосе та крос) від 40 до 44 років Жінки,11021,Вікторія Нестерова,,3:43:03.0
1,Masters (шосе та крос) від 45 до 49 років Жінки,11022,Tanya Nesterchuk,,3:55:30.4
2,Masters (шосе та крос) від 45 до 49 років Жінки,11025,Наталья Радушинская,,5:38:28.7
1,Masters (шосе та крос) від 50 до 54 років Жінки,11005,Наталия Курзанова,,3:01:53.6
1,Masters (шосе та крос) від 18 до 34 років Чоловіки,11004,Борис Бакуринский,,2:47:13.5
2,Masters (шосе та крос) від 18 до 34 років Чоловіки,11074,Oleksandr Katsimon,,2:47:13.7
3,Masters (шосе та крос) від 18 до 34 років Чоловіки,11087,Ігор Єременко,,2:47:14.4
4,Masters (шосе та крос) від 18 до 34 років Чоловіки,11020,Георгій Єгіазарян,,2:48:26.9
5,Masters (шосе та крос) від 18 до 34 років Чоловіки,11049,Артем Орлов,,2:48:27.4
6,Masters (шосе та крос) від 18 до 34 років Чоловіки,11085,Анатолий Тодоров,,2:48:27.6
7,Masters (шосе та крос) від 18 до 34 років Чоловіки,11039,Дмитро Петров,,2:48:27.9
8,Masters (шосе та крос) від 18 до 34 років Чоловіки,11082,Bruno Boudewijn Bobbink,,2:48:30.0
9,Masters (шосе та крос) від 18 до 34 років Чоловіки,11046,Дмитрий Касперович,,2:49:56.4
10,Masters (шосе та крос) від 18 до 34 років Чоловіки,11032,Дмитрий Нанаки,,2:50:44.6
11,Masters (шосе та крос) від 18 до 34 років Чоловіки,11066,Михайло Хилько,,2:51:47.6
12,Masters (шосе та крос) від 18 до 34 років Чоловіки,11076,Андрій Люткевич,,2:51:47.9
13,Masters (шосе та крос) від 18 до 34 років Чоловіки,11015,Serhii Karpishin,,2:54:45.2
14,Masters (шосе та крос) від 18 до 34 років Чоловіки,11078,Дмитрий Воловод,,2:55:06.9
15,Masters (шосе та крос) від 18 до 34 років Чоловіки,11019,Anton Fursov,,2:55:10.0
16,Masters (шосе та крос) від 18 до 34 років Чоловіки,11017,Єгор Панченко,,2:58:39.4
17,Masters (шосе та крос) від 18 до 34 років Чоловіки,11011,Дмитро Гордєєв,,3:00:15.1
18,Masters (шосе та крос) від 18 до 34 років Чоловіки,11080,Гліб Леонтьєв,,3:04:27.3
19,Masters (шосе та крос) від 18 до 34 років Чоловіки,11056,Максим Белоглазов,,3:22:31.8
20,Masters (шосе та крос) від 18 до 34 років Чоловіки,11008,Максим Дробот,,3:51:45.8
21,Masters (шосе та крос) від 18 до 34 років Чоловіки,11044,тарас жеребецький,,4:39:20.7
22,Masters (шосе та крос) від 18 до 34 років Чоловіки,11027,Сергей Стасюк,,4:52:49.8
23,Masters (шосе та крос) від 18 до 34 років Чоловіки,11010,Osypchuk Oleksandr,,4:53:40.3
1,Masters (шосе та крос) від 35 до 39 років Чоловіки,11071,Денис Батюхов,,2:47:13.9
2,Masters (шосе та крос) від 35 до 39 років Чоловіки,11043,Виталий Драган,,2:55:10.9
3,Masters (шосе та крос) від 35 до 39 років Чоловіки,11013,Vitaliy Chernyakov,,3:01:25.2
4,Masters (шосе та крос) від 35 до 39 років Чоловіки,11037,Сергій Верман,,3:04:26.8
5,Masters (шосе та крос) від 35 до 39 років Чоловіки,11067,Олексій Катасонов,,3:07:01.5
6,Masters (шосе та крос) від 35 до 39 років Чоловіки,11031,Алексей Коневич,,3:15:48.4
7,Masters (шосе та крос) від 35 до 39 років Чоловіки,11003,Berezovoy Yuriy,,4:02:40.9
8,Masters (шосе та крос) від 35 до 39 років Чоловіки,11069,Alex Lutkevich,,4:24:08.5
9,Masters (шосе та крос) від 35 до 39 років Чоловіки,11060,Мустафа ОЗЮНАЛ,,
10,Masters (шосе та крос) від 35 до 39 років Чоловіки,11062,Serhii Sova,,
11,Masters (шосе та крос) від 35 до 39 років Чоловіки,11073,Роман Макарчук,,
1,Masters (шосе та крос) від 40 до 44 років Чоловіки,11070,Тарас Дубинець,,2:47:13.9
2,Masters (шосе та крос) від 40 до 44 років Чоловіки,11072,Andrii Makhno,,2:54:45.2
3,Masters (шосе та крос) від 40 до 44 років Чоловіки,11036,Андрій Щербань,,3:04:27.4
4,Masters (шосе та крос) від 40 до 44 років Чоловіки,11058,Тимофій Седінкін,,3:07:37.1
5,Masters (шосе та крос) від 40 до 44 років Чоловіки,11051,Андрій Щербина,,3:44:55.9
6,Masters (шосе та крос) від 40 до 44 років Чоловіки,11018,Тарас Колодько,,4:04:14.3
7,Masters (шосе та крос) від 40 до 44 років Чоловіки,11065,Алексей Фурцев,,4:15:20.1
8,Masters (шосе та крос) від 40 до 44 років Чоловіки,11028,Евгений Коровяков,,4:41:37.0
9,Masters (шосе та крос) від 40 до 44 років Чоловіки,11052,Юрiй Марушевський,,
10,Masters (шосе та крос) від 40 до 44 років Чоловіки,11055,Литвиненко Віктор,,
1,Masters (шосе та крос) від 45 до 49 років Чоловіки,11081,Leon Hendrik Jan van Bon,,2:48:18.3
2,Masters (шосе та крос) від 45 до 49 років Чоловіки,11054,Андріі Козаченко,,2:48:26.0
3,Masters (шосе та крос) від 45 до 49 років Чоловіки,11084,Валентин Луцишин,,2:50:03.3
4,Masters (шосе та крос) від 45 до 49 років Чоловіки,11006,Анатолий Карпенко,,2:55:12.6
5,Masters (шосе та крос) від 45 до 49 років Чоловіки,11048,Виталий Площадный,,3:07:00.9
6,Masters (шосе та крос) від 45 до 49 років Чоловіки,11007,Дмитрий Пионтковский,,3:10:49.0
7,Masters (шосе та крос) від 45 до 49 років Чоловіки,11050,Володимир Каштанов,,3:27:29.5
8,Masters (шосе та крос) від 45 до 49 років Чоловіки,11053,Юрій Опанасюк,,3:34:52.3
9,Masters (шосе та крос) від 45 до 49 років Чоловіки,11047,Сергей Желтоног,,3:36:08.4
10,Masters (шосе та крос) від 45 до 49 років Чоловіки,11002,Константин Гуз,,4:10:01.5
1,Masters (шосе та крос) від 50 до 54 років Чоловіки,11061,Дмитро Філін,,2:47:12.8
2,Masters (шосе та крос) від 50 до 54 років Чоловіки,11038,Вiктор Федоров,,2:48:27.0
3,Masters (шосе та крос) від 50 до 54 років Чоловіки,11088,Олег Близнюк,,2:55:09.1
4,Masters (шосе та крос) від 50 до 54 років Чоловіки,11079,Вячеслав Шурупов,,2:55:11.2
5,Masters (шосе та крос) від 50 до 54 років Чоловіки,11086,Ігор Ганжа,,3:23:59.3
6,Masters (шосе та крос) від 50 до 54 років Чоловіки,11040,Ігор Тімков,,3:33:34.8
7,Masters (шосе та крос) від 50 до 54 років Чоловіки,11009,Віктор Антоневський,,4:12:56.1
8,Masters (шосе та крос) від 50 до 54 років Чоловіки,11059,Игорь Митянин,,
9,Masters (шосе та крос) від 50 до 54 років Чоловіки,11064,Василь Заіка,,
1,Masters (шосе та крос) від 55 до 59 років Чоловіки,11029,Iгор Гримайло,,2:55:08.6
2,Masters (шосе та крос) від 55 до 59 років Чоловіки,11075,Олександр Кузьменко,,2:55:08.8
3,Masters (шосе та крос) від 55 до 59 років Чоловіки,11041,Юрий Доценко,,3:10:01.7
4,Masters (шосе та крос) від 55 до 59 років Чоловіки,11042,Виталий Бойко,,3:16:38.0
5,Masters (шосе та крос) від 55 до 59 років Чоловіки,11024,Юрий Янчиков,,3:17:54.2
6,Masters (шосе та крос) від 55 до 59 років Чоловіки,11026,Юрий Кислов,,3:30:27.8
7,Masters (шосе та крос) від 55 до 59 років Чоловіки,11033,Віктор Язенок,,
1,Masters (шосе та крос) від 60 до 64 років Чоловіки,11089,Сергей Суровец,,3:04:26.8
1,Masters (шосе та крос) від 65 до 69 років Чоловіки,11030,Станiслав Титаренко,,2:55:07.1
2,Masters (шосе та крос) від 65 до 69 років Чоловіки,11023,Петро Троп,,4:53:37.2
3,Masters (шосе та крос) від 65 до 69 років Чоловіки,11077,Йосиф Пазяк,,
1,Masters (МТБ та гібрид) від 18 до 34 років Чоловіки,21011,Виталий Зубченко,,3:10:08.2
2,Masters (МТБ та гібрид) від 18 до 34 років Чоловіки,22086,Артем Стрижак,,3:10:08.3
3,Masters (МТБ та гібрид) від 18 до 34 років Чоловіки,21012,Юрій Кресан,,3:10:08.7
4,Masters (МТБ та гібрид) від 18 до 34 років Чоловіки,21009,Євген Нестерець,,3:44:15.6
5,Masters (МТБ та гібрид) від 18 до 34 років Чоловіки,21013,Денис Боднар,,3:48:48.0
6,Masters (МТБ та гібрид) від 18 до 34 років Чоловіки,21010,Олексій Цимбалюк,,4:47:41.7
1,Masters (МТБ та гібрид) від 35 до 39 років Чоловіки,21004,Іван Мордовін,,3:10:17.2
2,Masters (МТБ та гібрид) від 35 до 39 років Чоловіки,22517,Владислав Ружинський,,3:10:23.8
3,Masters (МТБ та гібрид) від 35 до 39 років Чоловіки,21001,Андрей Орлянский,,3:10:36.6
4,Masters (МТБ та гібрид) від 35 до 39 років Чоловіки,21014,Viktor Zagreba,,5:09:36.6
1,Masters (МТБ та гібрид) від 45 до 49 років Чоловіки,21007,Олександр Бірюков,,3:10:09.9
2,Masters (МТБ та гібрид) від 45 до 49 років Чоловіки,21002,Олексій Міллер,,5:04:54.9
1,Masters (МТБ та гібрид) від 55 до 59 років Чоловіки,21005,Александр Зубко,,3:37:19.1
1,Masters (МТБ та гібрид) від 60 до 64 років Чоловіки,21006,Вадим Заглянський,,
1,Amateurs (шосе та крос) від 18 до 34 років Жінки,12109,Кутасова Ольга,,3:09:16.7
2,Amateurs (шосе та крос) від 18 до 34 років Жінки,12482,Катя Бандрівська,,3:21:06.9
3,Amateurs (шосе та крос) від 18 до 34 років Жінки,12575,Аріна Тарасевич,,3:22:19.2
4,Amateurs (шосе та крос) від 18 до 34 років Жінки,12014,Victoria Gudyma,,3:24:30.4
5,Amateurs (шосе та крос) від 18 до 34 років Жінки,12021,Anastasia Krivoklyakina,,3:40:21.0
6,Amateurs (шосе та крос) від 18 до 34 років Жінки,12275,Olesya Malyuga,,3:46:23.0
7,Amateurs (шосе та крос) від 18 до 34 років Жінки,12559,Анастасия Городилова,,3:48:40.1
8,Amateurs (шосе та крос) від 18 до 34 років Жінки,12095,Maria Shevchenko,,3:50:35.7
9,Amateurs (шосе та крос) від 18 до 34 років Жінки,12219,Олександра Пригода,,3:51:24.2
10,Amateurs (шосе та крос) від 18 до 34 років Жінки,12063,Марина Довганич,,3:51:33.6
11,Amateurs (шосе та крос) від 18 до 34 років Жінки,12522,Anastasiia Hil,,3:54:33.9
12,Amateurs (шосе та крос) від 18 до 34 років Жінки,12595,Анна Дуднiк,,3:58:13.9
13,Amateurs (шосе та крос) від 18 до 34 років Жінки,12546,Юлія Товстуха,,3:59:45.7
14,Amateurs (шосе та крос) від 18 до 34 років Жінки,12292,Виктория Нагорная,,4:03:08.3
15,Amateurs (шосе та крос) від 18 до 34 років Жінки,12224,Юлія Марчук,,4:07:58.6
16,Amateurs (шосе та крос) від 18 до 34 років Жінки,12378,Аліна Лось,,4:33:38.0
17,Amateurs (шосе та крос) від 18 до 34 років Жінки,12385,Юлія Левицька,,4:36:13.0
18,Amateurs (шосе та крос) від 18 до 34 років Жінки,12491,Ирина Ильченко,,4:36:16.3
19,Amateurs (шосе та крос) від 18 до 34 років Жінки,12580,Євгенія Дзю,,4:47:56.0
20,Amateurs (шосе та крос) від 18 до 34 років Жінки,12350,Анастасія Ємельянова,,4:53:30.9
21,Amateurs (шосе та крос) від 18 до 34 років Жінки,12083,Сільвана Каддах,,4:57:44.0
22,Amateurs (шосе та крос) від 18 до 34 років Жінки,12415,Наталія Кедис,,5:01:56.9
23,Amateurs (шосе та крос) від 18 до 34 років Жінки,12199,Olga Gornytska,,5:42:34.4
24,Amateurs (шосе та крос) від 18 до 34 років Жінки,12029,Ksenia Kenia,,6:14:40.4
25,Amateurs (шосе та крос) від 18 до 34 років Жінки,12515,Елена Пилип,,6:31:49.6
26,Amateurs (шосе та крос) від 18 до 34 років Жінки,12402,Olena Honchar,,6:34:22.4
27,Amateurs (шосе та крос) від 18 до 34 років Жінки,12034,Daria Varha,,
28,Amateurs (шосе та крос) від 18 до 34 років Жінки,12040,Анна Лисаченко,,
29,Amateurs (шосе та крос) від 18 до 34 років Жінки,12106,Kateryna Ivanova,,
30,Amateurs (шосе та крос) від 18 до 34 років Жінки,12158,Ольга Волкова,,
31,Amateurs (шосе та крос) від 18 до 34 років Жінки,12231,Julia Balanskaya,,
32,Amateurs (шосе та крос) від 18 до 34 років Жінки,12294,Анастасія Поплавська,,
33,Amateurs (шосе та крос) від 18 до 34 років Жінки,12306,Ганна Старикова,,
34,Amateurs (шосе та крос) від 18 до 34 років Жінки,12396,Анна Шутенко,,
35,Amateurs (шосе та крос) від 18 до 34 років Жінки,12455,Julia Chuykova,,
1,Amateurs (шосе та крос) від 35 до 39 років Жінки,12276,Maryna Kizilova,,3:24:19.1
2,Amateurs (шосе та крос) від 35 до 39 років Жінки,12006,Світлана Кліч,,3:49:52.7
3,Amateurs (шосе та крос) від 35 до 39 років Жінки,12509,Галина Насонова,,3:50:30.5
4,Amateurs (шосе та крос) від 35 до 39 років Жінки,12438,Руслана Погожих,,4:10:23.8
5,Amateurs (шосе та крос) від 35 до 39 років Жінки,12142,Анастасія Благініна,,4:19:22.3
6,Amateurs (шосе та крос) від 35 до 39 років Жінки,12121,Оксана Кириленко,,4:22:53.2
7,Amateurs (шосе та крос) від 35 до 39 років Жінки,12543,Janine Nöthlichs,,4:28:34.2
8,Amateurs (шосе та крос) від 35 до 39 років Жінки,12269,Ольга Іванова,,4:40:19.7
9,Amateurs (шосе та крос) від 35 до 39 років Жінки,12345,Ганна Шкарупа,,4:42:45.6
10,Amateurs (шосе та крос) від 35 до 39 років Жінки,15,Лук’янова Марина,,4:48:52.8
11,Amateurs (шосе та крос) від 35 до 39 років Жінки,12410,ярослава усенко,,5:53:44.9
12,Amateurs (шосе та крос) від 35 до 39 років Жінки,12094,Елена Стунгур,,6:35:06.9
1,Amateurs (шосе та крос) від 40 до 44 років Жінки,12540,Tetyana Grygor’yeva,,3:28:23.4
2,Amateurs (шосе та крос) від 40 до 44 років Жінки,12099,Марина Желтоног,,3:58:09.1
3,Amateurs (шосе та крос) від 40 до 44 років Жінки,12352,Oleksandra Brylenko,,4:22:27.9
4,Amateurs (шосе та крос) від 40 до 44 років Жінки,12561,Юлія Ульянова,,5:10:07.1
5,Amateurs (шосе та крос) від 40 до 44 років Жінки,12259,Oleksandra Brylenko,,
6,Amateurs (шосе та крос) від 40 до 44 років Жінки,12433,Наталія Поліщук,,
1,Amateurs (шосе та крос) від 45 до 49 років Жінки,12267,Марина Рожкова,,4:58:46.2
2,Amateurs (шосе та крос) від 45 до 49 років Жінки,12528,Angella Kuzmenko,,5:05:44.5
3,Amateurs (шосе та крос) від 45 до 49 років Жінки,12116,Алла Пулеха,,6:23:45.2
4,Amateurs (шосе та крос) від 45 до 49 років Жінки,12025,Ольга Чубай,,
1,Amateurs (шосе та крос) від 18 до 34 років Чоловіки,12291,Skinny Spinner,,2:50:20.2
2,Amateurs (шосе та крос) від 18 до 34 років Чоловіки,12475,Максим Коваленко,,2:50:20.5
3,Amateurs (шосе та крос) від 18 до 34 років Чоловіки,12096,Олександр Дзюба,,2:50:20.7
4,Amateurs (шосе та крос) від 18 до 34 років Чоловіки,12070,Денис Любуцін,,2:50:21.1
5,Amateurs (шосе та крос) від 18 до 34 років Чоловіки,12423,Gleb Dolzikov,,2:50:22.0
6,Amateurs (шосе та крос) від 18 до 34 років Чоловіки,12228,Maksym Shevchyk,,2:50:22.5
7,Amateurs (шосе та крос) від 18 до 34 років Чоловіки,12576,Павло Гадзевич,,2:50:22.5
8,Amateurs (шосе та крос) від 18 до 34 років Чоловіки,12165,Дмитрий Лахтадыр,,2:50:22.6
9,Amateurs (шосе та крос) від 18 до 34 років Чоловіки,12538,Алексей Щербина,,2:50:23.3
10,Amateurs (шосе та крос) від 18 до 34 років Чоловіки,12163,Dmitry Kovalenko,,2:50:24.1
11,Amateurs (шосе та крос) від 18 до 34 років Чоловіки,12172,Anton Kireyeu,,2:50:24.3
12,Amateurs (шосе та крос) від 18 до 34 років Чоловіки,12473,Сергей Бойко,,2:51:50.9
13,Amateurs (шосе та крос) від 18 до 34 років Чоловіки,12513,Alexey Ilchuk,,2:53:52.3
14,Amateurs (шосе та крос) від 18 до 34 років Чоловіки,12573,Artem Neposedov,,2:54:21.9
15,Amateurs (шосе та крос) від 18 до 34 років Чоловіки,12313,Юрий Клим,,2:55:14.2
16,Amateurs (шосе та крос) від 18 до 34 років Чоловіки,12519,Олексій Алферов,,2:56:51.8
17,Amateurs (шосе та крос) від 18 до 34 років Чоловіки,12157,Artem Parashchenko,,2:56:51.9
18,Amateurs (шосе та крос) від 18 до 34 років Чоловіки,12067,Андрій Скурський,,2:57:19.8
19,Amateurs (шосе та крос) від 18 до 34 років Чоловіки,12387,Юрий Шевцов,,2:59:39.1
20,Amateurs (шосе та крос) від 18 до 34 років Чоловіки,12582,Павло Шарган,,2:59:39.5
21,Amateurs (шосе та крос) від 18 до 34 років Чоловіки,12119,Максим Перушко,,2:59:40.4
22,Amateurs (шосе та крос) від 18 до 34 років Чоловіки,12397,Ігор Суботенко,,3:02:13.2
23,Amateurs (шосе та крос) від 18 до 34 років Чоловіки,12287,Дмитро Кащенко,,3:02:49.8
24,Amateurs (шосе та крос) від 18 до 34 років Чоловіки,12393,Artem Moroz,,3:05:05.0
25,Amateurs (шосе та крос) від 18 до 34 років Чоловіки,12166,Олександр Шевченко,,3:05:07.5
26,Amateurs (шосе та крос) від 18 до 34 років Чоловіки,12073,Артур Полгуй,,3:05:13.1
27,Amateurs (шосе та крос) від 18 до 34 років Чоловіки,12241,Bohdan Remnov,,3:06:29.0
28,Amateurs (шосе та крос) від 18 до 34 років Чоловіки,12226,Андрій Репко,,3:06:29.1
29,Amateurs (шосе та крос) від 18 до 34 років Чоловіки,12465,Богдан Воєводін,,3:06:38.5
30,Amateurs (шосе та крос) від 18 до 34 років Чоловіки,12457,Alexey Koval,,3:06:40.6
31,Amateurs (шосе та крос) від 18 до 34 років Чоловіки,12264,Sergey Sobolev,,3:06:42.4
32,Amateurs (шосе та крос) від 18 до 34 років Чоловіки,12221,Сергій Білявець,,3:06:42.9
33,Amateurs (шосе та крос) від 18 до 34 років Чоловіки,12367,Андрій Паламарчук,,3:08:00.3
34,Amateurs (шосе та крос) від 18 до 34 років Чоловіки,12263,Дмитро Казаков,,3:08:31.5
35,Amateurs (шосе та крос) від 18 до 34 років Чоловіки,12190,Віктор Калатай,,3:10:21.6
36,Amateurs (шосе та крос) від 18 до 34 років Чоловіки,12017,Anton Kulibabenko,,3:11:33.3
37,Amateurs (шосе та крос) від 18 до 34 років Чоловіки,12454,Leonid Kalinovskyi,,3:11:45.4
38,Amateurs (шосе та крос) від 18 до 34 років Чоловіки,12152,Владислав Цісарук,,3:11:49.7
39,Amateurs (шосе та крос) від 18 до 34 років Чоловіки,12452,Iван Зимбицький,,3:11:49.8
40,Amateurs (шосе та крос) від 18 до 34 років Чоловіки,12043,Михайло Кірюшкін,,3:12:20.6
41,Amateurs (шосе та крос) від 18 до 34 років Чоловіки,12532,Александр Штенгелов,,3:12:23.2
42,Amateurs (шосе та крос) від 18 до 34 років Чоловіки,12013,Юрий Люшневский,,3:13:01.8
43,Amateurs (шосе та крос) від 18 до 34 років Чоловіки,12243,Андрей Алексеев,,3:15:43.9
44,Amateurs (шосе та крос) від 18 до 34 років Чоловіки,12057,Тарас Хомета,,3:15:54.1
45,Amateurs (шосе та крос) від 18 до 34 років Чоловіки,12135,Taras Kolesnichenko,,3:15:54.3
46,Amateurs (шосе та крос) від 18 до 34 років Чоловіки,12179,Pavlo Mishchenko,,3:16:44.4
47,Amateurs (шосе та крос) від 18 до 34 років Чоловіки,12071,Юрій Гайдай,,3:16:57.8
48,Amateurs (шосе та крос) від 18 до 34 років Чоловіки,12150,Олександр Грибенюк,,3:17:34.4
49,Amateurs (шосе та крос) від 18 до 34 років Чоловіки,12408,Сергій Климов,,3:17:46.0
50,Amateurs (шосе та крос) від 18 до 34 років Чоловіки,12266,Тарас Шеремет,,3:17:47.1
51,Amateurs (шосе та крос) від 18 до 34 років Чоловіки,12044,Роман Мамадалиев,,3:18:01.3
52,Amateurs (шосе та крос) від 18 до 34 років Чоловіки,12097,Maks Naumenko,,3:19:06.6
53,Amateurs (шосе та крос) від 18 до 34 років Чоловіки,12072,Stanislav Bokhenko,,3:19:28.9
54,Amateurs (шосе та крос) від 18 до 34 років Чоловіки,12327,Андрій Гірчук,,3:21:05.6
55,Amateurs (шосе та крос) від 18 до 34 років Чоловіки,12032,Artem Glazunov,,3:21:23.2
56,Amateurs (шосе та крос) від 18 до 34 років Чоловіки,12196,Олександр Войналович,,3:21:43.0
57,Amateurs (шосе та крос) від 18 до 34 років Чоловіки,12341,Karen Avetysian,,3:22:18.5
58,Amateurs (шосе та крос) від 18 до 34 років Чоловіки,12288,Максим Рудніцький,,3:22:20.3
59,Amateurs (шосе та крос) від 18 до 34 років Чоловіки,12087,Роман Семененко,,3:22:41.7
60,Amateurs (шосе та крос) від 18 до 34 років Чоловіки,12431,Vlad Parakhin,,3:23:09.7
61,Amateurs (шосе та крос) від 18 до 34 років Чоловіки,12280,Viacheslav Hunko,,3:23:33.8
62,Amateurs (шосе та крос) від 18 до 34 років Чоловіки,12055,Денис Гнусин,,3:23:34.5
63,Amateurs (шосе та крос) від 18 до 34 років Чоловіки,12399,Аркадій Данилюк,,3:23:35.7
64,Amateurs (шосе та крос) від 18 до 34 років Чоловіки,12303,Андрій Магаліч,,3:24:35.6
65,Amateurs (шосе та крос) від 18 до 34 років Чоловіки,12315,Олександр Марцевой,,3:24:36.7
66,Amateurs (шосе та крос) від 18 до 34 років Чоловіки,12180,Vitaliy Paladiychuk,,3:27:14.2
67,Amateurs (шосе та крос) від 18 до 34 років Чоловіки,12251,Богдан Лепявко,,3:27:14.6
68,Amateurs (шосе та крос) від 18 до 34 років Чоловіки,12377,Роман Главацький,,3:28:17.9
69,Amateurs (шосе та крос) від 18 до 34 років Чоловіки,12286,Костянтин Майстренко,,3:28:23.5
70,Amateurs (шосе та крос) від 18 до 34 років Чоловіки,12427,Дмитро Волонтир,,3:28:24.1
71,Amateurs (шосе та крос) від 18 до 34 років Чоловіки,12441,Олександр Нагорний,,3:29:24.2
72,Amateurs (шосе та крос) від 18 до 34 років Чоловіки,12213,Олексанр Прокопенко,,3:30:35.7
73,Amateurs (шосе та крос) від 18 до 34 років Чоловіки,12357,Павло Гуцол,,3:31:20.4
74,Amateurs (шосе та крос) від 18 до 34 років Чоловіки,12358,Денис Грищенко,,3:31:20.9
75,Amateurs (шосе та крос) від 18 до 34 років Чоловіки,12450,Кирилл Князев,,3:31:21.6
76,Amateurs (шосе та крос) від 18 до 34 років Чоловіки,12037,Олексій Гришко,,3:31:22.7
77,Amateurs (шосе та крос) від 18 до 34 років Чоловіки,12594,Iлля Дуднiк,,3:31:23.9
78,Amateurs (шосе та крос) від 18 до 34 років Чоловіки,12332,Дмитро Шаров,,3:31:28.6
79,Amateurs (шосе та крос) від 18 до 34 років Чоловіки,12212,Антон Бовт,,3:31:33.6
80,Amateurs (шосе та крос) від 18 до 34 років Чоловіки,12023,Олександр Костін,,3:31:45.7
81,Amateurs (шосе та крос) від 18 до 34 років Чоловіки,12200,Артем Суздал,,3:32:47.1
82,Amateurs (шосе та крос) від 18 до 34 років Чоловіки,12347,Кирило Тітов,,3:33:52.7
83,Amateurs (шосе та крос) від 18 до 34 років Чоловіки,12477,Руслан Саулко,,3:34:07.7
84,Amateurs (шосе та крос) від 18 до 34 років Чоловіки,12278,Семен Коцюруба,,3:34:07.7
85,Amateurs (шосе та крос) від 18 до 34 років Чоловіки,12339,Володимир Валько,,3:34:12.1
86,Amateurs (шосе та крос) від 18 до 34 років Чоловіки,12193,Максим Заварза,,3:34:39.6
87,Amateurs (шосе та крос) від 18 до 34 років Чоловіки,12474,Vitalii Matviichuk,,3:34:53.3
88,Amateurs (шосе та крос) від 18 до 34 років Чоловіки,12069,Andrii Nikolaiev,,3:35:52.1
89,Amateurs (шосе та крос) від 18 до 34 років Чоловіки,12257,Артем Мельніченко,,3:37:31.6
90,Amateurs (шосе та крос) від 18 до 34 років Чоловіки,12169,Dmytro Korniychuk,,3:38:07.8
91,Amateurs (шосе та крос) від 18 до 34 років Чоловіки,12008,Євгеній Глієвий,,3:38:23.2
92,Amateurs (шосе та крос) від 18 до 34 років Чоловіки,12056,Владимир Бердник-Шерстюк,,3:38:25.2
93,Amateurs (шосе та крос) від 18 до 34 років Чоловіки,12236,Андрій Ващенко,,3:38:52.3
94,Amateurs (шосе та крос) від 18 до 34 років Чоловіки,12198,Андрій Добровольський,,3:39:20.6
95,Amateurs (шосе та крос) від 18 до 34 років Чоловіки,12031,Павел Бойко,,3:40:41.1
96,Amateurs (шосе та крос) від 18 до 34 років Чоловіки,12162,Yegor Tezikov,,3:40:41.9
97,Amateurs (шосе та крос) від 18 до 34 років Чоловіки,12093,Олександр Драгомощенко,,3:40:42.0
98,Amateurs (шосе та крос) від 18 до 34 років Чоловіки,12571,Bohdan Dzoba,,3:40:43.0
99,Amateurs (шосе та крос) від 18 до 34 років Чоловіки,12030,Денис Дзядух,,3:40:54.3
100,Amateurs (шосе та крос) від 18 до 34 років Чоловіки,12545,Антон Марченко,,3:41:39.9
101,Amateurs (шосе та крос) від 18 до 34 років Чоловіки,12149,Алексей Пасько,,3:42:54.9
102,Amateurs (шосе та крос) від 18 до 34 років Чоловіки,12271,Андрій Мельник,,3:42:54.9
103,Amateurs (шосе та крос) від 18 до 34 років Чоловіки,12430,Юрій Москалик,,3:43:40.0
104,Amateurs (шосе та крос) від 18 до 34 років Чоловіки,12555,Богдан Рохманійко,,3:44:43.4
105,Amateurs (шосе та крос) від 18 до 34 років Чоловіки,12428,Alexander Shvets,,3:44:44.5
106,Amateurs (шосе та крос) від 18 до 34 років Чоловіки,12129,Роман Мохнач,,3:45:09.2
107,Amateurs (шосе та крос) від 18 до 34 років Чоловіки,12089,Рома Мартынюк,,3:45:09.6
108,Amateurs (шосе та крос) від 18 до 34 років Чоловіки,12062,Максим Пустовойт,,3:45:21.2
109,Amateurs (шосе та крос) від 18 до 34 років Чоловіки,12372,Євген Пекарський,,3:45:53.1
110,Amateurs (шосе та крос) від 18 до 34 років Чоловіки,12215,Евгений Демченко,,3:45:53.9
111,Amateurs (шосе та крос) від 18 до 34 років Чоловіки,12274,Даня Бовкун,,3:45:54.3
112,Amateurs (шосе та крос) від 18 до 34 років Чоловіки,12597,Володимир Яременко,,3:45:54.7
113,Amateurs (шосе та крос) від 18 до 34 років Чоловіки,12007,Oleksii Baranov,,3:46:57.3
114,Amateurs (шосе та крос) від 18 до 34 років Чоловіки,12009,Igor Shyrokyy,,3:46:57.4
115,Amateurs (шосе та крос) від 18 до 34 років Чоловіки,12137,Дмитрий Бочаров,,3:48:12.5
116,Amateurs (шосе та крос) від 18 до 34 років Чоловіки,12220,Денис Костюк,,3:48:22.9
117,Amateurs (шосе та крос) від 18 до 34 років Чоловіки,12583,Станислав Баранов,,3:48:41.8
118,Amateurs (шосе та крос) від 18 до 34 років Чоловіки,12401,Олексій Лямець,,3:49:35.2
119,Amateurs (шосе та крос) від 18 до 34 років Чоловіки,12439,Iaroslav Briksa,,3:49:46.9
120,Amateurs (шосе та крос) від 18 до 34 років Чоловіки,12136,Олександр Баккалінський,,3:49:48.7
121,Amateurs (шосе та крос) від 18 до 34 років Чоловіки,12468,Cергій СУшко,,3:49:51.5
122,Amateurs (шосе та крос) від 18 до 34 років Чоловіки,12077,Volodymyr Chornenkyy,,3:50:16.3
123,Amateurs (шосе та крос) від 18 до 34 років Чоловіки,12183,Павло Собченко,,3:50:38.8
124,Amateurs (шосе та крос) від 18 до 34 років Чоловіки,12265,Олександр Іванченко,,3:50:43.6
125,Amateurs (шосе та крос) від 18 до 34 років Чоловіки,12064,Герман Северин,,3:51:33.5
126,Amateurs (шосе та крос) від 18 до 34 років Чоловіки,12376,Кирил Логвін,,3:52:24.9
127,Amateurs (шосе та крос) від 18 до 34 років Чоловіки,12038,Петро Мартинов,,3:52:57.8
128,Amateurs (шосе та крос) від 18 до 34 років Чоловіки,12028,Кирилл Венцковский,,3:53:00.6
129,Amateurs (шосе та крос) від 18 до 34 років Чоловіки,12181,Петро Нікогосян,,3:53:05.9
130,Amateurs (шосе та крос) від 18 до 34 років Чоловіки,12003,DENYS KULIKALOV,,3:54:13.8
131,Amateurs (шосе та крос) від 18 до 34 років Чоловіки,12525,Максим Волков,,3:54:52.3
132,Amateurs (шосе та крос) від 18 до 34 років Чоловіки,12467,Кирило Ніколенко,,3:54:55.9
133,Amateurs (шосе та крос) від 18 до 34 років Чоловіки,12171,Евген Пащенко,,3:55:48.9
134,Amateurs (шосе та крос) від 18 до 34 років Чоловіки,12170,Кирилл Голубь,,3:56:42.1
135,Amateurs (шосе та крос) від 18 до 34 років Чоловіки,12374,Олексій Волосян,,3:56:42.6
136,Amateurs (шосе та крос) від 18 до 34 років Чоловіки,12279,володимир тягун,,3:56:58.7
137,Amateurs (шосе та крос) від 18 до 34 років Чоловіки,12562,Константин Саган,,3:57:14.3
138,Amateurs (шосе та крос) від 18 до 34 років Чоловіки,12507,Андрей Поляновський,,3:57:33.0
139,Amateurs (шосе та крос) від 18 до 34 років Чоловіки,12544,Олексій Оліщук,,3:58:27.3
140,Amateurs (шосе та крос) від 18 до 34 років Чоловіки,12600,Олександр Шамрай,,3:58:28.6
141,Amateurs (шосе та крос) від 18 до 34 років Чоловіки,12502,Дмитро Божко,,3:59:44.1
142,Amateurs (шосе та крос) від 18 до 34 років Чоловіки,12328,Валентин Ваулин,,4:01:10.8
143,Amateurs (шосе та крос) від 18 до 34 років Чоловіки,12314,Сергій Мельник,,4:01:19.7
144,Amateurs (шосе та крос) від 18 до 34 років Чоловіки,12131,Олександр Ісаєв,,4:01:53.2
145,Amateurs (шосе та крос) від 18 до 34 років Чоловіки,12361,Олег Тодер,,4:02:53.2
146,Amateurs (шосе та крос) від 18 до 34 років Чоловіки,12319,Данил Дрьомов,,4:05:14.2
147,Amateurs (шосе та крос) від 18 до 34 років Чоловіки,12202,Ярослав Железняк,,4:05:17.3
148,Amateurs (шосе та крос) від 18 до 34 років Чоловіки,12363,Володимир Стельмах,,4:07:22.8
149,Amateurs (шосе та крос) від 18 до 34 років Чоловіки,12223,Андрій Яковенко,,4:07:55.4
150,Amateurs (шосе та крос) від 18 до 34 років Чоловіки,12144,Андрiй Кокiн,,4:08:25.7
151,Amateurs (шосе та крос) від 18 до 34 років Чоловіки,12334,Alexander Smirnov,,4:08:57.5
152,Amateurs (шосе та крос) від 18 до 34 років Чоловіки,12296,Юлій Черевко,,4:09:00.9
153,Amateurs (шосе та крос) від 18 до 34 років Чоловіки,12432,Євген Сіліонов,,4:09:01.2
154,Amateurs (шосе та крос) від 18 до 34 років Чоловіки,12464,Євген Оніскевич,,4:09:25.4
155,Amateurs (шосе та крос) від 18 до 34 років Чоловіки,12086,Данил Демешко,,4:09:48.5
156,Amateurs (шосе та крос) від 18 до 34 років Чоловіки,12320,Никита Эрикайкин,,4:10:19.6
157,Amateurs (шосе та крос) від 18 до 34 років Чоловіки,12222,Олег Яблонський,,4:10:22.1
158,Amateurs (шосе та крос) від 18 до 34 років Чоловіки,12569,Serov Alex,,4:11:17.7
159,Amateurs (шосе та крос) від 18 до 34 років Чоловіки,12349,Олексій Ємельянов,,4:11:51.1
160,Amateurs (шосе та крос) від 18 до 34 років Чоловіки,12472,Алексей Погребняк,,4:13:35.0
161,Amateurs (шосе та крос) від 18 до 34 років Чоловіки,12058,Станислав Ткач,,4:13:53.8
162,Amateurs (шосе та крос) від 18 до 34 років Чоловіки,12134,Микита Шичкін,,4:13:58.9
163,Amateurs (шосе та крос) від 18 до 34 років Чоловіки,12556,Олег Калина,,4:14:06.7
164,Amateurs (шосе та крос) від 18 до 34 років Чоловіки,12035,Максим Шкарубо,,4:14:35.8
165,Amateurs (шосе та крос) від 18 до 34 років Чоловіки,12480,Костя Помынальный,,4:15:27.2
166,Amateurs (шосе та крос) від 18 до 34 років Чоловіки,12404,Олександр Ружицький,,4:15:45.6
167,Amateurs (шосе та крос) від 18 до 34 років Чоловіки,12373,Юрій Король,,4:17:37.5
168,Amateurs (шосе та крос) від 18 до 34 років Чоловіки,12252,Костянтин Салов,,4:17:39.2
169,Amateurs (шосе та крос) від 18 до 34 років Чоловіки,12587,Олександр Статкевич,,4:17:53.3
170,Amateurs (шосе та крос) від 18 до 34 років Чоловіки,12364,Андрій Резанович,,4:18:43.6
171,Amateurs (шосе та крос) від 18 до 34 років Чоловіки,12174,Сергей Шимкович,,4:18:54.7
172,Amateurs (шосе та крос) від 18 до 34 років Чоловіки,12178,Сергей Чукашкин,,4:19:00.0
173,Amateurs (шосе та крос) від 18 до 34 років Чоловіки,12348,Антон Саттаров,,4:19:13.3
174,Amateurs (шосе та крос) від 18 до 34 років Чоловіки,12208,Віталій Ніколаєв,,4:19:18.6
175,Amateurs (шосе та крос) від 18 до 34 років Чоловіки,12499,Євген Богма,,4:19:54.8
176,Amateurs (шосе та крос) від 18 до 34 років Чоловіки,12505,Олександр Пономарьов,,4:19:56.3
177,Amateurs (шосе та крос) від 18 до 34 років Чоловіки,12496,Олександр Василенко,,4:20:08.8
178,Amateurs (шосе та крос) від 18 до 34 років Чоловіки,12553,Владислав Ясний,,4:20:37.9
179,Amateurs (шосе та крос) від 18 до 34 років Чоловіки,12186,Aleksander Korzh,,4:20:38.0
180,Amateurs (шосе та крос) від 18 до 34 років Чоловіки,12557,Максим Киричко,,4:20:38.8
181,Amateurs (шосе та крос) від 18 до 34 років Чоловіки,12326,Andrey Pushkar,,4:22:53.9
182,Amateurs (шосе та крос) від 18 до 34 років Чоловіки,12018,Ihor Krasko,,4:23:00.0
183,Amateurs (шосе та крос) від 18 до 34 років Чоловіки,12214,Леонид Ульянченко,,4:26:51.0
184,Amateurs (шосе та крос) від 18 до 34 років Чоловіки,12310,Андрій Двояк,,4:29:17.3
185,Amateurs (шосе та крос) від 18 до 34 років Чоловіки,12495,Михаил Воробьев,,4:30:05.8
186,Amateurs (шосе та крос) від 18 до 34 років Чоловіки,12412,Олексій Поліщук,,4:31:19.1
187,Amateurs (шосе та крос) від 18 до 34 років Чоловіки,12581,Dmytro Shevchenko,,4:32:23.2
188,Amateurs (шосе та крос) від 18 до 34 років Чоловіки,12403,Константин Дараганов,,4:33:30.0
189,Amateurs (шосе та крос) від 18 до 34 років Чоловіки,12440,Oleksandr Diudiun,,4:34:35.7
190,Amateurs (шосе та крос) від 18 до 34 років Чоловіки,12383,Кирилл Ганаков,,4:36:33.7
191,Amateurs (шосе та крос) від 18 до 34 років Чоловіки,12461,Роман Гоменюк,,4:38:49.7
192,Amateurs (шосе та крос) від 18 до 34 років Чоловіки,12351,Dmitry Trush,,4:38:51.9
193,Amateurs (шосе та крос) від 18 до 34 років Чоловіки,12175,Чепурний Костянтин,,4:38:56.4
194,Amateurs (шосе та крос) від 18 до 34 років Чоловіки,12242,Maxim Gladovskyi,,4:39:30.1
195,Amateurs (шосе та крос) від 18 до 34 років Чоловіки,12382,Максим Яремішин,,4:41:40.2
196,Amateurs (шосе та крос) від 18 до 34 років Чоловіки,12535,Volodymyr Sinievych,,4:42:04.6
197,Amateurs (шосе та крос) від 18 до 34 років Чоловіки,12230,Андрей Курочкин,,4:45:45.9
198,Amateurs (шосе та крос) від 18 до 34 років Чоловіки,12577,Роман Іванишин,,4:48:53.9
199,Amateurs (шосе та крос) від 18 до 34 років Чоловіки,12191,Вислевський Павло,,4:48:59.0
200,Amateurs (шосе та крос) від 18 до 34 років Чоловіки,12488,Евген Кiбзун,,4:49:31.8
201,Amateurs (шосе та крос) від 18 до 34 років Чоловіки,12586,Олександр Мазур,,4:49:51.1
202,Amateurs (шосе та крос) від 18 до 34 років Чоловіки,12521,Виталий Халаберда,,4:50:15.4
203,Amateurs (шосе та крос) від 18 до 34 років Чоловіки,12552,Тарас Рогов,,4:51:27.7
204,Amateurs (шосе та крос) від 18 до 34 років Чоловіки,12346,Микита Шкарупа,,4:57:02.3
205,Amateurs (шосе та крос) від 18 до 34 років Чоловіки,12566,Vasyl Pop-Stasiv,,4:57:25.8
206,Amateurs (шосе та крос) від 18 до 34 років Чоловіки,12297,Denis Fetisov,,4:57:31.5
207,Amateurs (шосе та крос) від 18 до 34 років Чоловіки,12045,Yaroslav Archipenko,,4:57:44.1
208,Amateurs (шосе та крос) від 18 до 34 років Чоловіки,12458,Артем Карпишин,,4:58:22.7
209,Amateurs (шосе та крос) від 18 до 34 років Чоловіки,12368,Дмитро Горелiк,,4:58:40.9
210,Amateurs (шосе та крос) від 18 до 34 років Чоловіки,12406,Богдан Холявка,,5:00:46.2
211,Amateurs (шосе та крос) від 18 до 34 років Чоловіки,12590,Василь Штука,,5:03:03.3
212,Amateurs (шосе та крос) від 18 до 34 років Чоловіки,12534,Артем Фоєнко,,5:03:11.0
213,Amateurs (шосе та крос) від 18 до 34 років Чоловіки,12486,Александр Катаев,,5:03:35.9
214,Amateurs (шосе та крос) від 18 до 34 років Чоловіки,12446,Ярослав Музика,,5:04:51.7
215,Amateurs (шосе та крос) від 18 до 34 років Чоловіки,12273,Костянтин Поліщук,,5:04:56.8
216,Amateurs (шосе та крос) від 18 до 34 років Чоловіки,12448,Олександр Ліненко,,5:05:00.5
217,Amateurs (шосе та крос) від 18 до 34 років Чоловіки,12082,Юрій Кравченко,,5:05:09.5
218,Amateurs (шосе та крос) від 18 до 34 років Чоловіки,12386,Дмитрий Ковбаса,,5:06:03.1
219,Amateurs (шосе та крос) від 18 до 34 років Чоловіки,12227,Юрий Солопко,,5:06:43.3
220,Amateurs (шосе та крос) від 18 до 34 років Чоловіки,12210,Слава Генсюровський,,5:11:57.1
221,Amateurs (шосе та крос) від 18 до 34 років Чоловіки,12453,Alex Orlov,,5:13:36.9
222,Amateurs (шосе та крос) від 18 до 34 років Чоловіки,12501,Роман Юрьев,,5:17:03.0
223,Amateurs (шосе та крос) від 18 до 34 років Чоловіки,12311,Yaroslav Kudlatskiy,,5:17:41.4
224,Amateurs (шосе та крос) від 18 до 34 років Чоловіки,12407,Гамлет Гущан,,5:21:51.7
225,Amateurs (шосе та крос) від 18 до 34 років Чоловіки,52,Овчаров Денис,,5:24:04.8
226,Amateurs (шосе та крос) від 18 до 34 років Чоловіки,12599,Ігор Братусь,,5:29:36.5
227,Amateurs (шосе та крос) від 18 до 34 років Чоловіки,12471,Данило Кирмач,,5:29:40.8
228,Amateurs (шосе та крос) від 18 до 34 років Чоловіки,12584,Євгеній Мельник,,5:32:59.7
229,Amateurs (шосе та крос) від 18 до 34 років Чоловіки,12451,Vadym Denysenko,,5:35:11.2
230,Amateurs (шосе та крос) від 18 до 34 років Чоловіки,12589,Владислав Ющик,,5:36:52.3
231,Amateurs (шосе та крос) від 18 до 34 років Чоловіки,12578,Evgeniy Sakhnyuk,,5:37:37.9
232,Amateurs (шосе та крос) від 18 до 34 років Чоловіки,12261,Григорій Мироненко,,5:42:29.6
233,Amateurs (шосе та крос) від 18 до 34 років Чоловіки,12234,Алексей Мезенцев,,5:43:08.3
234,Amateurs (шосе та крос) від 18 до 34 років Чоловіки,12494,Олег Бричак,,5:44:18.4
235,Amateurs (шосе та крос) від 18 до 34 років Чоловіки,12572,Марк Фірман,,5:50:40.5
236,Amateurs (шосе та крос) від 18 до 34 років Чоловіки,12389,Vitalii Fedosieiev,,5:52:39.9
237,Amateurs (шосе та крос) від 18 до 34 років Чоловіки,12390,Maksym Hilliaka,,5:52:40.0
238,Amateurs (шосе та крос) від 18 до 34 років Чоловіки,12299,Евгений Ворков,,5:56:38.3
239,Amateurs (шосе та крос) від 18 до 34 років Чоловіки,12574,Юрій Січковський,,6:02:30.6
240,Amateurs (шосе та крос) від 18 до 34 років Чоловіки,12567,Юрий Дворачок,,6:02:48.7
241,Amateurs (шосе та крос) від 18 до 34 років Чоловіки,12185,Дмитро Кононенко,,6:11:56.4
242,Amateurs (шосе та крос) від 18 до 34 років Чоловіки,12541,Aleko Chutlashvili,,6:23:17.2
243,Amateurs (шосе та крос) від 18 до 34 років Чоловіки,12520,Ярослав Клеменчук,,6:28:11.0
244,Amateurs (шосе та крос) від 18 до 34 років Чоловіки,12516,Володимир Борисенко,,6:31:48.8
245,Amateurs (шосе та крос) від 18 до 34 років Чоловіки,12153,Sergiy Gerasov,,6:37:08.0
246,Amateurs (шосе та крос) від 18 до 34 років Чоловіки,12398,Dmytro Myroshnychenko,,6:57:51.8
247,Amateurs (шосе та крос) від 18 до 34 років Чоловіки,12010,Климент Попков,,
248,Amateurs (шосе та крос) від 18 до 34 років Чоловіки,12015,Володимир Соколов,,
249,Amateurs (шосе та крос) від 18 до 34 років Чоловіки,12020,Иван Чолак,,
250,Amateurs (шосе та крос) від 18 до 34 років Чоловіки,12033,Roman Kulak,,
251,Amateurs (шосе та крос) від 18 до 34 років Чоловіки,12047,Игорь Деговцов,,
252,Amateurs (шосе та крос) від 18 до 34 років Чоловіки,12079,Антон Бойко,,
253,Amateurs (шосе та крос) від 18 до 34 років Чоловіки,12091,Андрій Кепещук,,
254,Amateurs (шосе та крос) від 18 до 34 років Чоловіки,12108,Михайло Лєдяєв,,
255,Amateurs (шосе та крос) від 18 до 34 років Чоловіки,12111,Олександр Шамич,,
256,Amateurs (шосе та крос) від 18 до 34 років Чоловіки,12127,Максим Харахаш,,
257,Amateurs (шосе та крос) від 18 до 34 років Чоловіки,12141,Костянтин Кищук,,
258,Amateurs (шосе та крос) від 18 до 34 років Чоловіки,12147,Олександр Сірий,,
259,Amateurs (шосе та крос) від 18 до 34 років Чоловіки,12154,Ярослав Потапенко,,
260,Amateurs (шосе та крос) від 18 до 34 років Чоловіки,12159,Vlad Gromov,,
261,Amateurs (шосе та крос) від 18 до 34 років Чоловіки,12176,Вячеслав Руденко,,
262,Amateurs (шосе та крос) від 18 до 34 років Чоловіки,12194,Alex Khmelko,,
263,Amateurs (шосе та крос) від 18 до 34 років Чоловіки,12207,Dmytro Meleshchenko,,
264,Amateurs (шосе та крос) від 18 до 34 років Чоловіки,12225,Mitya Kononov,,
265,Amateurs (шосе та крос) від 18 до 34 років Чоловіки,12232,Igor Stadnyk,,
266,Amateurs (шосе та крос) від 18 до 34 років Чоловіки,12237,Олександр Тромса,,
267,Amateurs (шосе та крос) від 18 до 34 років Чоловіки,12249,Kyrylo Shepetko,,
268,Amateurs (шосе та крос) від 18 до 34 років Чоловіки,12253,Igor Kasyanov,,
269,Amateurs (шосе та крос) від 18 до 34 років Чоловіки,12272,Yaroslav Lukashov,,
270,Amateurs (шосе та крос) від 18 до 34 років Чоловіки,12281,Evgen Balan,,
271,Amateurs (шосе та крос) від 18 до 34 років Чоловіки,12285,Олександр Балан,,
272,Amateurs (шосе та крос) від 18 до 34 років Чоловіки,12316,Sergey Chuykov,,
273,Amateurs (шосе та крос) від 18 до 34 років Чоловіки,12329,Denys Babenko,,
274,Amateurs (шосе та крос) від 18 до 34 років Чоловіки,12333,Володимир Ісатаєв,,
275,Amateurs (шосе та крос) від 18 до 34 років Чоловіки,12340,Олексій Романський,,
276,Amateurs (шосе та крос) від 18 до 34 років Чоловіки,12371,Петро Глушич,,
277,Amateurs (шосе та крос) від 18 до 34 років Чоловіки,12411,Денис Кузнецов,,
278,Amateurs (шосе та крос) від 18 до 34 років Чоловіки,12414,Євген Філатов,,
279,Amateurs (шосе та крос) від 18 до 34 років Чоловіки,12417,Сергій Вічев,,
280,Amateurs (шосе та крос) від 18 до 34 років Чоловіки,12445,Ігор Пліса,,
281,Amateurs (шосе та крос) від 18 до 34 років Чоловіки,12485,Олексій Іванюк,,
282,Amateurs (шосе та крос) від 18 до 34 років Чоловіки,12550,Danil Bezlyudko,,
283,Amateurs (шосе та крос) від 18 до 34 років Чоловіки,12551,Ivan Isakov,,
284,Amateurs (шосе та крос) від 18 до 34 років Чоловіки,12564,Никита Иванов,,
1,Amateurs (шосе та крос) від 35 до 39 років Чоловіки,12365,Дмитро Воронов,,2:50:22.5
2,Amateurs (шосе та крос) від 35 до 39 років Чоловіки,12270,дмитрий шишкин,,2:50:24.8
3,Amateurs (шосе та крос) від 35 до 39 років Чоловіки,12120,Олексій Тараненко,,2:59:39.5
4,Amateurs (шосе та крос) від 35 до 39 років Чоловіки,12321,Олександр Диченко,,2:59:40.4
5,Amateurs (шосе та крос) від 35 до 39 років Чоловіки,12126,Володимир Пастущен,,3:05:08.0
6,Amateurs (шосе та крос) від 35 до 39 років Чоловіки,12424,Олександр Ковтун,,3:11:03.7
7,Amateurs (шосе та крос) від 35 до 39 років Чоловіки,12462,Volodymyr Kovalchuk,,3:11:16.5
8,Amateurs (шосе та крос) від 35 до 39 років Чоловіки,12323,Anton Kernasovsky,,3:12:17.5
9,Amateurs (шосе та крос) від 35 до 39 років Чоловіки,12337,Євген ТРОЦЕНКО,,3:14:20.9
10,Amateurs (шосе та крос) від 35 до 39 років Чоловіки,12514,Євген Смірнов,,3:16:43.8
11,Amateurs (шосе та крос) від 35 до 39 років Чоловіки,12268,Олександр Різун,,3:17:46.1
12,Amateurs (шосе та крос) від 35 до 39 років Чоловіки,12591,Ярослав Коваль,,3:18:52.7
13,Amateurs (шосе та крос) від 35 до 39 років Чоловіки,12203,Сергій Муравинець,,3:19:30.1
14,Amateurs (шосе та крос) від 35 до 39 років Чоловіки,12503,Bohdan Lozytskyy,,3:20:48.3
15,Amateurs (шосе та крос) від 35 до 39 років Чоловіки,12416,Yevhen Voronov,,3:21:24.0
16,Amateurs (шосе та крос) від 35 до 39 років Чоловіки,12004,Maksym Savychenko,,3:22:17.9
17,Amateurs (шосе та крос) від 35 до 39 років Чоловіки,12305,Юрій Герасименко,,3:22:28.5
18,Amateurs (шосе та крос) від 35 до 39 років Чоловіки,12130,Богдан Купрієнко,,3:25:17.9
19,Amateurs (шосе та крос) від 35 до 39 років Чоловіки,12476,Taras Kryshtal,,3:26:30.1
20,Amateurs (шосе та крос) від 35 до 39 років Чоловіки,12391,Юрiй Христянович,,3:26:51.9
21,Amateurs (шосе та крос) від 35 до 39 років Чоловіки,12355,Дмитро Будаловський,,3:27:22.5
22,Amateurs (шосе та крос) від 35 до 39 років Чоловіки,12046,Евгений Хенкин,,3:29:14.2
23,Amateurs (шосе та крос) від 35 до 39 років Чоловіки,12247,Василь Максимчук,,3:30:28.0
24,Amateurs (шосе та крос) від 35 до 39 років Чоловіки,12146,Андрій Дудінський,,3:31:01.6
25,Amateurs (шосе та крос) від 35 до 39 років Чоловіки,12011,Сергей Абрамов,,3:31:02.2
26,Amateurs (шосе та крос) від 35 до 39 років Чоловіки,12322,Сергій Миселюк,,3:31:22.6
27,Amateurs (шосе та крос) від 35 до 39 років Чоловіки,12155,Игорь Шишка,,3:31:30.4
28,Amateurs (шосе та крос) від 35 до 39 років Чоловіки,12209,Никита Ткаченко,,3:32:19.0
29,Amateurs (шосе та крос) від 35 до 39 років Чоловіки,12381,Taras Zhukov,,3:33:52.7
30,Amateurs (шосе та крос) від 35 до 39 років Чоловіки,12039,Сергій Бебешко,,3:35:52.8
31,Amateurs (шосе та крос) від 35 до 39 років Чоловіки,12592,Павло Морозов,,3:36:02.4
32,Amateurs (шосе та крос) від 35 до 39 років Чоловіки,12338,Богдан Пільганчук,,3:36:32.8
33,Amateurs (шосе та крос) від 35 до 39 років Чоловіки,12151,Андрій Курдій,,3:37:07.4
34,Amateurs (шосе та крос) від 35 до 39 років Чоловіки,12484,Ярослав Морозович,,3:38:26.4
35,Amateurs (шосе та крос) від 35 до 39 років Чоловіки,12284,Кирило Хиленко,,3:38:41.2
36,Amateurs (шосе та крос) від 35 до 39 років Чоловіки,12145,Михайло Захарченко,,3:41:40.0
37,Amateurs (шосе та крос) від 35 до 39 років Чоловіки,12601,Руслан Веревский,,3:44:42.2
38,Amateurs (шосе та крос) від 35 до 39 років Чоловіки,12558,Максим Кириченко,,3:45:58.6
39,Amateurs (шосе та крос) від 35 до 39 років Чоловіки,12289,Сергій кошель,,3:46:27.0
40,Amateurs (шосе та крос) від 35 до 39 років Чоловіки,12229,Андрій Погорілий,,3:46:57.9
41,Amateurs (шосе та крос) від 35 до 39 років Чоловіки,12204,PAVLO IEFIMENKO,,3:48:41.0
42,Amateurs (шосе та крос) від 35 до 39 років Чоловіки,12042,Andriy Osadchyy,,3:50:42.7
43,Amateurs (шосе та крос) від 35 до 39 років Чоловіки,12418,Yaroslav Misiats,,3:50:42.8
44,Amateurs (шосе та крос) від 35 до 39 років Чоловіки,12483,Enver Kikava,,3:51:34.7
45,Amateurs (шосе та крос) від 35 до 39 років Чоловіки,12593,Дмитро Лук’яненко,,3:54:19.0
46,Amateurs (шосе та крос) від 35 до 39 років Чоловіки,12344,Максим Анохін,,3:54:19.2
47,Amateurs (шосе та крос) від 35 до 39 років Чоловіки,12012,Andrey Smetanenko,,3:54:33.6
48,Amateurs (шосе та крос) від 35 до 39 років Чоловіки,12139,Олексій Франчук,,3:54:37.4
49,Amateurs (шосе та крос) від 35 до 39 років Чоловіки,12206,Микола Івінський,,3:55:27.4
50,Amateurs (шосе та крос) від 35 до 39 років Чоловіки,12419,Сергій Стащенко,,3:56:41.7
51,Amateurs (шосе та крос) від 35 до 39 років Чоловіки,12335,Владимир Доброгорский,,3:57:18.9
52,Amateurs (шосе та крос) від 35 до 39 років Чоловіки,12295,OLEG SENYK,,3:57:53.5
53,Amateurs (шосе та крос) від 35 до 39 років Чоловіки,12001,Максим Покрепа,,3:58:08.6
54,Amateurs (шосе та крос) від 35 до 39 років Чоловіки,12565,Карен Тарасенко,,3:59:39.1
55,Amateurs (шосе та крос) від 35 до 39 років Чоловіки,12148,Олег Жуков,,4:00:07.1
56,Amateurs (шосе та крос) від 35 до 39 років Чоловіки,12060,Олександр Пастух,,4:01:27.5
57,Amateurs (шосе та крос) від 35 до 39 років Чоловіки,12143,Вадим Гудима,,4:02:05.4
58,Amateurs (шосе та крос) від 35 до 39 років Чоловіки,12100,Ігор Ковальчук,,4:04:20.2
59,Amateurs (шосе та крос) від 35 до 39 років Чоловіки,12511,Dmitryy Kuzmenko,,4:10:03.1
60,Amateurs (шосе та крос) від 35 до 39 років Чоловіки,12422,Анатолий Шевчук,,4:13:07.1
61,Amateurs (шосе та крос) від 35 до 39 років Чоловіки,12463,Павел Чеботков,,4:14:41.0
62,Amateurs (шосе та крос) від 35 до 39 років Чоловіки,12125,Kostiantyn Shkvarko,,4:15:40.6
63,Amateurs (шосе та крос) від 35 до 39 років Чоловіки,12112,Олексій Гунько,,4:17:21.1
64,Amateurs (шосе та крос) від 35 до 39 років Чоловіки,12375,Микола Сушко,,4:17:37.1
65,Amateurs (шосе та крос) від 35 до 39 років Чоловіки,12160,Евгений Крейч,,4:20:37.3
66,Amateurs (шосе та крос) від 35 до 39 років Чоловіки,12051,Алексей Гуров,,4:23:12.6
67,Amateurs (шосе та крос) від 35 до 39 років Чоловіки,12197,Андрей Лемец,,4:26:21.8
68,Amateurs (шосе та крос) від 35 до 39 років Чоловіки,12078,Андрiй Грудiй,,4:26:48.9
69,Amateurs (шосе та крос) від 35 до 39 років Чоловіки,12547,Віталій Кириченко,,4:28:08.3
70,Amateurs (шосе та крос) від 35 до 39 років Чоловіки,12443,Алексей Самойлов,,4:28:43.3
71,Amateurs (шосе та крос) від 35 до 39 років Чоловіки,12250,Сергій Мельник,,4:30:24.6
72,Amateurs (шосе та крос) від 35 до 39 років Чоловіки,12233,Олександр Тхор,,4:32:40.0
73,Amateurs (шосе та крос) від 35 до 39 років Чоловіки,12088,Андрій Кононір,,4:32:45.8
74,Amateurs (шосе та крос) від 35 до 39 років Чоловіки,12114,Roman Tsymbal,,4:33:06.7
75,Amateurs (шосе та крос) від 35 до 39 років Чоловіки,12005,Володимир Куценко,,4:35:22.6
76,Amateurs (шосе та крос) від 35 до 39 років Чоловіки,12394,Яким Линник,,4:39:35.8
77,Amateurs (шосе та крос) від 35 до 39 років Чоловіки,12548,Aleksandr Morozov,,4:45:05.4
78,Amateurs (шосе та крос) від 35 до 39 років Чоловіки,12470,Иван Ярмола,,4:45:53.7
79,Amateurs (шосе та крос) від 35 до 39 років Чоловіки,12436,Denys Makarov,,4:48:53.1
80,Amateurs (шосе та крос) від 35 до 39 років Чоловіки,12016,Yevgen Morgenshtern,,4:53:36.1
81,Amateurs (шосе та крос) від 35 до 39 років Чоловіки,12156,Дмитро Харенко,,5:01:53.7
82,Amateurs (шосе та крос) від 35 до 39 років Чоловіки,12585,Антон Михайлов,,5:19:22.0
83,Amateurs (шосе та крос) від 35 до 39 років Чоловіки,12336,Юрій Кузів,,5:58:10.0
84,Amateurs (шосе та крос) від 35 до 39 років Чоловіки,12490,Андрій Лавринець,,6:04:00.3
85,Amateurs (шосе та крос) від 35 до 39 років Чоловіки,12049,Iurii Ovadenko,,6:27:24.9
86,Amateurs (шосе та крос) від 35 до 39 років Чоловіки,12517,Дмитро Брацлавский,,6:28:06.4
87,Amateurs (шосе та крос) від 35 до 39 років Чоловіки,12518,Роман Шинкарьов,,6:28:07.9
88,Amateurs (шосе та крос) від 35 до 39 років Чоловіки,12523,Олексій Нікітан,,6:41:38.3
89,Amateurs (шосе та крос) від 35 до 39 років Чоловіки,12107,Олександр Абакумов,,
90,Amateurs (шосе та крос) від 35 до 39 років Чоловіки,12110,Denys Kniaziev,,
91,Amateurs (шосе та крос) від 35 до 39 років Чоловіки,12123,Taras Litvinenko,,
92,Amateurs (шосе та крос) від 35 до 39 років Чоловіки,12132,Володимир Чиклікчи,,
93,Amateurs (шосе та крос) від 35 до 39 років Чоловіки,12164,Олександр Ващук,,
94,Amateurs (шосе та крос) від 35 до 39 років Чоловіки,12245,Сергій Чуєв,,
95,Amateurs (шосе та крос) від 35 до 39 років Чоловіки,12282,Александр Дубровин,,
96,Amateurs (шосе та крос) від 35 до 39 років Чоловіки,12300,Sergey Goodkov,,
97,Amateurs (шосе та крос) від 35 до 39 років Чоловіки,12308,Евгений Шморгун,,
98,Amateurs (шосе та крос) від 35 до 39 років Чоловіки,12309,Евгений Славный,,
99,Amateurs (шосе та крос) від 35 до 39 років Чоловіки,12324,Vladimir Yereschenko,,
100,Amateurs (шосе та крос) від 35 до 39 років Чоловіки,12392,Віктор Нужненко,,
101,Amateurs (шосе та крос) від 35 до 39 років Чоловіки,12426,Antoni Miś,,
102,Amateurs (шосе та крос) від 35 до 39 років Чоловіки,12442,Alex Pilipenko,,
103,Amateurs (шосе та крос) від 35 до 39 років Чоловіки,12444,Евгеній Пичик,,
1,Amateurs (шосе та крос) від 40 до 44 років Чоловіки,12133,Саша Голубенко,,2:50:18.7
2,Amateurs (шосе та крос) від 40 до 44 років Чоловіки,12527,Руслан Атаманів,,3:05:14.1
3,Amateurs (шосе та крос) від 40 до 44 років Чоловіки,12531,Сергій Кузьмін,,3:06:35.3
4,Amateurs (шосе та крос) від 40 до 44 років Чоловіки,12596,Роман Радько,,3:08:55.2
5,Amateurs (шосе та крос) від 40 до 44 років Чоловіки,12312,Максим Москаленко,,3:11:48.9
6,Amateurs (шосе та крос) від 40 до 44 років Чоловіки,12189,Антон Юрковський,,3:13:06.6
7,Amateurs (шосе та крос) від 40 до 44 років Чоловіки,12362,Петро Зубчевський,,3:13:07.6
8,Amateurs (шосе та крос) від 40 до 44 років Чоловіки,12409,Олексій Костецький,,3:17:44.8
9,Amateurs (шосе та крос) від 40 до 44 років Чоловіки,12002,Денис Симковский,,3:18:42.1
10,Amateurs (шосе та крос) від 40 до 44 років Чоловіки,12124,Родригес Александр,,3:19:28.6
11,Amateurs (шосе та крос) від 40 до 44 років Чоловіки,12122,Станiслав Пiлецький,,3:21:01.5
12,Amateurs (шосе та крос) від 40 до 44 років Чоловіки,12568,Роман Петрусюк,,3:21:07.9
13,Amateurs (шосе та крос) від 40 до 44 років Чоловіки,12103,Андрей Сорочинський,,3:21:24.2
14,Amateurs (шосе та крос) від 40 до 44 років Чоловіки,12420,Олексій Ківак,,3:22:20.4
15,Amateurs (шосе та крос) від 40 до 44 років Чоловіки,12066,Олег Половинчак,,3:27:08.0
16,Amateurs (шосе та крос) від 40 до 44 років Чоловіки,12325,Володимир Погойда,,3:30:28.5
17,Amateurs (шосе та крос) від 40 до 44 років Чоловіки,12343,Дмитро Тарабакін,,3:31:23.2
18,Amateurs (шосе та крос) від 40 до 44 років Чоловіки,12027,Олександр Стецков,,3:31:24.1
19,Amateurs (шосе та крос) від 40 до 44 років Чоловіки,12489,Andrii Dmytrenko,,3:31:30.2
20,Amateurs (шосе та крос) від 40 до 44 років Чоловіки,12429,Володимир Деуль,,3:34:41.3
21,Amateurs (шосе та крос) від 40 до 44 років Чоловіки,12460,Dmytro Samsonov,,3:35:34.6
22,Amateurs (шосе та крос) від 40 до 44 років Чоловіки,12498,Ігор Карпин,,3:36:59.5
23,Amateurs (шосе та крос) від 40 до 44 років Чоловіки,12080,Микола Могильний,,3:38:06.9
24,Amateurs (шосе та крос) від 40 до 44 років Чоловіки,12318,Сергій Анцупов,,3:38:40.7
25,Amateurs (шосе та крос) від 40 до 44 років Чоловіки,12479,Григорий Кудрявцев,,3:38:47.9
26,Amateurs (шосе та крос) від 40 до 44 років Чоловіки,12168,Юрій Зелененко,,3:38:50.0
27,Amateurs (шосе та крос) від 40 до 44 років Чоловіки,12283,Андрій Сидоров,,3:39:12.8
28,Amateurs (шосе та крос) від 40 до 44 років Чоловіки,12024,Volodymyr Roman,,3:42:52.5
29,Amateurs (шосе та крос) від 40 до 44 років Чоловіки,12456,Віталій Демченко,,3:46:09.2
30,Amateurs (шосе та крос) від 40 до 44 років Чоловіки,12041,Олег Куровський,,3:48:25.5
31,Amateurs (шосе та крос) від 40 до 44 років Чоловіки,12140,Сергій Чорний,,3:49:44.7
32,Amateurs (шосе та крос) від 40 до 44 років Чоловіки,12366,Олексій Клімов,,3:52:20.2
33,Amateurs (шосе та крос) від 40 до 44 років Чоловіки,12068,Roman Ponomarenko,,3:52:25.5
34,Amateurs (шосе та крос) від 40 до 44 років Чоловіки,12019,Сергiй Сiунов,,3:52:47.3
35,Amateurs (шосе та крос) від 40 до 44 років Чоловіки,12188,Костянтин Шилов,,3:57:20.1
36,Amateurs (шосе та крос) від 40 до 44 років Чоловіки,12529,Валерій Кондаков,,3:58:07.3
37,Amateurs (шосе та крос) від 40 до 44 років Чоловіки,12104,Олексій Вініченко,,4:04:50.6
38,Amateurs (шосе та крос) від 40 до 44 років Чоловіки,12304,Олексій Круковський,,4:13:40.5
39,Amateurs (шосе та крос) від 40 до 44 років Чоловіки,12388,Анатолій Пасічник,,4:18:19.9
40,Amateurs (шосе та крос) від 40 до 44 років Чоловіки,12510,Олександр Макеєв,,4:18:22.6
41,Amateurs (шосе та крос) від 40 до 44 років Чоловіки,12101,Valeriy Samoylenko,,4:19:04.6
42,Amateurs (шосе та крос) від 40 до 44 років Чоловіки,12246,Yevgeniy Trofimchuk,,4:20:46.0
43,Amateurs (шосе та крос) від 40 до 44 років Чоловіки,12425,Станіслав Ткаченко,,4:26:10.1
44,Amateurs (шосе та крос) від 40 до 44 років Чоловіки,12354,Юрий Шишлов,,4:31:17.5
45,Amateurs (шосе та крос) від 40 до 44 років Чоловіки,12481,Дмитро Кучеренко,,4:34:18.7
46,Amateurs (шосе та крос) від 40 до 44 років Чоловіки,12054,VOLODYMYR BUBELA,,4:36:32.5
47,Amateurs (шосе та крос) від 40 до 44 років Чоловіки,12537,Олександр Голота,,4:40:07.4
48,Amateurs (шосе та крос) від 40 до 44 років Чоловіки,12118,Олег Сторожук,,4:46:32.9
49,Amateurs (шосе та крос) від 40 до 44 років Чоловіки,12167,Гліб Бітюков,,4:52:54.0
50,Amateurs (шосе та крос) від 40 до 44 років Чоловіки,12076,Vitaliy Prokopchuk,,4:53:06.6
51,Amateurs (шосе та крос) від 40 до 44 років Чоловіки,12192,Денис Суворов,,4:54:36.2
52,Amateurs (шосе та крос) від 40 до 44 років Чоловіки,12405,Антон Таборовский,,4:55:41.6
53,Amateurs (шосе та крос) від 40 до 44 років Чоловіки,12293,Юрій Лясковець,,5:03:34.5
54,Amateurs (шосе та крос) від 40 до 44 років Чоловіки,12342,Олексій Шкарупа,,5:14:44.7
55,Amateurs (шосе та крос) від 40 до 44 років Чоловіки,12128,Hélg Smith,,5:31:12.6
56,Amateurs (шосе та крос) від 40 до 44 років Чоловіки,12588,Олександр Ющик,,5:36:52.5
57,Amateurs (шосе та крос) від 40 до 44 років Чоловіки,12036,Олександр Бурлака,,6:02:10.2
58,Amateurs (шосе та крос) від 40 до 44 років Чоловіки,12026,Іван Синявський,,
59,Amateurs (шосе та крос) від 40 до 44 років Чоловіки,12117,Armen Mosesian,,
60,Amateurs (шосе та крос) від 40 до 44 років Чоловіки,12161,Олександр Перушко,,
61,Amateurs (шосе та крос) від 40 до 44 років Чоловіки,12187,Андрій Шелудько,,
62,Amateurs (шосе та крос) від 40 до 44 років Чоловіки,12248,Денис Пахомов,,
63,Amateurs (шосе та крос) від 40 до 44 років Чоловіки,12301,Віктор Колодяжний,,
64,Amateurs (шосе та крос) від 40 до 44 років Чоловіки,12434,Владислав Поліщук,,
1,Amateurs (шосе та крос) від 45 до 49 років Чоловіки,12497,Сергій Шелест,,3:02:50.3
2,Amateurs (шосе та крос) від 45 до 49 років Чоловіки,12022,Сергій Левченко,,3:06:34.9
3,Amateurs (шосе та крос) від 45 до 49 років Чоловіки,12105,Alexander Narkevich,,3:06:41.5
4,Amateurs (шосе та крос) від 45 до 49 років Чоловіки,12447,Сергій Циба,,3:06:41.9
5,Amateurs (шосе та крос) від 45 до 49 років Чоловіки,12173,Єгор Ваулін,,3:06:42.5
6,Amateurs (шосе та крос) від 45 до 49 років Чоловіки,12437,Роман Погожих,,3:10:21.8
7,Amateurs (шосе та крос) від 45 до 49 років Чоловіки,12238,Odnosumov Sergii,,3:14:22.1
8,Amateurs (шосе та крос) від 45 до 49 років Чоловіки,12113,Анатолій Сербін,,3:20:47.6
9,Amateurs (шосе та крос) від 45 до 49 років Чоловіки,12217,Володимир Носов,,3:24:18.7
10,Amateurs (шосе та крос) від 45 до 49 років Чоловіки,17,Белобородов Радим,,3:24:30.2
11,Amateurs (шосе та крос) від 45 до 49 років Чоловіки,12331,Андрій Поліщук,,3:25:29.9
12,Amateurs (шосе та крос) від 45 до 49 років Чоловіки,12554,Максим Юнгер,,3:26:46.2
13,Amateurs (шосе та крос) від 45 до 49 років Чоловіки,12570,Сергій Прент,,3:26:47.3
14,Amateurs (шосе та крос) від 45 до 49 років Чоловіки,12195,Dmytro Pilipenko,,3:28:12.5
15,Amateurs (шосе та крос) від 45 до 49 років Чоловіки,12353,Kostiantyn Levitov,,3:28:50.5
16,Amateurs (шосе та крос) від 45 до 49 років Чоловіки,12459,Юрій Федорчук,,3:34:38.7
17,Amateurs (шосе та крос) від 45 до 49 років Чоловіки,12211,Віталій Караченко,,3:38:00.9
18,Amateurs (шосе та крос) від 45 до 49 років Чоловіки,12413,Ігор Боднар,,3:38:25.8
19,Amateurs (шосе та крос) від 45 до 49 років Чоловіки,12240,Алексей Мохов,,3:40:01.3
20,Amateurs (шосе та крос) від 45 до 49 років Чоловіки,12262,Ярослав Токаренко,,3:59:56.2
21,Amateurs (шосе та крос) від 45 до 49 років Чоловіки,12098,Shevchuk Yury,,4:01:02.1
22,Amateurs (шосе та крос) від 45 до 49 років Чоловіки,12504,Олександр Горлов,,4:10:14.4
23,Amateurs (шосе та крос) від 45 до 49 років Чоловіки,12533,Олександр Гаркавенко,,4:12:45.3
24,Amateurs (шосе та крос) від 45 до 49 років Чоловіки,12400,Роман Даценко,,4:13:57.6
25,Amateurs (шосе та крос) від 45 до 49 років Чоловіки,50,Снімщиков Анатолій,,4:15:22.9
26,Amateurs (шосе та крос) від 45 до 49 років Чоловіки,12421,Володимир Ірчак,,4:16:26.3
27,Amateurs (шосе та крос) від 45 до 49 років Чоловіки,12317,сергей сизоненко,,4:27:22.6
28,Amateurs (шосе та крос) від 45 до 49 років Чоловіки,12048,Roman Tkachov,,4:28:43.4
29,Amateurs (шосе та крос) від 45 до 49 років Чоловіки,12500,Вахтанг Убiлава,,4:36:50.7
30,Amateurs (шосе та крос) від 45 до 49 років Чоловіки,12177,Сергій Подлубний,,4:37:02.3
31,Amateurs (шосе та крос) від 45 до 49 років Чоловіки,12579,Vasyl Bondar,,4:40:14.4
32,Amateurs (шосе та крос) від 45 до 49 років Чоловіки,12549,Сергій Лисенко,,4:53:27.9
33,Amateurs (шосе та крос) від 45 до 49 років Чоловіки,12244,Сергій Нечипоренко,,4:57:39.3
34,Amateurs (шосе та крос) від 45 до 49 років Чоловіки,12560,Руслан Ульянов,,5:10:34.1
35,Amateurs (шосе та крос) від 45 до 49 років Чоловіки,12307,Костянтин Бондарєв,,5:38:58.7
36,Amateurs (шосе та крос) від 45 до 49 років Чоловіки,12059,Андрій Горішній,,5:44:59.7
37,Amateurs (шосе та крос) від 45 до 49 років Чоловіки,12466,Юрій Паньків,,5:56:19.0
38,Amateurs (шосе та крос) від 45 до 49 років Чоловіки,12084,Павел Долженко,,
39,Amateurs (шосе та крос) від 45 до 49 років Чоловіки,12102,Serhii Holovko,,
40,Amateurs (шосе та крос) від 45 до 49 років Чоловіки,12258,Kostiantyn Levitov,,
1,Amateurs (шосе та крос) від 50 до 54 років Чоловіки,12536,Nick Lavrik,,3:20:08.8
2,Amateurs (шосе та крос) від 50 до 54 років Чоловіки,12508,Едуард Долотов,,3:31:26.8
3,Amateurs (шосе та крос) від 50 до 54 років Чоловіки,12085,Игорь Троценко,,3:36:29.3
4,Amateurs (шосе та крос) від 50 до 54 років Чоловіки,12235,Александр Марченко,,3:45:59.2
5,Amateurs (шосе та крос) від 50 до 54 років Чоловіки,12526,Кушнир Александр,,3:46:59.3
6,Amateurs (шосе та крос) від 50 до 54 років Чоловіки,12239,Олександр Райченко,,3:48:08.8
7,Amateurs (шосе та крос) від 50 до 54 років Чоловіки,12260,Евгеній Сікора,,4:01:46.0
8,Amateurs (шосе та крос) від 50 до 54 років Чоловіки,12530,Олег Кривошей,,4:03:01.3
9,Amateurs (шосе та крос) від 50 до 54 років Чоловіки,12478,РОСТИСЛАВ ЧУДНОВСКИЙ,,4:06:47.0
10,Amateurs (шосе та крос) від 50 до 54 років Чоловіки,12356,Jeff Erlich,,4:07:20.9
11,Amateurs (шосе та крос) від 50 до 54 років Чоловіки,12254,Вадим Чемер,,4:13:43.0
12,Amateurs (шосе та крос) від 50 до 54 років Чоловіки,12506,Сергiй Бабич,,4:13:57.0
13,Amateurs (шосе та крос) від 50 до 54 років Чоловіки,12256,Дмитро Золотько,,4:28:47.2
14,Amateurs (шосе та крос) від 50 до 54 років Чоловіки,12539,Анатолій Михайленко,,4:31:45.4
15,Amateurs (шосе та крос) від 50 до 54 років Чоловіки,12359,Володимир Демешко,,4:33:25.8
16,Amateurs (шосе та крос) від 50 до 54 років Чоловіки,12277,Валерiй Ясiнський,,4:49:17.4
17,Amateurs (шосе та крос) від 50 до 54 років Чоловіки,12065,Борис Шульга,,5:00:01.5
18,Amateurs (шосе та крос) від 50 до 54 років Чоловіки,12524,Виталий Чигарёв,,5:05:44.9
19,Amateurs (шосе та крос) від 50 до 54 років Чоловіки,12090,Костянтин Євтушенко,,5:08:11.0
20,Amateurs (шосе та крос) від 50 до 54 років Чоловіки,12395,Сергей Владимирович Балашов,,5:25:54.8
21,Amateurs (шосе та крос) від 50 до 54 років Чоловіки,12182,Сергій Гайдай,,5:41:30.4
22,Amateurs (шосе та крос) від 50 до 54 років Чоловіки,12298,Сергій Васенін,,
23,Amateurs (шосе та крос) від 50 до 54 років Чоловіки,12598,Максим Козуб,,
1,Amateurs (шосе та крос) від 55 до 59 років Чоловіки,12369,Олександр Лактіонов,,3:31:36.4
2,Amateurs (шосе та крос) від 55 до 59 років Чоловіки,12542,Сергій Харчук,,3:36:02.5
3,Amateurs (шосе та крос) від 55 до 59 років Чоловіки,12138,Андрій Гурський,,3:38:07.7
4,Amateurs (шосе та крос) від 55 до 59 років Чоловіки,12216,Mike Rozanov,,3:45:16.4
5,Amateurs (шосе та крос) від 55 до 59 років Чоловіки,12563,Олег Єльцов,,3:45:54.5
6,Amateurs (шосе та крос) від 55 до 59 років Чоловіки,12360,Сергей Степанец,,4:01:18.8
7,Amateurs (шосе та крос) від 55 до 59 років Чоловіки,12469,Володимир Маєвський,,4:23:44.3
8,Amateurs (шосе та крос) від 55 до 59 років Чоловіки,12184,Oleksandr Shykhanov,,4:26:49.4
9,Amateurs (шосе та крос) від 55 до 59 років Чоловіки,12115,Олександр Смирнов,,4:43:54.8
10,Amateurs (шосе та крос) від 55 до 59 років Чоловіки,12092,Анатолій Гасашвілі,,5:25:00.6
11,Amateurs (шосе та крос) від 55 до 59 років Чоловіки,12512,Олександр Григораш,,6:11:47.2
12,Amateurs (шосе та крос) від 55 до 59 років Чоловіки,12205,Віталій Ковальчук,,
13,Amateurs (шосе та крос) від 55 до 59 років Чоловіки,12449,Костянтин Дупак,,
1,Amateurs (шосе та крос) від 60 до 64 років Чоловіки,19,Ігор Пастух,,3:47:02.7
2,Amateurs (шосе та крос) від 60 до 64 років Чоловіки,12370,Олександр Качіков,,4:01:17.8
3,Amateurs (шосе та крос) від 60 до 64 років Чоловіки,12330,Олександр Ракитянський,,4:52:37.4
4,Amateurs (шосе та крос) від 60 до 64 років Чоловіки,12074,Борис Бровченко,,
5,Amateurs (шосе та крос) від 60 до 64 років Чоловіки,12201,Юрій Персток,,
1,Amateurs (МТБ та гібрид) від 18 до 34 років Жінки,22733,Леся Страфун,,3:38:56.9
2,Amateurs (МТБ та гібрид) від 18 до 34 років Жінки,22727,Олена Кудляк,,4:01:13.1
3,Amateurs (МТБ та гібрид) від 18 до 34 років Жінки,22069,Лариса Плужник,,4:08:17.0
4,Amateurs (МТБ та гібрид) від 18 до 34 років Жінки,22200,Александра Хомутенко,,4:03:01.9
5,Amateurs (МТБ та гібрид) від 18 до 34 років Жінки,22483,Вікторія Дяченко,,4:13:20.4
6,Amateurs (МТБ та гібрид) від 18 до 34 років Жінки,22592,Оля Стулій,,4:23:13.2
7,Amateurs (МТБ та гібрид) від 18 до 34 років Жінки,22632,Anastasiia Radchenko,,4:25:29.3
8,Amateurs (МТБ та гібрид) від 18 до 34 років Жінки,22646,Тетяна Гринюк,,4:25:44.8
9,Amateurs (МТБ та гібрид) від 18 до 34 років Жінки,22557,Ніна Данченко,,4:28:04.2
10,Amateurs (МТБ та гібрид) від 18 до 34 років Жінки,22211,Катерина Подкур,,4:28:54.8
11,Amateurs (МТБ та гібрид) від 18 до 34 років Жінки,22596,Юлия Евтушенко,,4:30:52.5
12,Amateurs (МТБ та гібрид) від 18 до 34 років Жінки,22212,Марія Сулима,,4:46:13.6
13,Amateurs (МТБ та гібрид) від 18 до 34 років Жінки,22163,Марина Чернишева,,4:51:54.7
14,Amateurs (МТБ та гібрид) від 18 до 34 років Жінки,22770,Марина Томченко,,4:43:42.4
15,Amateurs (МТБ та гібрид) від 18 до 34 років Жінки,22245,Юлія Шевченко,,4:46:20.1
16,Amateurs (МТБ та гібрид) від 18 до 34 років Жінки,22015,Надія Потетнєва,,4:45:53.4
17,Amateurs (МТБ та гібрид) від 18 до 34 років Жінки,22155,Катерина Новицька,,5:00:52.1
18,Amateurs (МТБ та гібрид) від 18 до 34 років Жінки,22384,Олександра Барабанщикова,,5:00:53.6
19,Amateurs (МТБ та гібрид) від 18 до 34 років Жінки,22653,Євгенія Церахто,,5:00:53.8
20,Amateurs (МТБ та гібрид) від 18 до 34 років Жінки,2,Евгения Пульнева,,5:06:26.2
21,Amateurs (МТБ та гібрид) від 18 до 34 років Жінки,22152,Галина Пацукова,,5:12:50.8
22,Amateurs (МТБ та гібрид) від 18 до 34 років Жінки,22011,Ірина Шабас,,5:08:34.9
23,Amateurs (МТБ та гібрид) від 18 до 34 років Жінки,22582,Анна Дяків,,5:13:57.3
24,Amateurs (МТБ та гібрид) від 18 до 34 років Жінки,22723,Victoria Holst,,5:17:12.9
25,Amateurs (МТБ та гібрид) від 18 до 34 років Жінки,22098,Марина Наливайченко,,5:23:38.0
26,Amateurs (МТБ та гібрид) від 18 до 34 років Жінки,22207,Крістіна Гончарук,,5:13:55.5
27,Amateurs (МТБ та гібрид) від 18 до 34 років Жінки,22128,Ольга Сацюк,,5:23:09.5
28,Amateurs (МТБ та гібрид) від 18 до 34 років Жінки,22024,Olya Mitus,,5:30:33.8
29,Amateurs (МТБ та гібрид) від 18 до 34 років Жінки,22689,Вікторія Олексієнко,,5:32:21.1
30,Amateurs (МТБ та гібрид) від 18 до 34 років Жінки,22082,Анна Єлісєєва,,5:31:23.4
31,Amateurs (МТБ та гібрид) від 18 до 34 років Жінки,22033,Inna Miroshnichenko,,5:35:25.7
32,Amateurs (МТБ та гібрид) від 18 до 34 років Жінки,22099,Oksana Nikolaichuk,,5:39:18.6
33,Amateurs (МТБ та гібрид) від 18 до 34 років Жінки,22484,Анастасія Сідельник,,5:45:22.2
34,Amateurs (МТБ та гібрид) від 18 до 34 років Жінки,22481,Anna Petrovska,,5:45:45.7
35,Amateurs (МТБ та гібрид) від 18 до 34 років Жінки,22430,Юлія Мороз,,5:51:41.9
36,Amateurs (МТБ та гібрид) від 18 до 34 років Жінки,22777,Євгенія Солод,,5:49:55.9
37,Amateurs (МТБ та гібрид) від 18 до 34 років Жінки,22074,Оксана Крижановська,,5:50:20.9
38,Amateurs (МТБ та гібрид) від 18 до 34 років Жінки,22343,Alyona Ishchenko,,5:51:47.0
39,Amateurs (МТБ та гібрид) від 18 до 34 років Жінки,22629,Дарія Гонтар,,6:11:02.7
40,Amateurs (МТБ та гібрид) від 18 до 34 років Жінки,22305,Вікторія Кондратюк,,6:08:41.3
41,Amateurs (МТБ та гібрид) від 18 до 34 років Жінки,22731,Аліна Федько,,6:12:37.9
42,Amateurs (МТБ та гібрид) від 18 до 34 років Жінки,22680,Марія Ілюшенко,,6:17:11.4
43,Amateurs (МТБ та гібрид) від 18 до 34 років Жінки,22504,Юлия Коноваленко,,6:14:29.3
44,Amateurs (МТБ та гібрид) від 18 до 34 років Жінки,22062,Діана Андрусенко,,6:21:11.2
45,Amateurs (МТБ та гібрид) від 18 до 34 років Жінки,22056,Ірина Кузьмічова,,6:23:32.5
46,Amateurs (МТБ та гібрид) від 18 до 34 років Жінки,22119,Olena Tverdola,,6:28:20.6
47,Amateurs (МТБ та гібрид) від 18 до 34 років Жінки,22510,Юлія Дерезюк,,6:30:27.6
48,Amateurs (МТБ та гібрид) від 18 до 34 років Жінки,22760,Тетяна Чернишова,,6:26:34.0
49,Amateurs (МТБ та гібрид) від 18 до 34 років Жінки,22045,Катерина Андрушенко,,6:29:16.5
50,Amateurs (МТБ та гібрид) від 18 до 34 років Жінки,22391,Людмила Мельник,,6:33:09.8
51,Amateurs (МТБ та гібрид) від 18 до 34 років Жінки,22258,Марина Безносюк,,6:38:26.2
52,Amateurs (МТБ та гібрид) від 18 до 34 років Жінки,22773,Тетяна Рябоконь,,6:38:55.0
53,Amateurs (МТБ та гібрид) від 18 до 34 років Жінки,22772,Олена Лисенко,,6:38:57.5
54,Amateurs (МТБ та гібрид) від 18 до 34 років Жінки,22186,Елена Мусиенко,,6:41:44.9
55,Amateurs (МТБ та гібрид) від 18 до 34 років Жінки,22774,Тетяна Шевчук,,6:41:43.2
56,Amateurs (МТБ та гібрид) від 18 до 34 років Жінки,22531,Катерина Скатерная,,6:19:13.9
57,Amateurs (МТБ та гібрид) від 18 до 34 років Жінки,22023,Светлана Ребрикова,,
58,Amateurs (МТБ та гібрид) від 18 до 34 років Жінки,22037,Галя Білинська,,
59,Amateurs (МТБ та гібрид) від 18 до 34 років Жінки,22095,Юля Домашлинец,,
60,Amateurs (МТБ та гібрид) від 18 до 34 років Жінки,22131,Мария Цветкова,,
61,Amateurs (МТБ та гібрид) від 18 до 34 років Жінки,22134,Яна Паршина,,
62,Amateurs (МТБ та гібрид) від 18 до 34 років Жінки,22169,Valeriia Ivanova,,
63,Amateurs (МТБ та гібрид) від 18 до 34 років Жінки,22182,Катерина Крупська,,
64,Amateurs (МТБ та гібрид) від 18 до 34 років Жінки,22312,Олена Некрашевич,,
65,Amateurs (МТБ та гібрид) від 18 до 34 років Жінки,22351,Мирослава Частникова,,
66,Amateurs (МТБ та гібрид) від 18 до 34 років Жінки,22412,Victoria Lokhonia,,
67,Amateurs (МТБ та гібрид) від 18 до 34 років Жінки,22447,Оксана Ясько,,
68,Amateurs (МТБ та гібрид) від 18 до 34 років Жінки,22450,MARYNA Komarova,,
69,Amateurs (МТБ та гібрид) від 18 до 34 років Жінки,22491,Натела Кордзая,,
70,Amateurs (МТБ та гібрид) від 18 до 34 років Жінки,22506,Олена Некрашевич,,
71,Amateurs (МТБ та гібрид) від 18 до 34 років Жінки,22521,Viktoriia Skichko,,
72,Amateurs (МТБ та гібрид) від 18 до 34 років Жінки,22664,Вікторія Бондаренко,,
73,Amateurs (МТБ та гібрид) від 18 до 34 років Жінки,22706,Катерина Долженко,,
1,Amateurs (МТБ та гібрид) від 35 до 39 років Жінки,22217,Катерина Деркач,,3:52:57.8
2,Amateurs (МТБ та гібрид) від 35 до 39 років Жінки,22117,Афанасьева Людмила,,4:15:52.9
3,Amateurs (МТБ та гібрид) від 35 до 39 років Жінки,22780,олена шило,,4:28:43.6
4,Amateurs (МТБ та гібрид) від 35 до 39 років Жінки,22109,Карина Сокол,,4:31:29.4
5,Amateurs (МТБ та гібрид) від 35 до 39 років Жінки,22113,Наталія Сацута,,4:38:00.1
6,Amateurs (МТБ та гібрид) від 35 до 39 років Жінки,22193,Наталя Гусарова,,4:42:42.1
7,Amateurs (МТБ та гібрид) від 35 до 39 років Жінки,22405,Ольга Будяк,,5:07:16.1
8,Amateurs (МТБ та гібрид) від 35 до 39 років Жінки,62,Мухаметшина Ксения,,5:09:57.1
9,Amateurs (МТБ та гібрид) від 35 до 39 років Жінки,22148,Наталія Смілянець,,5:09:12.4
10,Amateurs (МТБ та гібрид) від 35 до 39 років Жінки,22153,Evgenia Novitskaya,,5:12:51.2
11,Amateurs (МТБ та гібрид) від 35 до 39 років Жінки,22401,Дар’я Нікітіна,,5:37:59.1
12,Amateurs (МТБ та гібрид) від 35 до 39 років Жінки,22466,Алла Козаченко,,5:44:31.8
13,Amateurs (МТБ та гібрид) від 35 до 39 років Жінки,22429,Анастасія Шакірова,,5:51:42.1
14,Amateurs (МТБ та гібрид) від 35 до 39 років Жінки,22370,Дарина Іванова,,6:07:32.0
15,Amateurs (МТБ та гібрид) від 35 до 39 років Жінки,22406,Наталія Стехун,,6:16:30.0
16,Amateurs (МТБ та гібрид) від 35 до 39 років Жінки,22686,Олександра Янішевська,,6:17:11.2
17,Amateurs (МТБ та гібрид) від 35 до 39 років Жінки,22652,Daria Cherkashyna,,6:26:35.8
18,Amateurs (МТБ та гібрид) від 35 до 39 років Жінки,22472,Elmira Kadeikina,,6:37:42.3
19,Amateurs (МТБ та гібрид) від 35 до 39 років Жінки,22102,Svitlana MIKHAILUK,,
20,Amateurs (МТБ та гібрид) від 35 до 39 років Жінки,22151,Юлія Кузьмінська,,
21,Amateurs (МТБ та гібрид) від 35 до 39 років Жінки,22264,Віталія Єрьоміна,,
22,Amateurs (МТБ та гібрид) від 35 до 39 років Жінки,22266,Лілія Присяжнюк,,
23,Amateurs (МТБ та гібрид) від 35 до 39 років Жінки,22342,Корнієнко Ірина,,
24,Amateurs (МТБ та гібрид) від 35 до 39 років Жінки,22446,Ірина Ясько,,
25,Amateurs (МТБ та гібрид) від 35 до 39 років Жінки,22750,Марина Галаган,,
26,Amateurs (МТБ та гібрид) від 35 до 39 років Жінки,22763,Людмила Кушнір,,
27,Amateurs (МТБ та гібрид) від 35 до 39 років Жінки,22775,Олена Зайцева,,
1,Amateurs (МТБ та гібрид) від 40 до 44 років Жінки,22052,Lora Baykina,,3:38:59.2
2,Amateurs (МТБ та гібрид) від 40 до 44 років Жінки,22667,Ольга Грановская,,5:07:06.3
3,Amateurs (МТБ та гібрид) від 40 до 44 років Жінки,22027,Людмила Капустян,,5:22:32.4
4,Amateurs (МТБ та гібрид) від 40 до 44 років Жінки,22365,Олена Тесленко,,5:28:04.9
5,Amateurs (МТБ та гібрид) від 40 до 44 років Жінки,22249,Ольга Ткачук,,5:47:12.2
6,Amateurs (МТБ та гібрид) від 40 до 44 років Жінки,22469,Юлия Лиса,,5:51:43.2
7,Amateurs (МТБ та гібрид) від 40 до 44 років Жінки,22295,Ольга Шабельник,,6:02:03.4
8,Amateurs (МТБ та гібрид) від 40 до 44 років Жінки,22204,Олена Тютюнник,,
1,Amateurs (МТБ та гібрид) від 45 до 49 років Жінки,22606,Олена Тимошенко,,3:48:33.2
2,Amateurs (МТБ та гібрид) від 45 до 49 років Жінки,22284,Ірина Васильєва,,4:48:30.8
3,Amateurs (МТБ та гібрид) від 45 до 49 років Жінки,22730,Наталя Єльцова,,5:45:10.9
4,Amateurs (МТБ та гібрид) від 45 до 49 років Жінки,22480,Vadim Terentyuk,,6:32:23.0
1,Amateurs (МТБ та гібрид) від 50 до 54 років Жінки,22722,Marianne Bengtson,,5:14:24.5
1,Amateurs (МТБ та гібрид) від 55 до 59 років Жінки,22518,Тетяна Лєбєдєва,,6:34:12.4
1,Amateurs (МТБ та гібрид) від 18 до 34 років Чоловіки,22651,Андрей Хоменко,,3:10:09.9
2,Amateurs (МТБ та гібрид) від 18 до 34 років Чоловіки,22257,Олександр Біляєв,,3:10:23.1
3,Amateurs (МТБ та гібрид) від 18 до 34 років Чоловіки,22493,В’ячеслав Сакович,,3:10:25.2
4,Amateurs (МТБ та гібрид) від 18 до 34 років Чоловіки,22783,Євген Шилов,,3:11:18.9
5,Amateurs (МТБ та гібрид) від 18 до 34 років Чоловіки,22121,Володимир Шиліжинський,,3:13:34.3
6,Amateurs (МТБ та гібрид) від 18 до 34 років Чоловіки,22335,Ігор Килимчук,,3:14:34.6
7,Amateurs (МТБ та гібрид) від 18 до 34 років Чоловіки,22007,Володимир Андрушко,,3:15:51.3
8,Amateurs (МТБ та гібрид) від 18 до 34 років Чоловіки,22638,Назар Клименко,,3:23:33.1
9,Amateurs (МТБ та гібрид) від 18 до 34 років Чоловіки,22386,Александр Медведев,,3:26:42.9
10,Amateurs (МТБ та гібрид) від 18 до 34 років Чоловіки,22273,Дмитрий Юлин,,3:27:27.4
11,Amateurs (МТБ та гібрид) від 18 до 34 років Чоловіки,22137,Євген Педченко,,3:27:46.4
12,Amateurs (МТБ та гібрид) від 18 до 34 років Чоловіки,22175,Антон Хомутенко,,3:29:50.6
13,Amateurs (МТБ та гібрид) від 18 до 34 років Чоловіки,22094,Дмитро Бойко,,3:34:55.6
14,Amateurs (МТБ та гібрид) від 18 до 34 років Чоловіки,22071,Павло Науменко,,3:34:56.1
15,Amateurs (МТБ та гібрид) від 18 до 34 років Чоловіки,22030,Богдан Федорчук,,3:36:03.6
16,Amateurs (МТБ та гібрид) від 18 до 34 років Чоловіки,22221,Алексей Буйваленко,,3:34:23.9
17,Amateurs (МТБ та гібрид) від 18 до 34 років Чоловіки,22198,Іван Бабюк,,3:34:21.5
18,Amateurs (МТБ та гібрид) від 18 до 34 років Чоловіки,22443,Андрей Сухинин,,3:34:19.8
19,Amateurs (МТБ та гібрид) від 18 до 34 років Чоловіки,22330,Аркадій Руденко,,3:34:55.2
20,Amateurs (МТБ та гібрид) від 18 до 34 років Чоловіки,22122,Вадим Осінський,,3:35:01.6
21,Amateurs (МТБ та гібрид) від 18 до 34 років Чоловіки,22465,Ihor Polonskyi,,3:43:24.6
22,Amateurs (МТБ та гібрид) від 18 до 34 років Чоловіки,22732,Віталій Чередніченко,,3:36:05.4
23,Amateurs (МТБ та гібрид) від 18 до 34 років Чоловіки,22359,Oleksii Pylypchuk,,3:37:38.2
24,Amateurs (МТБ та гібрид) від 18 до 34 років Чоловіки,22705,Юрій Медіна,,3:39:00.5
25,Amateurs (МТБ та гібрид) від 18 до 34 років Чоловіки,22058,Сергей Бровкин,,3:38:58.4
26,Amateurs (МТБ та гібрид) від 18 до 34 років Чоловіки,22744,Вадим Біндас,,3:41:17.5
27,Amateurs (МТБ та гібрид) від 18 до 34 років Чоловіки,22149,Андрій Щеголєватих,,3:42:05.6
28,Amateurs (МТБ та гібрид) від 18 до 34 років Чоловіки,22130,Владимир Комлев,,3:42:10.7
29,Amateurs (МТБ та гібрид) від 18 до 34 років Чоловіки,22479,Костянтин Марич,,3:48:31.2
30,Amateurs (МТБ та гібрид) від 18 до 34 років Чоловіки,22103,Олексій Ткачов,,3:47:15.1
31,Amateurs (МТБ та гібрид) від 18 до 34 років Чоловіки,22353,Ростислав Сулейманов,,3:49:00.0
32,Amateurs (МТБ та гібрид) від 18 до 34 років Чоловіки,22057,Олександр Лозовий,,3:44:48.0
33,Amateurs (МТБ та гібрид) від 18 до 34 років Чоловіки,22714,Денис Кулаківський,,3:49:37.2
34,Amateurs (МТБ та гібрид) від 18 до 34 років Чоловіки,22135,Алексей Удовенко,,3:50:24.7
35,Amateurs (МТБ та гібрид) від 18 до 34 років Чоловіки,22523,Денис Селезньов,,3:56:08.7
36,Amateurs (МТБ та гібрид) від 18 до 34 років Чоловіки,22229,Максим Моторний,,3:54:21.5
37,Amateurs (МТБ та гібрид) від 18 до 34 років Чоловіки,22168,Антон Пшеничний,,3:59:43.3
38,Amateurs (МТБ та гібрид) від 18 до 34 років Чоловіки,22441,Виктор Викторов,,3:54:21.8
39,Amateurs (МТБ та гібрид) від 18 до 34 років Чоловіки,22053,Олександр Тимчак,,3:57:02.3
40,Amateurs (МТБ та гібрид) від 18 до 34 років Чоловіки,22328,Михаил Глухов,,3:57:32.7
41,Amateurs (МТБ та гібрид) від 18 до 34 років Чоловіки,22492,Віталій Федоренко,,4:05:15.3
42,Amateurs (МТБ та гібрид) від 18 до 34 років Чоловіки,22159,Дмитро Ліпчанчук,,4:01:12.1
43,Amateurs (МТБ та гібрид) від 18 до 34 років Чоловіки,22397,Олександр Венедіктов,,4:01:53.3
44,Amateurs (МТБ та гібрид) від 18 до 34 років Чоловіки,22199,Іван Фенюк,,3:58:33.8
45,Amateurs (МТБ та гібрид) від 18 до 34 років Чоловіки,22261,Ярослав Рида,,4:03:41.5
46,Amateurs (МТБ та гібрид) від 18 до 34 років Чоловіки,22019,Dan Tychkov,,4:01:12.5
47,Amateurs (МТБ та гібрид) від 18 до 34 років Чоловіки,22036,Олександр Руденко,,3:58:50.0
48,Amateurs (МТБ та гібрид) від 18 до 34 років Чоловіки,22303,Віктор Гожий,,4:04:02.4
49,Amateurs (МТБ та гібрид) від 18 до 34 років Чоловіки,22379,Сергій Брижаченко,,4:00:31.9
50,Amateurs (МТБ та гібрид) від 18 до 34 років Чоловіки,22097,Эдуард Марчук,,4:06:27.0
51,Amateurs (МТБ та гібрид) від 18 до 34 років Чоловіки,22771,Станіслав Борзенков,,4:07:36.8
52,Amateurs (МТБ та гібрид) від 18 до 34 років Чоловіки,22322,Богдан Семенко,,4:05:20.2
53,Amateurs (МТБ та гібрид) від 18 до 34 років Чоловіки,22005,Денис Есипенко,,4:06:03.4
54,Amateurs (МТБ та гібрид) від 18 до 34 років Чоловіки,22369,Виталий Марков,,4:03:43.4
55,Amateurs (МТБ та гібрид) від 18 до 34 років Чоловіки,22275,Олексій Лотиш,,4:03:30.9
56,Amateurs (МТБ та гібрид) від 18 до 34 років Чоловіки,22317,Сергій Рижов,,4:11:33.8
57,Amateurs (МТБ та гібрид) від 18 до 34 років Чоловіки,22577,Олег Яцив,,4:07:11.5
58,Amateurs (МТБ та гібрид) від 18 до 34 років Чоловіки,22147,Віталій Гніздіцький,,4:08:52.5
59,Amateurs (МТБ та гібрид) від 18 до 34 років Чоловіки,22311,Kovtun Dmytro,,4:08:58.3
60,Amateurs (МТБ та гібрид) від 18 до 34 років Чоловіки,22656,Ігор Стасієнко,,4:14:49.6
61,Amateurs (МТБ та гібрид) від 18 до 34 років Чоловіки,22041,Kostya Tkachuk,,4:08:52.5
62,Amateurs (МТБ та гібрид) від 18 до 34 років Чоловіки,22584,Олексій Яценко,,4:06:59.7
63,Amateurs (МТБ та гібрид) від 18 до 34 років Чоловіки,22767,Олег Лаврега,,4:08:15.8
64,Amateurs (МТБ та гібрид) від 18 до 34 років Чоловіки,22092,Дмитро Кошляк,,4:12:23.6
65,Amateurs (МТБ та гібрид) від 18 до 34 років Чоловіки,22535,Andrii Voloshyn,,4:11:20.1
66,Amateurs (МТБ та гібрид) від 18 до 34 років Чоловіки,22006,Oleksii Areshkov,,4:06:18.7
67,Amateurs (МТБ та гібрид) від 18 до 34 років Чоловіки,22348,Ievgen Chernetskiy,,4:08:59.0
68,Amateurs (МТБ та гібрид) від 18 до 34 років Чоловіки,22566,Kirill Romazenko,,4:08:01.5
69,Amateurs (МТБ та гібрид) від 18 до 34 років Чоловіки,22210,Сергій Рибчинський,,4:16:54.9
70,Amateurs (МТБ та гібрид) від 18 до 34 років Чоловіки,22488,Олександр Кириленко,,4:08:18.1
71,Amateurs (МТБ та гібрид) від 18 до 34 років Чоловіки,22617,Илля Шимшит,,4:07:25.0
72,Amateurs (МТБ та гібрид) від 18 до 34 років Чоловіки,200+A1041:A1048560,Sergey Bogoley,,4:09:45.0
73,Amateurs (МТБ та гібрид) від 18 до 34 років Чоловіки,22618,Ярослав ткачук,,4:13:50.6
74,Amateurs (МТБ та гібрид) від 18 до 34 років Чоловіки,22522,Игорь Харченко,,4:14:31.7
75,Amateurs (МТБ та гібрид) від 18 до 34 років Чоловіки,22346,Євгеній Поломаренко,,4:19:16.1
76,Amateurs (МТБ та гібрид) від 18 до 34 років Чоловіки,22107,Artem Pedchenko,,4:15:54.4
77,Amateurs (МТБ та гібрид) від 18 до 34 років Чоловіки,22138,Денис Тищенко,,4:17:28.8
78,Amateurs (МТБ та гібрид) від 18 до 34 років Чоловіки,22268,Антон Харитонов,,4:19:47.6
79,Amateurs (МТБ та гібрид) від 18 до 34 років Чоловіки,22743,Максим Костецький,,4:19:15.9
80,Amateurs (МТБ та гібрид) від 18 до 34 років Чоловіки,22240,Віталік Гудима,,4:12:54.4
81,Amateurs (МТБ та гібрид) від 18 до 34 років Чоловіки,22509,Artem Grynenko,,4:13:51.2
82,Amateurs (МТБ та гібрид) від 18 до 34 років Чоловіки,22156,Олександр Мартиненко,,4:24:03.5
83,Amateurs (МТБ та гібрид) від 18 до 34 років Чоловіки,22368,Богдан Власенко,,4:13:52.1
84,Amateurs (МТБ та гібрид) від 18 до 34 років Чоловіки,22565,Ярослав Демешко,,4:14:13.7
85,Amateurs (МТБ та гібрид) від 18 до 34 років Чоловіки,22304,Ярослав Вдовцов,,4:13:15.5
86,Amateurs (МТБ та гібрид) від 18 до 34 років Чоловіки,22358,Сергій Карповець,,4:20:00.7
87,Amateurs (МТБ та гібрид) від 18 до 34 років Чоловіки,22139,Aleksandr Kucher,,4:19:52.2
88,Amateurs (МТБ та гібрид) від 18 до 34 років Чоловіки,22281,Вячеслав Кукса,,4:21:36.9
89,Amateurs (МТБ та гібрид) від 18 до 34 років Чоловіки,22526,Ivan Shevchuk,,4:20:04.9
90,Amateurs (МТБ та гібрид) від 18 до 34 років Чоловіки,22043,Dima Shevelev,,4:22:39.6
91,Amateurs (МТБ та гібрид) від 18 до 34 років Чоловіки,22183,Станіслав Черненко,,4:20:28.9
92,Amateurs (МТБ та гібрид) від 18 до 34 років Чоловіки,22090,Андрей Сибиряков,,4:28:25.4
93,Amateurs (МТБ та гібрид) від 18 до 34 років Чоловіки,22129,Сергій Ковальчук,,4:20:00.0
94,Amateurs (МТБ та гібрид) від 18 до 34 років Чоловіки,22125,Владимир Беликов,,4:21:15.8
95,Amateurs (МТБ та гібрид) від 18 до 34 років Чоловіки,22459,Ievgen Grinik,,4:22:29.9
96,Amateurs (МТБ та гібрид) від 18 до 34 років Чоловіки,22460,Владислав Нарижний,,4:22:30.5
97,Amateurs (МТБ та гібрид) від 18 до 34 років Чоловіки,22712,Ростислав Майгур,,4:17:05.9
98,Amateurs (МТБ та гібрид) від 18 до 34 років Чоловіки,22467,Maksym Bogdanov,,4:18:45.5
99,Amateurs (МТБ та гібрид) від 18 до 34 років Чоловіки,22285,Владислав Галицький,,4:23:22.2
100,Amateurs (МТБ та гібрид) від 18 до 34 років Чоловіки,22271,Ihor Dymsha,,4:20:03.5
101,Amateurs (МТБ та гібрид) від 18 до 34 років Чоловіки,22485,Євген Соболев,,4:17:02.6
102,Amateurs (МТБ та гібрид) від 18 до 34 років Чоловіки,22115,Aleksandr Kryacheck,,4:20:04.0
103,Amateurs (МТБ та гібрид) від 18 до 34 років Чоловіки,22393,Artem Nikiforov,,4:24:27.8
104,Amateurs (МТБ та гібрид) від 18 до 34 років Чоловіки,22234,Сергій Мордовін,,4:18:25.2
105,Amateurs (МТБ та гібрид) від 18 до 34 років Чоловіки,22487,DMYTRO VASYLIEV,,4:21:19.8
106,Amateurs (МТБ та гібрид) від 18 до 34 років Чоловіки,22663,Артем Коровніченко,,4:19:51.9
107,Amateurs (МТБ та гібрид) від 18 до 34 років Чоловіки,22196,Олексій Валевач,,4:23:22.6
108,Amateurs (МТБ та гібрид) від 18 до 34 років Чоловіки,22031,Артем Васильєв,,4:25:15.2
109,Amateurs (МТБ та гібрид) від 18 до 34 років Чоловіки,22044,Роман Сенченко,,4:19:16.9
110,Amateurs (МТБ та гібрид) від 18 до 34 років Чоловіки,22010,Віталій Хілько,,4:22:44.3
111,Amateurs (МТБ та гібрид) від 18 до 34 років Чоловіки,22659,Богдан Коваленко,,4:32:42.5
112,Amateurs (МТБ та гібрид) від 18 до 34 років Чоловіки,22666,Роман Янівський,,4:22:22.0
113,Amateurs (МТБ та гібрид) від 18 до 34 років Чоловіки,22757,Олександр Матвієнко,,4:27:59.5
114,Amateurs (МТБ та гібрид) від 18 до 34 років Чоловіки,22752,Віталій Іващенко,,4:24:29.2
115,Amateurs (МТБ та гібрид) від 18 до 34 років Чоловіки,22600,Денис Гайдак,,4:30:29.1
116,Amateurs (МТБ та гібрид) від 18 до 34 років Чоловіки,22344,Mykhailo Rushkovskyi,,4:31:01.7
117,Amateurs (МТБ та гібрид) від 18 до 34 років Чоловіки,22320,Ігор Горенко,,4:28:06.2
118,Amateurs (МТБ та гібрид) від 18 до 34 років Чоловіки,22462,Владислав Підвисоцький,,4:32:53.9
119,Amateurs (МТБ та гібрид) від 18 до 34 років Чоловіки,22538,Виталий Вознюк,,4:36:02.7
120,Amateurs (МТБ та гібрид) від 18 до 34 років Чоловіки,22263,Александр Колисниченко,,4:30:45.4
121,Amateurs (МТБ та гібрид) від 18 до 34 років Чоловіки,22283,Антон Чередниченко,,4:30:28.6
122,Amateurs (МТБ та гібрид) від 18 до 34 років Чоловіки,22665,Сергій Явтушкевич,,4:37:52.6
123,Amateurs (МТБ та гібрид) від 18 до 34 років Чоловіки,22108,Артем Федченко,,4:31:28.9
124,Amateurs (МТБ та гібрид) від 18 до 34 років Чоловіки,22272,Сергій Волошин,,4:29:36.3
125,Amateurs (МТБ та гібрид) від 18 до 34 років Чоловіки,22527,Олексій Гузенко,,4:33:08.0
126,Amateurs (МТБ та гібрид) від 18 до 34 років Чоловіки,22432,Dmitriy Isnyuk,,4:30:01.8
127,Amateurs (МТБ та гібрид) від 18 до 34 років Чоловіки,22696,Максим Ханін,,4:37:22.5
128,Amateurs (МТБ та гібрид) від 18 до 34 років Чоловіки,22749,Ігор Волинець,,4:30:56.3
129,Amateurs (МТБ та гібрид) від 18 до 34 років Чоловіки,22338,Andrew Gorbonos,,4:33:55.7
130,Amateurs (МТБ та гібрид) від 18 до 34 років Чоловіки,22087,Максим Кравець,,4:19:28.2
131,Amateurs (МТБ та гібрид) від 18 до 34 років Чоловіки,22559,Roman Pashkovsky,,4:36:18.5
132,Amateurs (МТБ та гібрид) від 18 до 34 років Чоловіки,22225,Ярослав Колосенко,,4:31:32.9
133,Amateurs (МТБ та гібрид) від 18 до 34 років Чоловіки,22376,Artem Sobolyev,,4:33:50.5
134,Amateurs (МТБ та гібрид) від 18 до 34 років Чоловіки,22262,Олександр Гурін,,4:33:38.9
135,Amateurs (МТБ та гібрид) від 18 до 34 років Чоловіки,22231,Yurii Petrenko,,4:31:29.6
136,Amateurs (МТБ та гібрид) від 18 до 34 років Чоловіки,22339,Дмитро Пєтков,,4:40:04.8
137,Amateurs (МТБ та гібрид) від 18 до 34 років Чоловіки,22354,Александр Погребнов,,4:36:30.6
138,Amateurs (МТБ та гібрид) від 18 до 34 років Чоловіки,22356,Oleg Livitskyi,,4:40:06.7
139,Amateurs (МТБ та гібрид) від 18 до 34 років Чоловіки,22428,Евгений Чухлов,,4:33:51.8
140,Amateurs (МТБ та гібрид) від 18 до 34 років Чоловіки,22489,Сергей Извеков,,4:38:15.5
141,Amateurs (МТБ та гібрид) від 18 до 34 років Чоловіки,22085,Babenko Arthur,,4:34:38.9
142,Amateurs (МТБ та гібрид) від 18 до 34 років Чоловіки,22270,Ілля Бондарчук,,4:42:21.8
143,Amateurs (МТБ та гібрид) від 18 до 34 років Чоловіки,22568,Андрей Перевознюк,,4:40:54.2
144,Amateurs (МТБ та гібрид) від 18 до 34 років Чоловіки,22718,Євген Падалка,,4:39:54.0
145,Amateurs (МТБ та гібрид) від 18 до 34 років Чоловіки,22375,Ігор Вигівський,,4:34:36.0
146,Amateurs (МТБ та гібрид) від 18 до 34 років Чоловіки,22560,Константин Екимов,,4:42:40.3
147,Amateurs (МТБ та гібрид) від 18 до 34 років Чоловіки,22296,Sergii Rodin,,4:39:54.8
148,Amateurs (МТБ та гібрид) від 18 до 34 років Чоловіки,22250,Денис Гичкин,,4:37:55.7
149,Amateurs (МТБ та гібрид) від 18 до 34 років Чоловіки,22383,Serhii Svirchuk,,4:42:56.3
150,Amateurs (МТБ та гібрид) від 18 до 34 років Чоловіки,22776,Богдан Верозуб,,4:37:59.6
151,Amateurs (МТБ та гібрид) від 18 до 34 років Чоловіки,22141,Євген Логущенко,,4:44:05.8
152,Amateurs (МТБ та гібрид) від 18 до 34 років Чоловіки,22079,Олександр Ващенко,,4:42:13.9
153,Amateurs (МТБ та гібрид) від 18 до 34 років Чоловіки,22373,Андрій Горбанський,,4:37:06.1
154,Amateurs (МТБ та гібрид) від 18 до 34 років Чоловіки,22457,Александр Поворознюк,,4:36:21.6
155,Amateurs (МТБ та гібрид) від 18 до 34 років Чоловіки,22710,Ярослав Заєць,,4:47:48.5
156,Amateurs (МТБ та гібрид) від 18 до 34 років Чоловіки,22390,Олексій Шиляєв,,4:43:19.9
157,Amateurs (МТБ та гібрид) від 18 до 34 років Чоловіки,22520,Vitality Rusavskiy,,4:40:15.7
158,Amateurs (МТБ та гібрид) від 18 до 34 років Чоловіки,22235,Andrey Kopyl,,4:38:16.7
159,Amateurs (МТБ та гібрид) від 18 до 34 років Чоловіки,22293,Евгений Лазоренко,,4:39:23.7
160,Amateurs (МТБ та гібрид) від 18 до 34 років Чоловіки,22482,Alex Petrovsky,,4:45:48.3
161,Amateurs (МТБ та гібрид) від 18 до 34 років Чоловіки,22389,Іван Блінов,,4:36:51.5
162,Amateurs (МТБ та гібрид) від 18 до 34 років Чоловіки,22558,Artem Sorokin,,4:46:49.7
163,Amateurs (МТБ та гібрид) від 18 до 34 років Чоловіки,22049,Ігор Власенко,,4:46:49.8
164,Amateurs (МТБ та гібрид) від 18 до 34 років Чоловіки,22042,Леонід Березницький,,4:50:53.6
165,Amateurs (МТБ та гібрид) від 18 до 34 років Чоловіки,22610,Дмитро Хомутенко,,4:45:24.3
166,Amateurs (МТБ та гібрид) від 18 до 34 років Чоловіки,22635,Ігор Кіпров,,4:51:26.5
167,Amateurs (МТБ та гібрид) від 18 до 34 років Чоловіки,22054,Микита Сергієнко,,4:46:57.3
168,Amateurs (МТБ та гібрид) від 18 до 34 років Чоловіки,22569,Олександр Григорчук,,4:44:34.7
169,Amateurs (МТБ та гібрид) від 18 до 34 років Чоловіки,22127,Александр Костырев,,4:43:31.8
170,Amateurs (МТБ та гібрид) від 18 до 34 років Чоловіки,22717,Федір Некрасов,,4:45:02.5
171,Amateurs (МТБ та гібрид) від 18 до 34 років Чоловіки,22388,Андрій Дейсан,,4:52:37.9
172,Amateurs (МТБ та гібрид) від 18 до 34 років Чоловіки,22166,Євген Пустоход,,4:45:00.7
173,Amateurs (МТБ та гібрид) від 18 до 34 років Чоловіки,22334,Александр Завгородний,,4:49:14.9
174,Amateurs (МТБ та гібрид) від 18 до 34 років Чоловіки,22247,Dmytro Petrenko,,4:45:53.2
175,Amateurs (МТБ та гібрид) від 18 до 34 років Чоловіки,22048,Андрій Васін,,4:48:00.4
176,Amateurs (МТБ та гібрид) від 18 до 34 років Чоловіки,22751,Олег Гордієнко,,4:53:41.1
177,Amateurs (МТБ та гібрид) від 18 до 34 років Чоловіки,22208,Андрій Колесник,,4:44:01.4
178,Amateurs (МТБ та гібрид) від 18 до 34 років Чоловіки,22628,Sergiy Babakin,,4:50:00.3
179,Amateurs (МТБ та гібрид) від 18 до 34 років Чоловіки,22735,Максим Пустовойт,,4:52:25.2
180,Amateurs (МТБ та гібрид) від 18 до 34 років Чоловіки,22674,Artem Makarenko,,4:55:24.8
181,Amateurs (МТБ та гібрид) від 18 до 34 років Чоловіки,22748,Артур Бойчук,,4:50:51.1
182,Amateurs (МТБ та гібрид) від 18 до 34 років Чоловіки,22297,Андрей Бовт,,4:51:17.1
183,Amateurs (МТБ та гібрид) від 18 до 34 років Чоловіки,22431,Богдан Плюшко,,4:47:35.3
184,Amateurs (МТБ та гібрид) від 18 до 34 років Чоловіки,22202,Давид Охмарк,,4:47:44.2
185,Amateurs (МТБ та гібрид) від 18 до 34 років Чоловіки,44,Грень Матвій,,4:52:33.6
186,Amateurs (МТБ та гібрид) від 18 до 34 років Чоловіки,22286,Олексій Жохов,,4:55:49.6
187,Amateurs (МТБ та гібрид) від 18 до 34 років Чоловіки,22325,Maksym Vyshkvarok,,4:55:27.0
188,Amateurs (МТБ та гібрид) від 18 до 34 років Чоловіки,22726,Захар Рижов,,4:54:56.3
189,Amateurs (МТБ та гібрид) від 18 до 34 років Чоловіки,22574,Андрей Сенько,,4:52:33.9
190,Amateurs (МТБ та гібрид) від 18 до 34 років Чоловіки,22708,Євген Воробйов,,4:56:29.6
191,Amateurs (МТБ та гібрид) від 18 до 34 років Чоловіки,22547,Михаил Молчанов,,4:53:55.5
192,Amateurs (МТБ та гібрид) від 18 до 34 років Чоловіки,22081,Антон Дорожинський,,4:52:41.0
193,Amateurs (МТБ та гібрид) від 18 до 34 років Чоловіки,22340,Вадим Ярмолаєв,,4:55:58.0
194,Amateurs (МТБ та гібрид) від 18 до 34 років Чоловіки,22630,Віталій Мацелюх,,4:56:12.1
195,Amateurs (МТБ та гібрид) від 18 до 34 років Чоловіки,22415,Олександр Овсянніков,,4:50:43.9
196,Amateurs (МТБ та гібрид) від 18 до 34 років Чоловіки,22436,Олександр Соловей,,4:55:07.2
197,Amateurs (МТБ та гібрид) від 18 до 34 років Чоловіки,22172,Олександр Гречко,,4:55:33.5
198,Amateurs (МТБ та гібрид) від 18 до 34 років Чоловіки,22001,Юрий Оноприенко,,4:54:57.4
199,Amateurs (МТБ та гібрид) від 18 до 34 років Чоловіки,22624,Ігор Осадчий,,4:54:22.1
200,Amateurs (МТБ та гібрид) від 18 до 34 років Чоловіки,22124,Антон Дядіченко,,4:54:43.4
201,Amateurs (МТБ та гібрид) від 18 до 34 років Чоловіки,22160,Валентин Венедіктов,,4:50:31.2
202,Amateurs (МТБ та гібрид) від 18 до 34 років Чоловіки,22549,Иван Левый,,4:57:00.8
203,Amateurs (МТБ та гібрид) від 18 до 34 років Чоловіки,22171,Антон Гончарук,,4:57:06.2
204,Amateurs (МТБ та гібрид) від 18 до 34 років Чоловіки,22112,Andriy Zagorulko,,4:57:15.5
205,Amateurs (МТБ та гібрид) від 18 до 34 років Чоловіки,22703,Vladimir Mirnenko,,4:55:17.4
206,Amateurs (МТБ та гібрид) від 18 до 34 років Чоловіки,22616,Андрій Нікітенко,,5:03:58.7
207,Amateurs (МТБ та гібрид) від 18 до 34 років Чоловіки,22223,Дмитро Чорний,,5:02:38.6
208,Amateurs (МТБ та гібрид) від 18 до 34 років Чоловіки,22690,Ігор Олексієнко,,4:59:33.6
209,Amateurs (МТБ та гібрид) від 18 до 34 років Чоловіки,22195,Денис Антоненко,,5:02:25.1
210,Amateurs (МТБ та гібрид) від 18 до 34 років Чоловіки,22070,Дмитро Корнієнко,,4:59:03.6
211,Amateurs (МТБ та гібрид) від 18 до 34 років Чоловіки,22017,Георгій Шварцман,,5:02:14.9
212,Amateurs (МТБ та гібрид) від 18 до 34 років Чоловіки,22468,Юрій Морозов,,5:06:46.1
213,Amateurs (МТБ та гібрид) від 18 до 34 років Чоловіки,22318,Антон Никитин,,5:01:17.6
214,Amateurs (МТБ та гібрид) від 18 до 34 років Чоловіки,22524,Oleksandr Lytvyn,,5:02:37.0
215,Amateurs (МТБ та гібрид) від 18 до 34 років Чоловіки,22179,Костянтин Ніколаєв,,5:06:50.5
216,Amateurs (МТБ та гібрид) від 18 до 34 років Чоловіки,22357,Oleg Fedorenko,,4:59:51.1
217,Amateurs (МТБ та гібрид) від 18 до 34 років Чоловіки,22411,Євгеній Луцишин,,5:06:56.4
218,Amateurs (МТБ та гібрид) від 18 до 34 років Чоловіки,22287,Валентин Розумнюк,,5:01:25.2
219,Amateurs (МТБ та гібрид) від 18 до 34 років Чоловіки,22668,Андрей Грановский,,5:01:10.5
220,Amateurs (МТБ та гібрид) від 18 до 34 років Чоловіки,22552,Михайло Сізов,,5:07:44.3
221,Amateurs (МТБ та гібрид) від 18 до 34 років Чоловіки,22255,Владимир Силантьев,,5:04:56.5
222,Amateurs (МТБ та гібрид) від 18 до 34 років Чоловіки,22671,Максим Яровий,,5:02:43.5
223,Amateurs (МТБ та гібрид) від 18 до 34 років Чоловіки,22563,Костянтин Залізко,,5:04:03.8
224,Amateurs (МТБ та гібрид) від 18 до 34 років Чоловіки,22602,Віталій Піунов,,5:09:55.5
225,Amateurs (МТБ та гібрид) від 18 до 34 років Чоловіки,22603,Сергій Піунов,,5:10:51.2
226,Amateurs (МТБ та гібрид) від 18 до 34 років Чоловіки,22185,Грицюк Тарас,,5:11:34.4
227,Amateurs (МТБ та гібрид) від 18 до 34 років Чоловіки,22316,Андрій Гмиря,,5:08:04.1
228,Amateurs (МТБ та гібрид) від 18 до 34 років Чоловіки,22634,Федір Пономаренко,,5:09:57.5
229,Amateurs (МТБ та гібрид) від 18 до 34 років Чоловіки,22711,Дмитро Журавель,,5:12:59.3
230,Amateurs (МТБ та гібрид) від 18 до 34 років Чоловіки,22682,Євген Клименчук,,5:14:05.3
231,Amateurs (МТБ та гібрид) від 18 до 34 років Чоловіки,22371,Serhii Rokytko,,5:11:56.7
232,Amateurs (МТБ та гібрид) від 18 до 34 років Чоловіки,22769,Євгеній Василенко,,5:08:15.2
233,Amateurs (МТБ та гібрид) від 18 до 34 років Чоловіки,22315,Олександр Юров,,5:09:09.6
234,Amateurs (МТБ та гібрид) від 18 до 34 років Чоловіки,22276,Денис Рибкін,,5:11:26.1
235,Amateurs (МТБ та гібрид) від 18 до 34 років Чоловіки,22608,Олександр Закоморний,,5:10:41.5
236,Amateurs (МТБ та гібрид) від 18 до 34 років Чоловіки,22595,Алексей Руднев,,5:09:27.0
237,Amateurs (МТБ та гібрид) від 18 до 34 років Чоловіки,22445,Олексій Філімонов,,5:14:53.0
238,Amateurs (МТБ та гібрид) від 18 до 34 років Чоловіки,22382,Dmytro Doroshenko,,5:11:14.7
239,Amateurs (МТБ та гібрид) від 18 до 34 років Чоловіки,22533,Yaroslav Mikhnevich,,5:13:31.6
240,Amateurs (МТБ та гібрид) від 18 до 34 років Чоловіки,21003,Андрій Горєлов,,5:16:24.9
241,Amateurs (МТБ та гібрид) від 18 до 34 років Чоловіки,22590,Yuriy Pohranychnyy,,5:11:35.6
242,Amateurs (МТБ та гібрид) від 18 до 34 років Чоловіки,22111,Дмитро Свинаренко,,5:17:54.8
243,Amateurs (МТБ та гібрид) від 18 до 34 років Чоловіки,22739,Руслан Харів,,5:17:16.5
244,Amateurs (МТБ та гібрид) від 18 до 34 років Чоловіки,22598,Андрій Іванів,,5:14:49.9
245,Amateurs (МТБ та гібрид) від 18 до 34 років Чоловіки,22720,Артем Облетов,,5:16:40.9
246,Amateurs (МТБ та гібрид) від 18 до 34 років Чоловіки,22758,Михайло Тяглий,,5:15:40.2
247,Amateurs (МТБ та гібрид) від 18 до 34 років Чоловіки,22046,Олександр Коваленко,,5:18:53.9
248,Amateurs (МТБ та гібрид) від 18 до 34 років Чоловіки,22418,Oleh Sychevskyi,,5:17:42.4
249,Amateurs (МТБ та гібрид) від 18 до 34 років Чоловіки,22077,В’ячеслав Северин,,5:18:27.4
250,Amateurs (МТБ та гібрид) від 18 до 34 років Чоловіки,22702,Ігор Гілей,,5:22:08.7
251,Amateurs (МТБ та гібрид) від 18 до 34 років Чоловіки,22692,Артём Тарасенко,,5:22:08.0
252,Amateurs (МТБ та гібрид) від 18 до 34 років Чоловіки,22585,Петро Бочуля,,5:21:29.5
253,Amateurs (МТБ та гібрид) від 18 до 34 років Чоловіки,22120,Володимир Росіцький,,5:24:56.0
254,Amateurs (МТБ та гібрид) від 18 до 34 років Чоловіки,22341,Владислав Редько,,5:28:04.1
255,Amateurs (МТБ та гібрид) від 18 до 34 років Чоловіки,22145,Юрий Пендюр,,5:19:49.8
256,Amateurs (МТБ та гібрид) від 18 до 34 років Чоловіки,22226,Ярослав Щекланов,,5:20:34.1
257,Amateurs (МТБ та гібрид) від 18 до 34 років Чоловіки,22578,Євгеній Ходаківський,,5:28:44.6
258,Amateurs (МТБ та гібрид) від 18 до 34 років Чоловіки,22734,Евгений Нестеренко,,5:27:50.3
259,Amateurs (МТБ та гібрид) від 18 до 34 років Чоловіки,22781,Егор Соболевский,,5:27:09.8
260,Amateurs (МТБ та гібрид) від 18 до 34 років Чоловіки,22636,Олександр Джугастранський,,5:24:36.9
261,Amateurs (МТБ та гібрид) від 18 до 34 років Чоловіки,22542,Виктор Нечипорук,,5:30:23.5
262,Amateurs (МТБ та гібрид) від 18 до 34 років Чоловіки,22236,Дмитро Любушин,,5:28:43.5
263,Amateurs (МТБ та гібрид) від 18 до 34 років Чоловіки,22474,Владимир Зибин,,5:31:51.1
264,Amateurs (МТБ та гібрид) від 18 до 34 років Чоловіки,22300,Костянтин Трифонов,,5:28:30.6
265,Amateurs (МТБ та гібрид) від 18 до 34 років Чоловіки,22507,Андрій Дьомін,,5:35:27.4
266,Amateurs (МТБ та гібрид) від 18 до 34 років Чоловіки,22132,Дмитро Лебедко,,5:35:27.7
267,Amateurs (МТБ та гібрид) від 18 до 34 років Чоловіки,22363,Олександр Самар,,5:40:02.6
268,Amateurs (МТБ та гібрид) від 18 до 34 років Чоловіки,22729,Олександр Гусак,,5:38:33.0
269,Amateurs (МТБ та гібрид) від 18 до 34 років Чоловіки,22123,Сергій Сенчук,,5:39:07.4
270,Amateurs (МТБ та гібрид) від 18 до 34 років Чоловіки,22745,Владимир Артемчук,,5:36:46.9
271,Amateurs (МТБ та гібрид) від 18 до 34 років Чоловіки,22372,Danylo Golota,,5:37:55.0
272,Amateurs (МТБ та гібрид) від 18 до 34 років Чоловіки,22366,Сергій Пустовіт,,5:43:03.7
273,Amateurs (МТБ та гібрид) від 18 до 34 років Чоловіки,22685,Роман Головко,,5:41:08.9
274,Amateurs (МТБ та гібрид) від 18 до 34 років Чоловіки,22553,Роман Ковалев,,5:39:22.3
275,Amateurs (МТБ та гібрид) від 18 до 34 років Чоловіки,22669,Андрій Кунигін,,5:43:14.6
276,Amateurs (МТБ та гібрид) від 18 до 34 років Чоловіки,22672,Євген Кутняк,,5:43:50.1
277,Amateurs (МТБ та гібрид) від 18 до 34 років Чоловіки,22785,Роман Руденко,,5:42:50.7
278,Amateurs (МТБ та гібрид) від 18 до 34 років Чоловіки,22274,Антон Кхондокер,,5:45:20.7
279,Amateurs (МТБ та гібрид) від 18 до 34 років Чоловіки,22416,Евгений Бойченко,,5:44:41.6
280,Amateurs (МТБ та гібрид) від 18 до 34 років Чоловіки,22209,Oleksii Litvinov,,5:39:58.5
281,Amateurs (МТБ та гібрид) від 18 до 34 років Чоловіки,22067,Ivan Golovlov,,5:38:41.2
282,Amateurs (МТБ та гібрид) від 18 до 34 років Чоловіки,22427,Сергій Домаранський,,5:40:35.8
283,Amateurs (МТБ та гібрид) від 18 до 34 років Чоловіки,22626,Максим Конончук,,5:41:02.0
284,Amateurs (МТБ та гібрид) від 18 до 34 років Чоловіки,22336,Bohdan Tkachuk,,5:46:42.5
285,Amateurs (МТБ та гібрид) від 18 до 34 років Чоловіки,22143,Костянтин Троценко,,5:47:16.5
286,Amateurs (МТБ та гібрид) від 18 до 34 років Чоловіки,22417,Антон Мускеєв,,5:45:20.1
287,Amateurs (МТБ та гібрид) від 18 до 34 років Чоловіки,22697,Сергій Головко,,5:41:50.4
288,Amateurs (МТБ та гібрид) від 18 до 34 років Чоловіки,22631,Виктор Витошко,,5:51:43.3
289,Amateurs (МТБ та гібрид) від 18 до 34 років Чоловіки,22588,Денис Бабаджанов,,5:47:11.8
290,Amateurs (МТБ та гібрид) від 18 до 34 років Чоловіки,22301,Igor Rudenko,,5:47:27.7
291,Amateurs (МТБ та гібрид) від 18 до 34 років Чоловіки,22615,Anton Poltavets,,5:45:17.1
292,Amateurs (МТБ та гібрид) від 18 до 34 років Чоловіки,22259,Игорь Щукин,,5:51:40.2
293,Amateurs (МТБ та гібрид) від 18 до 34 років Чоловіки,22452,Артем Мудрак,,5:52:36.6
294,Amateurs (МТБ та гібрид) від 18 до 34 років Чоловіки,22637,Олександр Кузнецов,,5:45:58.2
295,Amateurs (МТБ та гібрид) від 18 до 34 років Чоловіки,22072,Юрій Крижановський,,5:50:20.7
296,Amateurs (МТБ та гібрид) від 18 до 34 років Чоловіки,22164,Serge Mikhno,,5:55:14.0
297,Amateurs (МТБ та гібрид) від 18 до 34 років Чоловіки,22700,Тарас Прудіус,,5:51:48.9
298,Amateurs (МТБ та гібрид) від 18 до 34 років Чоловіки,22512,Илья Бондарь,,5:55:26.5
299,Amateurs (МТБ та гібрид) від 18 до 34 років Чоловіки,22673,Віталій Лисенко,,5:55:25.9
300,Amateurs (МТБ та гібрид) від 18 до 34 років Чоловіки,22643,Олег Довгалюк,,5:59:54.7
301,Amateurs (МТБ та гібрид) від 18 до 34 років Чоловіки,22239,Oleksandr Petrenko,,5:52:17.0
302,Amateurs (МТБ та гібрид) від 18 до 34 років Чоловіки,22545,Александр Кононенко,,5:59:46.1
303,Amateurs (МТБ та гібрид) від 18 до 34 років Чоловіки,22066,Олександр Горкуша,,5:57:11.9
304,Amateurs (МТБ та гібрид) від 18 до 34 років Чоловіки,22420,Іван Піднебесний,,5:55:58.6
305,Amateurs (МТБ та гібрид) від 18 до 34 років Чоловіки,22613,petro kupriiets,,6:00:37.5
306,Amateurs (МТБ та гібрид) від 18 до 34 років Чоловіки,22309,Артем Гладков,,6:02:41.4
307,Amateurs (МТБ та гібрид) від 18 до 34 років Чоловіки,22385,Богдан Наумець,,6:07:44.4
308,Amateurs (МТБ та гібрид) від 18 до 34 років Чоловіки,22387,Максим Коваль,,6:07:46.5
309,Amateurs (МТБ та гібрид) від 18 до 34 років Чоловіки,22361,Андрій Горобець,,6:08:10.6
310,Amateurs (МТБ та гібрид) від 18 до 34 років Чоловіки,22567,Олексій Постоленко,,6:11:12.4
311,Amateurs (МТБ та гібрид) від 18 до 34 років Чоловіки,22587,Артур Біляшевич,,6:12:37.8
312,Amateurs (МТБ та гібрид) від 18 до 34 років Чоловіки,22548,Артем Бельский,,6:08:52.5
313,Amateurs (МТБ та гібрид) від 18 до 34 років Чоловіки,22654,Олександр Новак,,6:13:31.6
314,Amateurs (МТБ та гібрид) від 18 до 34 років Чоловіки,13,Роман Паламарчук,,6:17:12.9
315,Amateurs (МТБ та гібрид) від 18 до 34 років Чоловіки,22678,Денис Соболь,,6:17:12.6
316,Amateurs (МТБ та гібрид) від 18 до 34 років Чоловіки,22688,Михайло Шелемба,,6:17:10.6
317,Amateurs (МТБ та гібрид) від 18 до 34 років Чоловіки,22683,Андрій Бандурист,,6:17:11.7
318,Amateurs (МТБ та гібрид) від 18 до 34 років Чоловіки,22529,Микола Коноваленко,,6:14:28.7
319,Amateurs (МТБ та гібрид) від 18 до 34 років Чоловіки,22014,Igor Sytniuk,,6:20:34.4
320,Amateurs (МТБ та гібрид) від 18 до 34 років Чоловіки,22693,Олександр Котусенко,,6:18:25.1
321,Amateurs (МТБ та гібрид) від 18 до 34 років Чоловіки,22607,Дмитро Лобач,,6:18:53.6
322,Amateurs (МТБ та гібрид) від 18 до 34 років Чоловіки,22267,Artem Bibik,,6:18:53.9
323,Amateurs (МТБ та гібрид) від 18 до 34 років Чоловіки,22100,Dmytro Shumygora,,6:17:03.7
324,Amateurs (МТБ та гібрид) від 18 до 34 років Чоловіки,22294,Тарас Каліщук,,6:17:15.1
325,Amateurs (МТБ та гібрид) від 18 до 34 років Чоловіки,22502,Максим Мартынюк,,6:23:26.9
326,Amateurs (МТБ та гібрид) від 18 до 34 років Чоловіки,22737,Дмитро Здзитовецкий,,6:21:54.2
327,Amateurs (МТБ та гібрид) від 18 до 34 років Чоловіки,22061,Сергій Яремчук,,6:21:10.8
328,Amateurs (МТБ та гібрид) від 18 до 34 років Чоловіки,22478,Oleksandr Besedin,,6:25:38.7
329,Amateurs (МТБ та гібрид) від 18 до 34 років Чоловіки,22252,Іван Ляшенко,,6:25:55.0
330,Amateurs (МТБ та гібрид) від 18 до 34 років Чоловіки,22410,Євген Москаленко,,6:21:58.7
331,Amateurs (МТБ та гібрид) від 18 до 34 років Чоловіки,22096,Volodymyr Glushkov,,6:23:35.4
332,Amateurs (МТБ та гібрид) від 18 до 34 років Чоловіки,22639,Михайло Луцький,,6:23:12.6
333,Amateurs (МТБ та гібрид) від 18 до 34 років Чоловіки,22753,Олександр Катренко,,6:26:33.0
334,Amateurs (МТБ та гібрид) від 18 до 34 років Чоловіки,22035,Yurii Skliar,,6:30:59.9
335,Amateurs (МТБ та гібрид) від 18 до 34 років Чоловіки,22786,Руслан Іванів,,6:34:20.0
336,Amateurs (МТБ та гібрид) від 18 до 34 років Чоловіки,22158,Yuriy Didyk,,6:34:07.5
337,Amateurs (МТБ та гібрид) від 18 до 34 років Чоловіки,22650,Дмитро Кононенко,,6:34:24.8
338,Amateurs (МТБ та гібрид) від 18 до 34 років Чоловіки,22438,Володимир Притула,,6:33:09.4
339,Amateurs (МТБ та гібрид) від 18 до 34 років Чоловіки,22220,Valerii Bieloienko,,6:30:30.7
340,Amateurs (МТБ та гібрид) від 18 до 34 років Чоловіки,22458,Віталій Бесєдін,,6:38:28.6
341,Amateurs (МТБ та гібрид) від 18 до 34 років Чоловіки,22513,Александр Клиндухов,,6:35:42.2
342,Amateurs (МТБ та гібрид) від 18 до 34 років Чоловіки,22187,Тимофей Мусиенко,,6:41:44.8
343,Amateurs (МТБ та гібрид) від 18 до 34 років Чоловіки,22754,Андрій Головко,,6:41:15.8
344,Amateurs (МТБ та гібрид) від 18 до 34 років Чоловіки,22419,Сагот Будник,,6:41:55.7
345,Amateurs (МТБ та гібрид) від 18 до 34 років Чоловіки,22765,Микола Трохимович,,6:43:15.5
346,Amateurs (МТБ та гібрид) від 18 до 34 років Чоловіки,22658,Олександр Андрющенко,,6:39:17.9
347,Amateurs (МТБ та гібрид) від 18 до 34 років Чоловіки,22503,Валерій Писаний,,6:45:30.1
348,Amateurs (МТБ та гібрид) від 18 до 34 років Чоловіки,22003,Сергій Пеньковський,,
349,Amateurs (МТБ та гібрид) від 18 до 34 років Чоловіки,22047,Владислав Штефан,,
350,Amateurs (МТБ та гібрид) від 18 до 34 років Чоловіки,22146,Yaroslav Ivasyuk,,
351,Amateurs (МТБ та гібрид) від 18 до 34 років Чоловіки,22165,Joris Hoogerdijk,,
352,Amateurs (МТБ та гібрид) від 18 до 34 років Чоловіки,22189,Євген Никитенко,,
353,Amateurs (МТБ та гібрид) від 18 до 34 років Чоловіки,22203,Vova Kalischuk,,
354,Amateurs (МТБ та гібрид) від 18 до 34 років Чоловіки,22213,Дмитрий Белов,,
355,Amateurs (МТБ та гібрид) від 18 до 34 років Чоловіки,22214,Микола Гладков,,
356,Amateurs (МТБ та гібрид) від 18 до 34 років Чоловіки,22219,Костянтин Крупський,,
357,Amateurs (МТБ та гібрид) від 18 до 34 років Чоловіки,22222,Аліна Степашова,,
358,Amateurs (МТБ та гібрид) від 18 до 34 років Чоловіки,22224,Олексій Колесник,,
359,Amateurs (МТБ та гібрид) від 18 до 34 років Чоловіки,22246,Денис Ковальчук,,
360,Amateurs (МТБ та гібрид) від 18 до 34 років Чоловіки,22253,Сергій Горліченко,,
361,Amateurs (МТБ та гібрид) від 18 до 34 років Чоловіки,22256,Alexey Skorikov,,
362,Amateurs (МТБ та гібрид) від 18 до 34 років Чоловіки,22277,Вадим Реута,,
363,Amateurs (МТБ та гібрид) від 18 до 34 років Чоловіки,22279,Oleksandr Kononenko,,
364,Amateurs (МТБ та гібрид) від 18 до 34 років Чоловіки,22327,Владислав Величко,,
365,Amateurs (МТБ та гібрид) від 18 до 34 років Чоловіки,22329,Володимир Юрійович,,
366,Amateurs (МТБ та гібрид) від 18 до 34 років Чоловіки,22333,Олександр Помаз,,
367,Amateurs (МТБ та гібрид) від 18 до 34 років Чоловіки,22337,Павел Кицаев,,
368,Amateurs (МТБ та гібрид) від 18 до 34 років Чоловіки,22360,Юрко Ничик,,
369,Amateurs (МТБ та гібрид) від 18 до 34 років Чоловіки,22374,Михаил Струк,,
370,Amateurs (МТБ та гібрид) від 18 до 34 років Чоловіки,22380,Віктор Кроліковський,,
371,Amateurs (МТБ та гібрид) від 18 до 34 років Чоловіки,22381,Іван Мамітько,,
372,Amateurs (МТБ та гібрид) від 18 до 34 років Чоловіки,22392,Юрій Червінський,,
373,Amateurs (МТБ та гібрид) від 18 до 34 років Чоловіки,22395,Даниель Камінський,,
374,Amateurs (МТБ та гібрид) від 18 до 34 років Чоловіки,22403,Юрій Зозуля,,
375,Amateurs (МТБ та гібрид) від 18 до 34 років Чоловіки,22407,Ilya Mirgorodchenko,,
376,Amateurs (МТБ та гібрид) від 18 до 34 років Чоловіки,22414,Юрій Сліпак,,
377,Amateurs (МТБ та гібрид) від 18 до 34 років Чоловіки,22425,Александр Бобров,,
378,Amateurs (МТБ та гібрид) від 18 до 34 років Чоловіки,22435,Алексей Устименко,,
379,Amateurs (МТБ та гібрид) від 18 до 34 років Чоловіки,22437,Олександр Манько,,
380,Amateurs (МТБ та гібрид) від 18 до 34 років Чоловіки,22440,Грень Матвій,,
381,Amateurs (МТБ та гібрид) від 18 до 34 років Чоловіки,22442,Артем Полунін,,
382,Amateurs (МТБ та гібрид) від 18 до 34 років Чоловіки,22511,Дмитрий Матюшин,,
383,Amateurs (МТБ та гібрид) від 18 до 34 років Чоловіки,22525,Артем Титаренко,,
384,Amateurs (МТБ та гібрид) від 18 до 34 років Чоловіки,22534,Ivan Hontarenko,,
385,Amateurs (МТБ та гібрид) від 18 до 34 років Чоловіки,22546,Богдан Марченко,,
386,Amateurs (МТБ та гібрид) від 18 до 34 років Чоловіки,22555,Константин Конев,,
387,Amateurs (МТБ та гібрид) від 18 до 34 років Чоловіки,22575,Володимир Царенко,,
388,Amateurs (МТБ та гібрид) від 18 до 34 років Чоловіки,22586,Денис Могилей,,
389,Amateurs (МТБ та гібрид) від 18 до 34 років Чоловіки,22589,Сергей Фомичёв,,
390,Amateurs (МТБ та гібрид) від 18 до 34 років Чоловіки,22591,Олег Кириченко,,
391,Amateurs (МТБ та гібрид) від 18 до 34 років Чоловіки,22621,Ігор Водолажський,,
392,Amateurs (МТБ та гібрид) від 18 до 34 років Чоловіки,22655,Андрій Бобошко,,
393,Amateurs (МТБ та гібрид) від 18 до 34 років Чоловіки,22662,Сергій Лукашенко,,
394,Amateurs (МТБ та гібрид) від 18 до 34 років Чоловіки,22698,Олександр Чуков,,
395,Amateurs (МТБ та гібрид) від 18 до 34 років Чоловіки,22699,Роман Ільницький,,
396,Amateurs (МТБ та гібрид) від 18 до 34 років Чоловіки,22709,Nikita Tarasenko,,
397,Amateurs (МТБ та гібрид) від 18 до 34 років Чоловіки,22715,Степан Распутний,,
398,Amateurs (МТБ та гібрид) від 18 до 34 років Чоловіки,22719,Serhiy Herts,,
399,Amateurs (МТБ та гібрид) від 18 до 34 років Чоловіки,22725,Dmytro Bobyrev,,
400,Amateurs (МТБ та гібрид) від 18 до 34 років Чоловіки,22764,Ігор Бояршин,,
401,Amateurs (МТБ та гібрид) від 18 до 34 років Чоловіки,22766,Андрій Одрина,,
402,Amateurs (МТБ та гібрид) від 18 до 34 років Чоловіки,22768,Олександр Шевченко,,
403,Amateurs (МТБ та гібрид) від 18 до 34 років Чоловіки,16,Костянтин Дзедзюль,,
1,Amateurs (МТБ та гібрид) від 35 до 39 років Чоловіки,22161,Олександр Заславський,,3:20:26.4
2,Amateurs (МТБ та гібрид) від 35 до 39 років Чоловіки,22106,Vitor Sulyma,,3:25:40.0
3,Amateurs (МТБ та гібрид) від 35 до 39 років Чоловіки,22059,Олег Верцимак,,3:34:56.2
4,Amateurs (МТБ та гібрид) від 35 до 39 років Чоловіки,22280,Evgenii Rymarenko,,3:34:56.0
5,Amateurs (МТБ та гібрид) від 35 до 39 років Чоловіки,22675,Oleksiy Sokolov,,3:42:38.9
6,Amateurs (МТБ та гібрид) від 35 до 39 років Чоловіки,22142,Ярослав Ягодинець,,3:40:41.8
7,Amateurs (МТБ та гібрид) від 35 до 39 років Чоловіки,22645,Олег Гринюк,,3:42:10.4
8,Amateurs (МТБ та гібрид) від 35 до 39 років Чоловіки,22508,Олександр Неволько,,3:40:39.6
9,Amateurs (МТБ та гібрид) від 35 до 39 років Чоловіки,22470,Олександр Лісогорський,,3:44:52.6
10,Amateurs (МТБ та гібрид) від 35 до 39 років Чоловіки,22192,Олексій Стьопічев,,3:47:21.6
11,Amateurs (МТБ та гібрид) від 35 до 39 років Чоловіки,22660,Артем Авраменко,,3:54:31.5
12,Amateurs (МТБ та гібрид) від 35 до 39 років Чоловіки,22269,Юрій Дробот,,3:58:07.1
13,Amateurs (МТБ та гібрид) від 35 до 39 років Чоловіки,22453,Алексей Миронов,,3:59:19.0
14,Amateurs (МТБ та гібрид) від 35 до 39 років Чоловіки,22025,Александр Пономаренко,,4:01:45.9
15,Amateurs (МТБ та гібрид) від 35 до 39 років Чоловіки,22050,Дмитро Артьомов,,4:06:24.7
16,Amateurs (МТБ та гібрид) від 35 до 39 років Чоловіки,22154,Stanislav Podkopay,,4:10:51.1
17,Amateurs (МТБ та гібрид) від 35 до 39 років Чоловіки,22075,Сeргій Панчeнко,,4:06:25.2
18,Amateurs (МТБ та гібрид) від 35 до 39 років Чоловіки,22421,Andrii Patrakhov,,4:06:25.7
19,Amateurs (МТБ та гібрид) від 35 до 39 років Чоловіки,22378,Олександр Корнієнко,,4:06:24.6
20,Amateurs (МТБ та гібрид) від 35 до 39 років Чоловіки,22599,Тарас Березовський,,4:02:53.2
21,Amateurs (МТБ та гібрид) від 35 до 39 років Чоловіки,22308,Oleksii Artiushenko,,4:08:49.1
22,Amateurs (МТБ та гібрид) від 35 до 39 років Чоловіки,22034,Андрій Назаренко,,4:02:51.4
23,Amateurs (МТБ та гібрид) від 35 до 39 років Чоловіки,22180,Вадим Кудрик,,4:05:48.6
24,Amateurs (МТБ та гібрид) від 35 до 39 років Чоловіки,22612,Максим Лукінюк,,4:11:02.8
25,Amateurs (МТБ та гібрид) від 35 до 39 років Чоловіки,22444,Александр Степаница,,4:07:33.0
26,Amateurs (МТБ та гібрид) від 35 до 39 років Чоловіки,22083,Юрий Поляновский,,4:14:47.9
27,Amateurs (МТБ та гібрид) від 35 до 39 років Чоловіки,22347,Олександр Кириченко,,4:13:14.6
28,Amateurs (МТБ та гібрид) від 35 до 39 років Чоловіки,22528,Олександр Чурилович,,4:16:59.7
29,Amateurs (МТБ та гібрид) від 35 до 39 років Чоловіки,22704,Руслан Ходзіцький,,4:13:14.4
30,Amateurs (МТБ та гібрид) від 35 до 39 років Чоловіки,22362,Віталій Фесенко,,4:22:06.0
31,Amateurs (МТБ та гібрид) від 35 до 39 років Чоловіки,22292,Roman Dyvnych,,4:20:29.3
32,Amateurs (МТБ та гібрид) від 35 до 39 років Чоловіки,22543,Руслан Кухар,,4:21:37.8
33,Amateurs (МТБ та гібрид) від 35 до 39 років Чоловіки,22324,Андрей Шумарин,,4:21:35.7
34,Amateurs (МТБ та гібрид) від 35 до 39 років Чоловіки,22473,Іван Вербіцький,,4:21:37.1
35,Amateurs (МТБ та гібрид) від 35 до 39 років Чоловіки,22216,Віктор Войтенко,,4:22:42.2
36,Amateurs (МТБ та гібрид) від 35 до 39 років Чоловіки,22583,Павло Пасічник,,4:22:45.1
37,Amateurs (МТБ та гібрид) від 35 до 39 років Чоловіки,22332,Шевчук Олексій,,4:21:36.0
38,Amateurs (МТБ та гібрид) від 35 до 39 років Чоловіки,22288,Andriy Martian,,4:28:21.7
39,Amateurs (МТБ та гібрид) від 35 до 39 років Чоловіки,22076,Maksym Feshchenko,,4:26:08.2
40,Amateurs (МТБ та гібрид) від 35 до 39 років Чоловіки,22539,Игорь Мочалов,,4:31:43.2
41,Amateurs (МТБ та гібрид) від 35 до 39 років Чоловіки,22326,Dmytro Peunkov,,4:24:33.1
42,Amateurs (МТБ та гібрид) від 35 до 39 років Чоловіки,22140,Володимир Савченко,,4:24:44.6
43,Amateurs (МТБ та гібрид) від 35 до 39 років Чоловіки,22724,Nikolay Butiugin,,4:23:41.2
44,Amateurs (МТБ та гібрид) від 35 до 39 років Чоловіки,22541,Виталий Маковий,,4:30:43.3
45,Amateurs (МТБ та гібрид) від 35 до 39 років Чоловіки,22433,Максим Романов,,4:33:53.0
46,Amateurs (МТБ та гібрид) від 35 до 39 років Чоловіки,22579,Олег Стародумов,,4:30:46.1
47,Amateurs (МТБ та гібрид) від 35 до 39 років Чоловіки,22701,Віталій Петрашевський,,4:38:06.1
48,Amateurs (МТБ та гібрид) від 35 до 39 років Чоловіки,22394,Олександр Хомяков,,4:36:07.1
49,Amateurs (МТБ та гібрид) від 35 до 39 років Чоловіки,22475,Taras Krazhenko,,4:33:33.2
50,Amateurs (МТБ та гібрид) від 35 до 39 років Чоловіки,22022,Petro Shamborovskyy,,4:39:06.6
51,Amateurs (МТБ та гібрид) від 35 до 39 років Чоловіки,22540,Юрий Зубрицкий,,4:44:30.5
52,Amateurs (МТБ та гібрид) від 35 до 39 років Чоловіки,22684,Андрій Рибальченко,,4:43:04.2
53,Amateurs (МТБ та гібрид) від 35 до 39 років Чоловіки,22762,Антон Бухал,,4:36:41.5
54,Amateurs (МТБ та гібрид) від 35 до 39 років Чоловіки,22426,Олександр Тимченко,,4:42:53.2
55,Amateurs (МТБ та гібрид) від 35 до 39 років Чоловіки,22306,Олексій Корніенко,,4:45:05.5
56,Amateurs (МТБ та гібрид) від 35 до 39 років Чоловіки,22181,Віталій Васильченко,,4:42:39.1
57,Amateurs (МТБ та гібрид) від 35 до 39 років Чоловіки,22597,Олександр Карпій,,4:45:01.1
58,Amateurs (МТБ та гібрид) від 35 до 39 років Чоловіки,22345,Антон Башловка,,4:48:14.4
59,Amateurs (МТБ та гібрид) від 35 до 39 років Чоловіки,22355,Олег Сивуха,,4:44:33.5
60,Amateurs (МТБ та гібрид) від 35 до 39 років Чоловіки,22448,Роман Ковальчук,,4:52:17.9
61,Amateurs (МТБ та гібрид) від 35 до 39 років Чоловіки,22716,Костянтин Макаров,,4:45:53.3
62,Amateurs (МТБ та гібрид) від 35 до 39 років Чоловіки,22190,Денис Мостовлюк,,4:52:39.7
63,Amateurs (МТБ та гібрид) від 35 до 39 років Чоловіки,22302,Ігор Лотоцький,,4:49:28.2
64,Amateurs (МТБ та гібрид) від 35 до 39 років Чоловіки,22747,Денис Дядин,,4:49:46.1
65,Amateurs (МТБ та гібрид) від 35 до 39 років Чоловіки,22291,Pavlo Kononov,,4:49:28.5
66,Amateurs (МТБ та гібрид) від 35 до 39 років Чоловіки,22016,Максим Потетнєв,,4:45:53.6
67,Amateurs (МТБ та гібрид) від 35 до 39 років Чоловіки,22580,Дмитрий Белецкий,,4:46:45.2
68,Amateurs (МТБ та гібрид) від 35 до 39 років Чоловіки,22619,Іван Яцута,,4:56:07.6
69,Amateurs (МТБ та гібрид) від 35 до 39 років Чоловіки,22238,Volodymyr Shuman,,4:46:38.2
70,Amateurs (МТБ та гібрид) від 35 до 39 років Чоловіки,22755,Андрій Лавренко,,4:53:03.2
71,Amateurs (МТБ та гібрид) від 35 до 39 років Чоловіки,22278,Андрій Дяконенко,,4:53:45.9
72,Amateurs (МТБ та гібрид) від 35 до 39 років Чоловіки,22576,Ярослав Степура,,4:53:30.5
73,Amateurs (МТБ та гібрид) від 35 до 39 років Чоловіки,22230,Igor Tyshchenko,,4:54:27.2
74,Amateurs (МТБ та гібрид) від 35 до 39 років Чоловіки,22670,Вадим Семенов,,5:00:59.6
75,Amateurs (МТБ та гібрид) від 35 до 39 років Чоловіки,22150,Василь Подолян,,4:57:17.0
76,Amateurs (МТБ та гібрид) від 35 до 39 років Чоловіки,22640,Олександр Соболевський,,5:00:34.6
77,Amateurs (МТБ та гібрид) від 35 до 39 років Чоловіки,22707,Сергей Мельник,,5:05:05.2
78,Amateurs (МТБ та гібрид) від 35 до 39 років Чоловіки,22241,Святослав Хоменко,,5:07:48.6
79,Amateurs (МТБ та гібрид) від 35 до 39 років Чоловіки,22738,Алексей Мисюра,,5:08:07.3
80,Amateurs (МТБ та гібрид) від 35 до 39 років Чоловіки,22515,Sergiy Malash,,5:06:44.5
81,Amateurs (МТБ та гібрид) від 35 до 39 років Чоловіки,22004,Maksym Grytsiuta,,5:05:11.0
82,Amateurs (МТБ та гібрид) від 35 до 39 років Чоловіки,22105,Дмитро Омеляненко,,5:10:19.6
83,Amateurs (МТБ та гібрид) від 35 до 39 років Чоловіки,22746,Кирил Сластунов,,5:09:29.2
84,Amateurs (МТБ та гібрид) від 35 до 39 років Чоловіки,22265,Михайло Присяжнюк,,5:08:45.9
85,Amateurs (МТБ та гібрид) від 35 до 39 років Чоловіки,22352,Андрей Костин,,5:11:17.9
86,Amateurs (МТБ та гібрид) від 35 до 39 років Чоловіки,22661,Дмитро Мазуренко,,5:11:51.9
87,Amateurs (МТБ та гібрид) від 35 до 39 років Чоловіки,22422,Віталій Анчуков,,5:18:45.8
88,Amateurs (МТБ та гібрид) від 35 до 39 років Чоловіки,22400,Костянтин Бригадир,,5:13:12.5
89,Amateurs (МТБ та гібрид) від 35 до 39 років Чоловіки,22611,Vadym Dumanchuk,,5:13:07.5
90,Amateurs (МТБ та гібрид) від 35 до 39 років Чоловіки,22625,Антон Баран,,5:12:27.6
91,Amateurs (МТБ та гібрид) від 35 до 39 років Чоловіки,22248,Костянтин Козаченко,,5:16:53.7
92,Amateurs (МТБ та гібрид) від 35 до 39 років Чоловіки,1,Слава Варда,,5:14:49.8
93,Amateurs (МТБ та гібрид) від 35 до 39 років Чоловіки,22040,Юрій Саладіс,,5:13:39.2
94,Amateurs (МТБ та гібрид) від 35 до 39 років Чоловіки,22136,Вадим Гоменюк,,5:24:20.3
95,Amateurs (МТБ та гібрид) від 35 до 39 років Чоловіки,22601,В’ячеслав Плаксій,,5:22:08.8
96,Amateurs (МТБ та гібрид) від 35 до 39 років Чоловіки,22290,Vitalii Bielash,,5:18:35.3
97,Amateurs (МТБ та гібрид) від 35 до 39 років Чоловіки,22321,Nazar Mykolaiets,,5:21:31.2
98,Amateurs (МТБ та гібрид) від 35 до 39 років Чоловіки,22215,Oleksandr Kurbet,,5:23:35.3
99,Amateurs (МТБ та гібрид) від 35 до 39 років Чоловіки,22537,Денис Капустник,,5:30:22.0
100,Amateurs (МТБ та гібрид) від 35 до 39 років Чоловіки,22463,Богдан Лисий,,5:33:32.4
101,Amateurs (МТБ та гібрид) від 35 до 39 років Чоловіки,22008,Vladimir Zavyazun,,5:35:25.9
102,Amateurs (МТБ та гібрид) від 35 до 39 років Чоловіки,22551,Владимир Дашкевич,,5:36:02.1
103,Amateurs (МТБ та гібрид) від 35 до 39 років Чоловіки,22089,Pavlo Vetokh,,5:38:51.3
104,Amateurs (МТБ та гібрид) від 35 до 39 років Чоловіки,22323,Олександр Колот,,5:32:05.9
105,Amateurs (МТБ та гібрид) від 35 до 39 років Чоловіки,22093,Александр Конев,,5:39:15.1
106,Amateurs (МТБ та гібрид) від 35 до 39 років Чоловіки,22228,>Юрій Кучерявий,,5:43:59.7
107,Amateurs (МТБ та гібрид) від 35 до 39 років Чоловіки,22078,Юрій Григорович,,5:47:09.6
108,Amateurs (МТБ та гібрид) від 35 до 39 років Чоловіки,22205,Олег Ковалик,,5:45:34.1
109,Amateurs (МТБ та гібрид) від 35 до 39 років Чоловіки,22694,Oleksandr Voytovich,,5:51:38.9
110,Amateurs (МТБ та гібрид) від 35 до 39 років Чоловіки,22133,Юрій Сукач,,5:51:27.1
111,Amateurs (МТБ та гібрид) від 35 до 39 років Чоловіки,22084,Сергій Южаков,,5:47:37.4
112,Amateurs (МТБ та гібрид) від 35 до 39 років Чоловіки,22627,Вадим Погибко,,5:48:30.6
113,Amateurs (МТБ та гібрид) від 35 до 39 років Чоловіки,22536,Денис Скорецкий,,5:58:19.0
114,Amateurs (МТБ та гібрид) від 35 до 39 років Чоловіки,22088,Олександр Новіков,,5:57:20.5
115,Amateurs (МТБ та гібрид) від 35 до 39 років Чоловіки,22532,Вадим Бехтер,,5:35:54.4
116,Amateurs (МТБ та гібрид) від 35 до 39 років Чоловіки,22073,Юрій Дзюбан,,6:02:39.4
117,Amateurs (МТБ та гібрид) від 35 до 39 років Чоловіки,22677,Андрій Лазоренко,,6:17:11.2
118,Amateurs (МТБ та гібрид) від 35 до 39 років Чоловіки,22505,Oleg Tatarchuk,,6:23:28.4
119,Amateurs (МТБ та гібрид) від 35 до 39 років Чоловіки,22364,Ярослав Клименко,,6:28:17.1
120,Amateurs (МТБ та гібрид) від 35 до 39 років Чоловіки,22162,Олексій Шрамко,,6:30:50.3
121,Amateurs (МТБ та гібрид) від 35 до 39 років Чоловіки,22676,Влад Лях,,6:35:06.9
122,Amateurs (МТБ та гібрид) від 35 до 39 років Чоловіки,22633,Антон Шевченко,,6:37:29.3
123,Amateurs (МТБ та гібрид) від 35 до 39 років Чоловіки,22594,Олександр Мишак,,6:43:21.3
124,Amateurs (МТБ та гібрид) від 35 до 39 років Чоловіки,22544,Андрей Недошитко,,6:41:33.9
125,Amateurs (МТБ та гібрид) від 35 до 39 років Чоловіки,22020,Федор Шлепов,,
126,Amateurs (МТБ та гібрид) від 35 до 39 років Чоловіки,22026,Сергій Пасюта,,
127,Amateurs (МТБ та гібрид) від 35 до 39 років Чоловіки,22032,Володимир Максименко,,
128,Amateurs (МТБ та гібрид) від 35 до 39 років Чоловіки,22065,Вадим Рогач,,
129,Amateurs (МТБ та гібрид) від 35 до 39 років Чоловіки,22101,Alexey Masanovets,,
130,Amateurs (МТБ та гібрид) від 35 до 39 років Чоловіки,22331,Антон Білецький,,
131,Amateurs (МТБ та гібрид) від 35 до 39 років Чоловіки,22350,Олександр Частников,,
132,Amateurs (МТБ та гібрид) від 35 до 39 років Чоловіки,22402,Сергей Дерюгин,,
133,Amateurs (МТБ та гібрид) від 35 до 39 років Чоловіки,22413,Sergiy Rybakov,,
134,Amateurs (МТБ та гібрид) від 35 до 39 років Чоловіки,22501,Володимир Литовченко,,
135,Amateurs (МТБ та гібрид) від 35 до 39 років Чоловіки,22514,Дмитро Ірназаров,,
136,Amateurs (МТБ та гібрид) від 35 до 39 років Чоловіки,22571,Ілля Чепурний,,
137,Amateurs (МТБ та гібрид) від 35 до 39 років Чоловіки,22736,Василь Клюцко,,
138,Amateurs (МТБ та гібрид) від 35 до 39 років Чоловіки,22761,Микола Тіщенко,,
1,Amateurs (МТБ та гібрид) від 40 до 44 років Чоловіки,22051,Mykola Dudko,,3:10:16.9
2,Amateurs (МТБ та гібрид) від 40 до 44 років Чоловіки,22620,Андрій Бригіда,,3:22:09.2
3,Amateurs (МТБ та гібрид) від 40 до 44 років Чоловіки,22013,Юрій Ящук,,3:35:33.6
4,Amateurs (МТБ та гібрид) від 40 до 44 років Чоловіки,22039,Сергій Білаш,,3:34:56.9
5,Amateurs (МТБ та гібрид) від 40 до 44 років Чоловіки,22091,Sergii Danilov,,3:39:49.9
6,Amateurs (МТБ та гібрид) від 40 до 44 років Чоловіки,22476,Валерій Калинковський,,3:51:47.9
7,Amateurs (МТБ та гібрид) від 40 до 44 років Чоловіки,22408,Малік Абдул Азіз,,3:54:13.1
8,Amateurs (МТБ та гібрид) від 40 до 44 років Чоловіки,22490,Олексій Гладков,,4:06:59.7
9,Amateurs (МТБ та гібрид) від 40 до 44 років Чоловіки,22177,Oleksandr Skepian,,4:14:13.3
10,Amateurs (МТБ та гібрид) від 40 до 44 років Чоловіки,22409,Andrii Fomin,,4:19:48.8
11,Amateurs (МТБ та гібрид) від 40 до 44 років Чоловіки,22227,Евген Антоненко,,4:15:53.1
12,Amateurs (МТБ та гібрид) від 40 до 44 років Чоловіки,22157,Степан Степанюк,,4:15:52.2
13,Amateurs (МТБ та гібрид) від 40 до 44 років Чоловіки,22298,Pavlo Marusyk,,4:15:19.1
14,Amateurs (МТБ та гібрид) від 40 до 44 років Чоловіки,22055,Андрій Штань,,4:28:06.2
15,Amateurs (МТБ та гібрид) від 40 до 44 років Чоловіки,22176,Юрий Старик,,4:35:38.6
16,Amateurs (МТБ та гібрид) від 40 до 44 років Чоловіки,22218,Сергій Лавріненко,,4:33:11.2
17,Amateurs (МТБ та гібрид) від 40 до 44 років Чоловіки,22728,Сергій Костенко,,4:39:22.7
18,Amateurs (МТБ та гібрид) від 40 до 44 років Чоловіки,22251,Андрій Шевчук,,4:42:37.0
19,Amateurs (МТБ та гібрид) від 40 до 44 років Чоловіки,22367,Эдуард Тесленко,,4:42:33.8
20,Amateurs (МТБ та гібрид) від 40 до 44 років Чоловіки,22319,Віктор Марзунаев,,4:41:50.7
21,Amateurs (МТБ та гібрид) від 40 до 44 років Чоловіки,22439,Дмитр Бабкін,,4:42:23.6
22,Amateurs (МТБ та гібрид) від 40 до 44 років Чоловіки,22623,Сергій Лобода,,4:46:50.4
23,Amateurs (МТБ та гібрид) від 40 до 44 років Чоловіки,22449,Олександр Марченко,,4:52:18.2
24,Amateurs (МТБ та гібрид) від 40 до 44 років Чоловіки,22573,Александр Орел,,4:52:32.0
25,Amateurs (МТБ та гібрид) від 40 до 44 років Чоловіки,22572,Олексій Атаманчук,,4:57:07.5
26,Amateurs (МТБ та гібрид) від 40 до 44 років Чоловіки,22029,Володимир Федорчук,,5:00:07.7
27,Amateurs (МТБ та гібрид) від 40 до 44 років Чоловіки,22307,Сегрій Кобяков,,4:59:59.0
28,Amateurs (МТБ та гібрид) від 40 до 44 років Чоловіки,22519,Олександр Давиденко,,5:00:06.3
29,Amateurs (МТБ та гібрид) від 40 до 44 років Чоловіки,22759,Юрій Черниш,,5:01:28.3
30,Amateurs (МТБ та гібрид) від 40 до 44 років Чоловіки,22009,Игорь Куценко,,5:02:41.5
31,Amateurs (МТБ та гібрид) від 40 до 44 років Чоловіки,22018,Андрій Пащенко,,5:03:59.6
32,Amateurs (МТБ та гібрид) від 40 до 44 років Чоловіки,22561,дмитрий анатольевичь,,5:06:07.8
33,Amateurs (МТБ та гібрид) від 40 до 44 років Чоловіки,22404,Юрій Будяк,,5:14:09.5
34,Amateurs (МТБ та гібрид) від 40 до 44 років Чоловіки,22581,Дмитро Федін,,5:13:53.7
35,Amateurs (МТБ та гібрид) від 40 до 44 років Чоловіки,22756,Анатолій Лівий,,5:13:13.4
36,Amateurs (МТБ та гібрид) від 40 до 44 років Чоловіки,22530,Євген Лебедєв,,4:54:21.2
37,Amateurs (МТБ та гібрид) від 40 до 44 років Чоловіки,22028,Олег Щербак,,5:15:21.5
38,Amateurs (МТБ та гібрид) від 40 до 44 років Чоловіки,22002,Дмитро Петров,,5:18:49.8
39,Amateurs (МТБ та гібрид) від 40 до 44 років Чоловіки,22110,Виктор Шевченко,,5:23:18.6
40,Amateurs (МТБ та гібрид) від 40 до 44 років Чоловіки,22232,Dmytro Zhyltsov,,5:28:29.6
41,Amateurs (МТБ та гібрид) від 40 до 44 років Чоловіки,22741,Віталій Чернобаєв,,5:28:28.0
42,Amateurs (МТБ та гібрид) від 40 до 44 років Чоловіки,22289,Євген Семаш,,5:36:13.4
43,Amateurs (МТБ та гібрид) від 40 до 44 років Чоловіки,22550,Геннадій Тарасенко,,5:40:04.4
44,Amateurs (МТБ та гібрид) від 40 до 44 років Чоловіки,22313,Ihor Vetokh,,5:38:32.9
45,Amateurs (МТБ та гібрид) від 40 до 44 років Чоловіки,22118,Андрей Пальгуев,,5:35:28.7
46,Amateurs (МТБ та гібрид) від 40 до 44 років Чоловіки,22742,Ігор Чернобаєв,,5:37:04.9
47,Amateurs (МТБ та гібрид) від 40 до 44 років Чоловіки,22641,Андрій Абдулін,,5:48:15.1
48,Amateurs (МТБ та гібрид) від 40 до 44 років Чоловіки,12,Дейнеко Дмитро,,5:51:38.5
49,Amateurs (МТБ та гібрид) від 40 до 44 років Чоловіки,22104,Віталій Фоменков,,6:03:22.1
50,Amateurs (МТБ та гібрид) від 40 до 44 років Чоловіки,22695,Сергій Денисов,,6:08:25.7
51,Amateurs (МТБ та гібрид) від 40 до 44 років Чоловіки,22681,Андрій Глотов,,6:17:12.0
52,Amateurs (МТБ та гібрид) від 40 до 44 років Чоловіки,22471,Sergii Lisovskyi,,6:23:29.1
53,Amateurs (МТБ та гібрид) від 40 до 44 років Чоловіки,22254,Роман Нога,,6:16:34.2
54,Amateurs (МТБ та гібрид) від 40 до 44 років Чоловіки,22779,Павло Кудашов,,6:23:21.8
55,Amateurs (МТБ та гібрид) від 40 до 44 років Чоловіки,22778,Андрій Шишов,,6:23:56.0
56,Amateurs (МТБ та гібрид) від 40 до 44 років Чоловіки,22197,Дмитрий Галяс,,6:23:20.3
57,Amateurs (МТБ та гібрид) від 40 до 44 років Чоловіки,22012,Mykhailo Stepanov,,
58,Amateurs (МТБ та гібрид) від 40 до 44 років Чоловіки,22021,Олег Коломиец,,
59,Amateurs (МТБ та гібрид) від 40 до 44 років Чоловіки,22114,Суптельний Вячеслав,,
60,Amateurs (МТБ та гібрид) від 40 до 44 років Чоловіки,22188,Максим Дендерук,,
61,Amateurs (МТБ та гібрид) від 40 до 44 років Чоловіки,22191,Roman Storozhev,,
62,Amateurs (МТБ та гібрид) від 40 до 44 років Чоловіки,22243,Alexandr Белицкий,,
63,Amateurs (МТБ та гібрид) від 40 до 44 років Чоловіки,22260,Андрей Лысенко,,
64,Amateurs (МТБ та гібрид) від 40 до 44 років Чоловіки,22456,Василь Стельмах,,
65,Amateurs (МТБ та гібрид) від 40 до 44 років Чоловіки,22562,руслан витальевич,,
66,Amateurs (МТБ та гібрид) від 40 до 44 років Чоловіки,22784,Mykhailo Ahutin,,
1,Amateurs (МТБ та гібрид) від 45 до 49 років Чоловіки,22455,Valeriy Semenik,,3:10:35.8
2,Amateurs (МТБ та гібрид) від 45 до 49 років Чоловіки,22642,Сергій Куксінов,,3:11:29.1
3,Amateurs (МТБ та гібрид) від 45 до 49 років Чоловіки,22495,Анатолій Кононов,,3:34:20.0
4,Amateurs (МТБ та гібрид) від 45 до 49 років Чоловіки,22399,Андрей Жидков,,3:34:19.8
5,Amateurs (МТБ та гібрид) від 45 до 49 років Чоловіки,22556,Юрій Залізко,,3:39:04.4
6,Amateurs (МТБ та гібрид) від 45 до 49 років Чоловіки,22740,Леонід Перепелиця,,3:47:32.2
7,Amateurs (МТБ та гібрид) від 45 до 49 років Чоловіки,22498,Максим Товстиженко,,3:47:35.1
8,Amateurs (МТБ та гібрид) від 45 до 49 років Чоловіки,22144,Валера Стефаник,,4:03:00.1
9,Amateurs (МТБ та гібрид) від 45 до 49 років Чоловіки,22434,Роман Куриляк,,4:07:19.1
10,Amateurs (МТБ та гібрид) від 45 до 49 років Чоловіки,22691,Володимир Карпець,,4:12:47.0
11,Amateurs (МТБ та гібрид) від 45 до 49 років Чоловіки,18,Коломієць Олександр,,4:11:41.2
12,Amateurs (МТБ та гібрид) від 45 до 49 років Чоловіки,22038,Андрей Лунёв,,4:21:37.6
13,Amateurs (МТБ та гібрид) від 45 до 49 років Чоловіки,22494,Іван Алексєєв,,4:18:41.0
14,Amateurs (МТБ та гібрид) від 45 до 49 років Чоловіки,22593,Сергій Ложкін,,4:21:44.8
15,Amateurs (МТБ та гібрид) від 45 до 49 років Чоловіки,22194,Сергій Бойко,,4:21:45.0
16,Amateurs (МТБ та гібрид) від 45 до 49 років Чоловіки,22604,Андрей Власюк,,4:23:10.6
17,Amateurs (МТБ та гібрид) від 45 до 49 років Чоловіки,22064,Віталій Балан,,4:29:10.3
18,Amateurs (МТБ та гібрид) від 45 до 49 років Чоловіки,22126,Олександр Савельєв,,4:38:04.3
19,Amateurs (МТБ та гібрид) від 45 до 49 років Чоловіки,22314,Дмитро Моргун,,4:43:28.9
20,Amateurs (МТБ та гібрид) від 45 до 49 років Чоловіки,22060,Олександр Заіграєв,,4:50:27.1
21,Amateurs (МТБ та гібрид) від 45 до 49 років Чоловіки,22396,Станислав Рожков,,4:48:17.2
22,Amateurs (МТБ та гібрид) від 45 до 49 років Чоловіки,22497,Микола Бобровський,,5:14:08.4
23,Amateurs (МТБ та гібрид) від 45 до 49 років Чоловіки,22486,Aрно Клайбрук,,5:07:08.9
24,Amateurs (МТБ та гібрид) від 45 до 49 років Чоловіки,22184,Максим Цвеленьев,,5:10:57.5
25,Amateurs (МТБ та гібрид) від 45 до 49 років Чоловіки,22687,Василь Ємельяненко,,5:16:22.8
26,Amateurs (МТБ та гібрид) від 45 до 49 років Чоловіки,22068,Игорь Беляев,,5:35:29.1
27,Amateurs (МТБ та гібрид) від 45 до 49 років Чоловіки,22622,Сергій Курдюков,,5:36:58.1
28,Amateurs (МТБ та гібрид) від 45 до 49 років Чоловіки,22244,Георгий Лунин,,5:42:41.1
29,Amateurs (МТБ та гібрид) від 45 до 49 років Чоловіки,22398,Виктор Тильняк,,5:50:43.6
30,Amateurs (МТБ та гібрид) від 45 до 49 років Чоловіки,22377,Іван Довганич,,5:59:24.5
31,Amateurs (МТБ та гібрид) від 45 до 49 років Чоловіки,22423,Василь Жарінов,,6:05:01.0
32,Amateurs (МТБ та гібрид) від 45 до 49 років Чоловіки,22679,Сергій Козубов,,6:17:11.8
33,Amateurs (МТБ та гібрид) від 45 до 49 років Чоловіки,22477,Игор Стрельников,,
34,Amateurs (МТБ та гібрид) від 45 до 49 років Чоловіки,22605,Игорь Кучеренко,,
1,Amateurs (МТБ та гібрид) від 50 до 54 років Чоловіки,22648,Keith Bean,,3:39:02.4
2,Amateurs (МТБ та гібрид) від 50 до 54 років Чоловіки,22206,Гліб Хропачов,,3:50:38.5
3,Amateurs (МТБ та гібрид) від 50 до 54 років Чоловіки,22649,Кордюков Дмитро,,3:57:25.3
4,Amateurs (МТБ та гібрид) від 50 до 54 років Чоловіки,22310,STEPHANE CATRICE,,4:04:28.2
5,Amateurs (МТБ та гібрид) від 50 до 54 років Чоловіки,22782,Ігор Завадський,,4:15:18.5
6,Amateurs (МТБ та гібрид) від 50 до 54 років Чоловіки,22167,Igor Dyachenko,,4:13:44.8
7,Amateurs (МТБ та гібрид) від 50 до 54 років Чоловіки,22496,Юрій Кузьменко,,4:23:31.9
8,Amateurs (МТБ та гібрид) від 50 до 54 років Чоловіки,22424,Юрій Бабій,,4:23:57.1
9,Amateurs (МТБ та гібрид) від 50 до 54 років Чоловіки,22647,Вiктор Скляров,,4:33:54.7
10,Amateurs (МТБ та гібрид) від 50 до 54 років Чоловіки,22461,Дмитро Степанський,,4:52:06.9
11,Amateurs (МТБ та гібрид) від 50 до 54 років Чоловіки,22299,Андрій Безгубенко,,4:52:50.4
12,Amateurs (МТБ та гібрид) від 50 до 54 років Чоловіки,22500,Олександр Базіченко,,4:49:58.1
13,Amateurs (МТБ та гібрид) від 50 до 54 років Чоловіки,22657,Glenn Rogers,,5:02:35.6
14,Amateurs (МТБ та гібрид) від 50 до 54 років Чоловіки,22570,Олег Тарасов,,5:08:10.3
15,Amateurs (МТБ та гібрид) від 50 до 54 років Чоловіки,22451,Poul Henrik Jensen,,5:07:08.5
16,Amateurs (МТБ та гібрид) від 50 до 54 років Чоловіки,22721,Jesper Holst,,5:17:12.8
17,Amateurs (МТБ та гібрид) від 50 до 54 років Чоловіки,22242,Андрей Абрамов,,5:22:46.0
18,Amateurs (МТБ та гібрид) від 50 до 54 років Чоловіки,22454,Михаил Ильин,,5:42:22.9
19,Amateurs (МТБ та гібрид) від 50 до 54 років Чоловіки,22499,Александр Симонян,,6:03:38.4
20,Amateurs (МТБ та гібрид) від 50 до 54 років Чоловіки,22178,Sergii Pastukh,,6:38:43.1
21,Amateurs (МТБ та гібрид) від 50 до 54 років Чоловіки,22063,Алексей Деговцов,,
1,Amateurs (МТБ та гібрид) від 55 до 59 років Чоловіки,22282,Александр Мартынов,,3:20:26.6
2,Amateurs (МТБ та гібрид) від 55 до 59 років Чоловіки,22516,Ігор Серебряков,,3:28:25.9
3,Amateurs (МТБ та гібрид) від 55 до 59 років Чоловіки,22564,Микола Суботенко,,3:59:30.2
4,Amateurs (МТБ та гібрид) від 55 до 59 років Чоловіки,22170,Сергій Руадзе,,4:41:46.3
5,Amateurs (МТБ та гібрид) від 55 до 59 років Чоловіки,22233,NIK GUBAR,,4:53:23.5
6,Amateurs (МТБ та гібрид) від 55 до 59 років Чоловіки,22173,Сергій Литвинчук,,6:31:20.9
1,Amateurs (МТБ та гібрид) від 60 до 64 років Чоловіки,22464,Олександр Пишняк,,4:03:01.1
2,Amateurs (МТБ та гібрид) від 60 до 64 років Чоловіки,22713,Bjorn Tore Saltvik,,4:22:45.2
3,Amateurs (МТБ та гібрид) від 60 до 64 років Чоловіки,22201,Михайло Койфман,,
1,Amateurs (МТБ та гібрид) від 65 до 69 років Чоловіки,22609,Володимир Скоморохов,,5:21:58.0
1,Фікси та сінгл-спіди від 18 до 39 років Чоловіки,3001,Serg Mir,,3:50:30.0
2,Фікси та сінгл-спіди від 18 до 39 років Чоловіки,3009,Валентин Квачан,,4:01:05.2
3,Фікси та сінгл-спіди від 18 до 39 років Чоловіки,3010,Олександр Гальчук,,4:01:05.6
4,Фікси та сінгл-спіди від 18 до 39 років Чоловіки,3008,Василь Будник,,4:01:11.2
5,Фікси та сінгл-спіди від 18 до 39 років Чоловіки,3005,Макс Клаат,,4:11:52.7
6,Фікси та сінгл-спіди від 18 до 39 років Чоловіки,3003,Юрий Лисенко,,4:19:58.0
7,Фікси та сінгл-спіди від 18 до 39 років Чоловіки,3006,Алексей Онищенко,,4:47:29.3
8,Фікси та сінгл-спіди від 18 до 39 років Чоловіки,3012,Дмитрий Ивженко,,4:55:15.0
9,Фікси та сінгл-спіди від 18 до 39 років Чоловіки,3002,Никита Шоркин,,5:55:30.8
10,Фікси та сінгл-спіди від 18 до 39 років Чоловіки,3004,Борис Баланенко,,
1,Фікси та сінгл-спіди від 40 років Чоловіки,3011,Oleksandr Krasovskyi,,4:34:18.0
2,Фікси та сінгл-спіди від 40 років Чоловіки,3013,Олег Мельниченко,,6:04:57.0
1,Вінтажні ровери від 18 до 39 років Чоловіки,5003,Артем Щербина,,3:19:56.0
2,Вінтажні ровери від 18 до 39 років Чоловіки,5006,Микола Жуков,,4:17:23.0
3,Вінтажні ровери від 18 до 39 років Чоловіки,5009,Влад Шевченко,,4:19:29.3
4,Вінтажні ровери від 18 до 39 років Чоловіки,5013,Сергій Зорін,,4:42:16.5
5,Вінтажні ровери від 18 до 39 років Чоловіки,5007,Юрій Тихун,,4:58:29.3
6,Вінтажні ровери від 18 до 39 років Чоловіки,5010,Hennadiy Kornev,,5:08:38.6
7,Вінтажні ровери від 18 до 39 років Чоловіки,5008,Сергій Нікітін,,5:15:36.6
8,Вінтажні ровери від 18 до 39 років Чоловіки,5011,Юрій Шипота,,6:09:33.9
9,Вінтажні ровери від 18 до 39 років Чоловіки,5012,Данило Дворцин,,6:30:43.4
1,Вінтажні ровери від 40 років Чоловіки,5004,Леонід Ярмусь,,3:31:20.3
2,Вінтажні ровери від 40 років Чоловіки,5002,Олег Муравицький,,4:19:45.9
3,Вінтажні ровери від 40 років Чоловіки,5001,Володимир Венедіктов,,4:27:24.5
1,Україна від 18 до 39 років Чоловіки,7008,Тарас Поляков,,4:25:50.6
2,Україна від 18 до 39 років Чоловіки,7020,Олександр Либа,,4:44:58.4
3,Україна від 18 до 39 років Чоловіки,7027,Игорь Морозько,,6:03:09.8
4,Україна від 18 до 39 років Чоловіки,7005,Олексій Хворостенко,,6:10:48.8
5,Україна від 18 до 39 років Чоловіки,7001,Дмитро Артьомов,,
6,Україна від 18 до 39 років Чоловіки,7002,Віталій Майданюк,,
7,Україна від 18 до 39 років Чоловіки,7003,Віктор Задорожняк,,
8,Україна від 18 до 39 років Чоловіки,7006,Ар’є Волинський,,
9,Україна від 18 до 39 років Чоловіки,7007,Назар Черніга,,
10,Україна від 18 до 39 років Чоловіки,7009,Олександр Богаченко-Мішевський,,
11,Україна від 18 до 39 років Чоловіки,7019,Dima Linchevskiy,,
12,Україна від 18 до 39 років Чоловіки,7023,Олександер Рябоконь,,
13,Україна від 18 до 39 років Чоловіки,7026,Євген Нестерець,,
1,Україна від 18 до 39 років Жінки,7012,Ганна Майданюк,,
2,Україна від 18 до 39 років Жінки,7016,Olga Selivanova,,
