Місце,Вікова група,Номер,Імʼя,Клуб,Результат
1,100км Amateurs (МТБ та гібрид) 1 вiкова группа Жінки,22403,Вікторія Лохоня,,3:22:41
2,100км Amateurs (МТБ та гібрид) 1 вiкова группа Жінки,22100,Олександра Барабанщикова,,3:26:38
3,100км Amateurs (МТБ та гібрид) 1 вiкова группа Жінки,22149,Лариса Плужник,,3:36:48
4,100км Amateurs (МТБ та гібрид) 1 вiкова группа Жінки,22579,Олена Кудляк,,3:42:19
5,100км Amateurs (МТБ та гібрид) 1 вiкова группа Жінки,22027,Александра Вансовская,,3:44:54
6,100км Amateurs (МТБ та гібрид) 1 вiкова группа Жінки,22474,Anastasiia Radchenko,,3:51:36
7,100км Amateurs (МТБ та гібрид) 1 вiкова группа Жінки,22350,Бабич Виктория,,3:55:44
8,100км Amateurs (МТБ та гібрид) 1 вiкова группа Жінки,22843,Вікторія Гацко,,3:57:07
9,100км Amateurs (МТБ та гібрид) 1 вiкова группа Жінки,22545,Ольга Кутасова,,3:59:55
10,100км Amateurs (МТБ та гібрид) 1 вiкова группа Жінки,22029,Надія Потетнєва,,4:02:25
11,100км Amateurs (МТБ та гібрид) 1 вiкова группа Жінки,22601,Марія Чабан,,4:03:34
12,100км Amateurs (МТБ та гібрид) 1 вiкова группа Жінки,22522,Дарья Ткаченко,,4:05:09
13,100км Amateurs (МТБ та гібрид) 1 вiкова группа Жінки,22548,Юлія Рурка,,4:05:24
14,100км Amateurs (МТБ та гібрид) 1 вiкова группа Жінки,22009,Анна Єлісєєва,,4:12:53
15,100км Amateurs (МТБ та гібрид) 1 вiкова группа Жінки,22035,Тетяна Заім,,4:18:39
16,100км Amateurs (МТБ та гібрид) 1 вiкова группа Жінки,22467,Ірина Дубовик,,4:22:35
17,100км Amateurs (МТБ та гібрид) 1 вiкова группа Жінки,22318,Inna Miroshnichenko,,4:23:04
18,100км Amateurs (МТБ та гібрид) 1 вiкова группа Жінки,22002,Юлія Шевченко,,4:25:33
19,100км Amateurs (МТБ та гібрид) 1 вiкова группа Жінки,22096,Марина Чернышёва,,4:27:08
20,100км Amateurs (МТБ та гібрид) 1 вiкова группа Жінки,22500,Олена Савченко,,4:34:12
21,100км Amateurs (МТБ та гібрид) 1 вiкова группа Жінки,22458,Татьяна Харлашкина,,4:35:21
22,100км Amateurs (МТБ та гібрид) 1 вiкова группа Жінки,22740,Nina Danchenko,,4:35:43
23,100км Amateurs (МТБ та гібрид) 1 вiкова группа Жінки,22542,Марія Сулима,,4:36:07
24,100км Amateurs (МТБ та гібрид) 1 вiкова группа Жінки,22552,Олена Олійник,,4:34:46
25,100км Amateurs (МТБ та гібрид) 1 вiкова группа Жінки,22551,Диана Коковихина,,4:40:47
26,100км Amateurs (МТБ та гібрид) 1 вiкова группа Жінки,22285,Анна Тарарай,,4:44:21
27,100км Amateurs (МТБ та гібрид) 1 вiкова группа Жінки,22049,Катерина Пузирна,,4:52:41
28,100км Amateurs (МТБ та гібрид) 1 вiкова группа Жінки,22397,Юлія Тимчак,,4:50:36
29,100км Amateurs (МТБ та гібрид) 1 вiкова группа Жінки,22410,Дарія Гонтар,,4:54:29
30,100км Amateurs (МТБ та гібрид) 1 вiкова группа Жінки,22012,Ірина Шабас,,4:49:46
31,100км Amateurs (МТБ та гібрид) 1 вiкова группа Жінки,22699,Дар`я Ващенко,,4:54:45
32,100км Amateurs (МТБ та гібрид) 1 вiкова группа Жінки,22505,Ніжинська Анастасія,,4:56:58
33,100км Amateurs (МТБ та гібрид) 1 вiкова группа Жінки,22251,Світлана Андрущенко,,4:54:46
34,100км Amateurs (МТБ та гібрид) 1 вiкова группа Жінки,22749,Вікторія Олексієнко,,4:56:10
35,100км Amateurs (МТБ та гібрид) 1 вiкова группа Жінки,22261,Анастасія Куцяк,,5:03:44
36,100км Amateurs (МТБ та гібрид) 1 вiкова группа Жінки,22791,Любов Бецан,,5:04:41
37,100км Amateurs (МТБ та гібрид) 1 вiкова группа Жінки,22428,Вікторія Скічко,,5:04:58
38,100км Amateurs (МТБ та гібрид) 1 вiкова группа Жінки,22526,Єлизавета Лисько,,5:07:35
39,100км Amateurs (МТБ та гібрид) 1 вiкова группа Жінки,22707,Марина Томченко,,5:04:25
40,100км Amateurs (МТБ та гібрид) 1 вiкова группа Жінки,22243,Марина Наливайченко,,5:04:32
41,100км Amateurs (МТБ та гібрид) 1 вiкова группа Жінки,22797,Анна Лещенко,,5:14:20
42,100км Amateurs (МТБ та гібрид) 1 вiкова группа Жінки,22666,Айсулу Фатихова,,5:18:29
43,100км Amateurs (МТБ та гібрид) 1 вiкова группа Жінки,22268,Анастасія Волошина,,5:23:20
44,100км Amateurs (МТБ та гібрид) 1 вiкова группа Жінки,22778,Наталія Батяйкіна,,5:27:19
45,100км Amateurs (МТБ та гібрид) 1 вiкова группа Жінки,22222,Оксана Ніколайчук,,5:27:47
46,100км Amateurs (МТБ та гібрид) 1 вiкова группа Жінки,22633,Роксолана Денис,,5:28:03
47,100км Amateurs (МТБ та гібрид) 1 вiкова группа Жінки,22477,Ольга Рогач,,5:37:26
48,100км Amateurs (МТБ та гібрид) 1 вiкова группа Жінки,22567,Олександра Бондаренко,,5:36:19
49,100км Amateurs (МТБ та гібрид) 1 вiкова группа Жінки,22538,Таня Домаранська,,5:42:12
50,100км Amateurs (МТБ та гібрид) 1 вiкова группа Жінки,22353,Тетяна Воят,,5:42:50
51,100км Amateurs (МТБ та гібрид) 1 вiкова группа Жінки,22568,Анна Антоненко,,5:43:21
52,100км Amateurs (МТБ та гібрид) 1 вiкова группа Жінки,22520,Анна Дяків,,5:44:48
53,100км Amateurs (МТБ та гібрид) 1 вiкова группа Жінки,22362,Таня Павленко,,5:48:36
54,100км Amateurs (МТБ та гібрид) 1 вiкова группа Жінки,22715,Оксана Сорока,,5:45:19
55,100км Amateurs (МТБ та гібрид) 1 вiкова группа Жінки,22109,Оксана Ясько,,6:00:40
56,100км Amateurs (МТБ та гібрид) 1 вiкова группа Жінки,22106,Надія Горбатюк,,6:04:03
57,100км Amateurs (МТБ та гібрид) 1 вiкова группа Жінки,22464,Юлія Остапова,,6:04:12
58,100км Amateurs (МТБ та гібрид) 1 вiкова группа Жінки,22710,Юлія Покровська,,6:10:32
59,100км Amateurs (МТБ та гібрид) 1 вiкова группа Жінки,22580,Каріна Діхтяренко,,6:14:30
60,100км Amateurs (МТБ та гібрид) 1 вiкова группа Жінки,22062,Катерина Говорун,,6:16:08
61,100км Amateurs (МТБ та гібрид) 1 вiкова группа Жінки,22319,Людмила Мельник,,6:27:21
62,100км Amateurs (МТБ та гібрид) 1 вiкова группа Жінки,22603,Анна Петровская,,6:27:50
63,100км Amateurs (МТБ та гібрид) 1 вiкова группа Жінки,22766,Анна Савченко,,6:34:51
64,100км Amateurs (МТБ та гібрид) 1 вiкова группа Жінки,22642,Мері Ломія,,6:36:49
65,100км Amateurs (МТБ та гібрид) 1 вiкова группа Жінки,22637,Анастасия Кириченко,,
66,100км Amateurs (МТБ та гібрид) 1 вiкова группа Жінки,22870,Ольга Федорченко,,
67,100км Amateurs (МТБ та гібрид) 1 вiкова группа Жінки,22708,Тетяна Рябоконь,,
68,100км Amateurs (МТБ та гібрид) 1 вiкова группа Жінки,22709,Олена Лисенко,,
69,100км Amateurs (МТБ та гібрид) 1 вiкова группа Жінки,22792,Інна Мегей,,
70,100км Amateurs (МТБ та гібрид) 1 вiкова группа Жінки,22802,Інна Кохан,,
71,100км Amateurs (МТБ та гібрид) 1 вiкова группа Жінки,22364,Катерина Демешко,,
72,100км Amateurs (МТБ та гібрид) 1 вiкова группа Жінки,22394,Катерина Крупська,,
73,100км Amateurs (МТБ та гібрид) 1 вiкова группа Жінки,22405,Олександра Щаслива,,
74,100км Amateurs (МТБ та гібрид) 1 вiкова группа Жінки,22635,Вікторія Геращенко,,
75,100км Amateurs (МТБ та гібрид) 1 вiкова группа Жінки,22770,Екатерина Друченко,,
1,100км Amateurs (МТБ та гібрид) 2 вiкова группа Жінки,22241,Ірина Попова,,3:29:49
2,100км Amateurs (МТБ та гібрид) 2 вiкова группа Жінки,22056,Чекаленко Лариса Васильевна,,3:35:57
3,100км Amateurs (МТБ та гібрид) 2 вiкова группа Жінки,22654,Ерчак Елена,,3:46:58
4,100км Amateurs (МТБ та гібрид) 2 вiкова группа Жінки,22272,Людмила Афанасьєва,,3:57:54
5,100км Amateurs (МТБ та гібрид) 2 вiкова группа Жінки,22060,Карина Сокол,,4:08:12
6,100км Amateurs (МТБ та гібрид) 2 вiкова группа Жінки,22037,Наталія Сацута,,4:10:59
7,100км Amateurs (МТБ та гібрид) 2 вiкова группа Жінки,22165,Оля Стулій,,4:12:37
8,100км Amateurs (МТБ та гібрид) 2 вiкова группа Жінки,22315,Kseniia Mukhametshyna,,4:18:40
9,100км Amateurs (МТБ та гібрид) 2 вiкова группа Жінки,22785,Ганна Мохонько,,4:30:39
10,100км Amateurs (МТБ та гібрид) 2 вiкова группа Жінки,22720,Катерина Шеремет,,4:52:33
11,100км Amateurs (МТБ та гібрид) 2 вiкова группа Жінки,22138,Наталія Гусарова,,4:55:40
12,100км Amateurs (МТБ та гібрид) 2 вiкова группа Жінки,22146,Анна Тверецька,,5:00:21
13,100км Amateurs (МТБ та гібрид) 2 вiкова группа Жінки,22525,Nadiia Hrynevych,,5:01:35
14,100км Amateurs (МТБ та гібрид) 2 вiкова группа Жінки,22107,Тетяна Удовенко,,5:14:05
15,100км Amateurs (МТБ та гібрид) 2 вiкова группа Жінки,22728,Olena Khanchanova,,5:09:44
16,100км Amateurs (МТБ та гібрид) 2 вiкова группа Жінки,22453,Дар’я Нікітіна,,5:15:07
17,100км Amateurs (МТБ та гібрид) 2 вiкова группа Жінки,22534,Лілія Артюшенко,,5:26:43
18,100км Amateurs (МТБ та гібрид) 2 вiкова группа Жінки,22031,Галина Пацукова,,5:24:28
19,100км Amateurs (МТБ та гібрид) 2 вiкова группа Жінки,22443,Kateryna Dietkovska,,5:31:49
20,100км Amateurs (МТБ та гібрид) 2 вiкова группа Жінки,22270,Олена Маленко,,5:36:07
21,100км Amateurs (МТБ та гібрид) 2 вiкова группа Жінки,22732,Оксана Манченко,,5:34:48
22,100км Amateurs (МТБ та гібрид) 2 вiкова группа Жінки,22605,Олена Васільєва,,5:54:49
23,100км Amateurs (МТБ та гібрид) 2 вiкова группа Жінки,22108,Ірина Ясько,,6:00:39
24,100км Amateurs (МТБ та гібрид) 2 вiкова группа Жінки,22857,Юлія Марциненко,,5:59:39
25,100км Amateurs (МТБ та гібрид) 2 вiкова группа Жінки,22598,Станіслава Лобода,,6:12:35
26,100км Amateurs (МТБ та гібрид) 2 вiкова группа Жінки,22796,Олена Ющик,,6:13:57
27,100км Amateurs (МТБ та гібрид) 2 вiкова группа Жінки,22805,Анна Ханина,,6:15:52
28,100км Amateurs (МТБ та гібрид) 2 вiкова группа Жінки,22333,Алёна Стунгур,,6:33:02
29,100км Amateurs (МТБ та гібрид) 2 вiкова группа Жінки,22079,Дарина Іванова,,
30,100км Amateurs (МТБ та гібрид) 2 вiкова группа Жінки,22638,Віталія Єрьоміна,,
31,100км Amateurs (МТБ та гібрид) 2 вiкова группа Жінки,22696,Олександра Янішевська,,
32,100км Amateurs (МТБ та гібрид) 2 вiкова группа Жінки,22094,Бондаренко Ольга,,
33,100км Amateurs (МТБ та гібрид) 2 вiкова группа Жінки,22178,Ольга Будяк,,
34,100км Amateurs (МТБ та гібрид) 2 вiкова группа Жінки,22192,Світлана Гавришевська,,
35,100км Amateurs (МТБ та гібрид) 2 вiкова группа Жінки,22436,Світлана Ворушило,,
36,100км Amateurs (МТБ та гібрид) 2 вiкова группа Жінки,22615,Юлія Кузьмінська,,
37,100км Amateurs (МТБ та гібрид) 2 вiкова группа Жінки,22636,Тетяна Іваненко,,
1,100км Amateurs (МТБ та гібрид) 3 вiкова группа Жінки,22662,Сана Веселая,,3:49:36
2,100км Amateurs (МТБ та гібрид) 3 вiкова группа Жінки,22794,Олена Шило,,5:20:07
3,100км Amateurs (МТБ та гібрид) 3 вiкова группа Жінки,22702,Тетяна Оліферчук,,5:23:06
4,100км Amateurs (МТБ та гібрид) 3 вiкова группа Жінки,22593,Елена Тесленко,,5:55:13
5,100км Amateurs (МТБ та гібрид) 3 вiкова группа Жінки,22152,Ольга Шабельник,,
6,100км Amateurs (МТБ та гібрид) 3 вiкова группа Жінки,22239,Вікторія Топольська,,
1,100км Amateurs (МТБ та гібрид) 4 вiкова группа Жінки,22022,Людмила Капустян,,4:26:16
1,100км Amateurs (МТБ та гібрид) 5 вiкова группа Жінки,22564,Світлана Юсипенко,,5:46:46
1,100км Amateurs (МТБ та гібрид) 6 вiкова группа Жінки,22212,Анжеліка Буркова,,6:00:52
1,100км Amateurs (шосе та крос) 1 вiкова группа Жінки,12720,Олена Абрамова,,2:51:56
2,100км Amateurs (шосе та крос) 1 вiкова группа Жінки,12584,Катя Бандрівська,,2:52:45
3,100км Amateurs (шосе та крос) 1 вiкова группа Жінки,12496,Виктория Пожиганова,,3:00:37
4,100км Amateurs (шосе та крос) 1 вiкова группа Жінки,12163,Віра Красуля,,3:04:27
5,100км Amateurs (шосе та крос) 1 вiкова группа Жінки,12572,Аріна Тарасевич,,3:08:23
6,100км Amateurs (шосе та крос) 1 вiкова группа Жінки,12780,Ганна Вишнякова,,3:09:01
7,100км Amateurs (шосе та крос) 1 вiкова группа Жінки,12328,Вікторія Гудима,,3:11:42
8,100км Amateurs (шосе та крос) 1 вiкова группа Жінки,12391,Альона Коковіхіна,,3:13:27
9,100км Amateurs (шосе та крос) 1 вiкова группа Жінки,12177,Ярослава Сердюк,,3:20:51
10,100км Amateurs (шосе та крос) 1 вiкова группа Жінки,12809,Viktoriia Nagorna,,3:27:54
11,100км Amateurs (шосе та крос) 1 вiкова группа Жінки,12206,Mariia Shevchenko,,3:31:51
12,100км Amateurs (шосе та крос) 1 вiкова группа Жінки,12194,Олеся Малюга,,3:34:59
13,100км Amateurs (шосе та крос) 1 вiкова группа Жінки,12823,Марина Зотова,,3:35:11
14,100км Amateurs (шосе та крос) 1 вiкова группа Жінки,12324,Анастасія Ємельянова,,3:43:01
15,100км Amateurs (шосе та крос) 1 вiкова группа Жінки,12070,Сільвана Каддах,,3:43:12
16,100км Amateurs (шосе та крос) 1 вiкова группа Жінки,12225,Лідія Басмат,,3:47:47
17,100км Amateurs (шосе та крос) 1 вiкова группа Жінки,12007,Василиса Кривоклякина,,3:48:40
18,100км Amateurs (шосе та крос) 1 вiкова группа Жінки,12767,Анна Дудник,,3:49:05
19,100км Amateurs (шосе та крос) 1 вiкова группа Жінки,12491,Катерина Свирида,,3:52:45
20,100км Amateurs (шосе та крос) 1 вiкова группа Жінки,12794,Наталья Драган,,3:54:27
21,100км Amateurs (шосе та крос) 1 вiкова группа Жінки,12369,Ірина Осадча,,3:55:23
22,100км Amateurs (шосе та крос) 1 вiкова группа Жінки,12065,Тетяна Гринюк,,3:55:29
23,100км Amateurs (шосе та крос) 1 вiкова группа Жінки,12799,Альона Маковецька,,3:58:40
24,100км Amateurs (шосе та крос) 1 вiкова группа Жінки,12055,Виктория Петик,,4:01:59
25,100км Amateurs (шосе та крос) 1 вiкова группа Жінки,12750,Наталья Кедис,,4:03:32
26,100км Amateurs (шосе та крос) 1 вiкова группа Жінки,12401,Galya Bilynska,,4:05:24
27,100км Amateurs (шосе та крос) 1 вiкова группа Жінки,12293,Окішор Людмила,,4:05:27
28,100км Amateurs (шосе та крос) 1 вiкова группа Жінки,12594,Анна Воєводіна,,4:18:59
29,100км Amateurs (шосе та крос) 1 вiкова группа Жінки,12323,Грета Гержановська,,4:26:36
30,100км Amateurs (шосе та крос) 1 вiкова группа Жінки,12119,Alina Rachkovska,,4:41:02
31,100км Amateurs (шосе та крос) 1 вiкова группа Жінки,12759,Марина Коротенко,,4:45:52
32,100км Amateurs (шосе та крос) 1 вiкова группа Жінки,12461,Юлія Кухаренко,,4:46:50
33,100км Amateurs (шосе та крос) 1 вiкова группа Жінки,12048,Маргарита Воронцова,,4:57:59
34,100км Amateurs (шосе та крос) 1 вiкова группа Жінки,12393,Анна Лисаченко,,5:00:20
35,100км Amateurs (шосе та крос) 1 вiкова группа Жінки,12097,Olena Cherniavska,,5:31:00
36,100км Amateurs (шосе та крос) 1 вiкова группа Жінки,12480,Ольга Козьма,,5:31:40
37,100км Amateurs (шосе та крос) 1 вiкова группа Жінки,12106,Елена Пилип,,5:37:19
38,100км Amateurs (шосе та крос) 1 вiкова группа Жінки,12775,Anna Yastremska,,5:49:44
39,100км Amateurs (шосе та крос) 1 вiкова группа Жінки,12803,Марія Шамбір,,5:53:25
40,100км Amateurs (шосе та крос) 1 вiкова группа Жінки,12227,Юлія Левицька,,
41,100км Amateurs (шосе та крос) 1 вiкова группа Жінки,12237,Валентина Григорьева,,
42,100км Amateurs (шосе та крос) 1 вiкова группа Жінки,12314,Марина Безносюк,,
43,100км Amateurs (шосе та крос) 1 вiкова группа Жінки,12365,Ганна Новосад,,
44,100км Amateurs (шосе та крос) 1 вiкова группа Жінки,12398,Анна Степашко,,
45,100км Amateurs (шосе та крос) 1 вiкова группа Жінки,12471,Яна Колодій,,
1,100км Amateurs (шосе та крос) 2 вiкова группа Жінки,12579,Марина Кизилова,,2:56:41
2,100км Amateurs (шосе та крос) 2 вiкова группа Жінки,12575,Катерина Качан,,3:18:19
3,100км Amateurs (шосе та крос) 2 вiкова группа Жінки,12203,Олександра Пригода,,3:31:06
4,100км Amateurs (шосе та крос) 2 вiкова группа Жінки,12209,Світлана Кліч,,3:31:41
5,100км Amateurs (шосе та крос) 2 вiкова группа Жінки,12458,Iрина Сизоненко,,3:32:20
6,100км Amateurs (шосе та крос) 2 вiкова группа Жінки,12612,Ольга Волохова,,3:38:03
7,100км Amateurs (шосе та крос) 2 вiкова группа Жінки,12533,Ольга Пожарська,,3:50:59
8,100км Amateurs (шосе та крос) 2 вiкова группа Жінки,12634,Анна Яковлева,,3:57:09
9,100км Amateurs (шосе та крос) 2 вiкова группа Жінки,12045,Оксана Кириленко,,4:09:55
1,100км Amateurs (шосе та крос) 3 вiкова группа Жінки,12084,Марина Желтоног,,3:42:23
2,100км Amateurs (шосе та крос) 3 вiкова группа Жінки,2,Рудавська Юлія,,3:50:31
3,100км Amateurs (шосе та крос) 3 вiкова группа Жінки,12506,Ульянова Юлія,,4:19:18
4,100км Amateurs (шосе та крос) 3 вiкова группа Жінки,12159,Наталія Голубова,,0:00:00
5,100км Amateurs (шосе та крос) 3 вiкова группа Жінки,12681,Олександра Бриленко,,0:00:00
1,100км Amateurs (шосе та крос) 4 вiкова группа Жінки,12140,Ірина Васильєва,,3:16:58
2,100км Amateurs (шосе та крос) 4 вiкова группа Жінки,12082,Чубай Ольга,,5:28:31
3,100км Amateurs (шосе та крос) 4 вiкова группа Жінки,12183,Алла Пулеха,,5:41:31
1,100км Amateurs (шосе та крос) 5 вiкова группа Жінки,12685,Ірина Бондаренко,,3:52:38
1,100км ELITE Жінки,102,Олена Павлухіна,,2:57:57
2,100км ELITE Жінки,45,Шістко Анастасія,,3:08:24
1,100км Masters (МТБ та гібрид) 2 вiкова группа Жінки,21021,Леся Страфун,,3:23:11
1,100км Masters (МТБ та гібрид) 3 вiкова группа Жінки,21020,Лора Байкина,,3:25:20
1,100км Masters (шосе та крос) 1 вiкова группа Жінки,11062,Ольга Ящук,,2:47:48
2,100км Masters (шосе та крос) 1 вiкова группа Жінки,11092,Natalya Tarnavchyk-Chuhuyevets,,2:52:48
3,100км Masters (шосе та крос) 1 вiкова группа Жінки,11097,Анна Питомець,,2:55:20
4,100км Masters (шосе та крос) 1 вiкова группа Жінки,11051,Кристина Стрижак,,2:56:29
5,100км Masters (шосе та крос) 1 вiкова группа Жінки,11044,Оксана Сугакова,,3:01:51
6,100км Masters (шосе та крос) 1 вiкова группа Жінки,11067,Татьяна Лищинская,,3:46:35
7,100км Masters (шосе та крос) 1 вiкова группа Жінки,11001,Любарська Софія,,4:00:33
8,100км Masters (шосе та крос) 1 вiкова группа Жінки,11011,Марта Захарова,,
1,100км Masters (шосе та крос) 2 вiкова группа Жінки,11087,Олена Гарькава,,
1,100км Masters (шосе та крос) 3 вiкова группа Жінки,11053,Ілона Аржанова,,2:57:47
1,100км Masters (шосе та крос) 4 вiкова группа Жінки,11004,Вікторія Нестерова,,4:00:34
2,100км Masters (шосе та крос) 4 вiкова группа Жінки,11018,Наталія Радушинська,,
1,100км Masters (шосе та крос) 5 вiкова группа Жінки,11005,Наталія Курзанова,,2:55:08
2,100км Masters (шосе та крос) 5 вiкова группа Жінки,11019,Тanya Nesterchuk,,3:29:57
1,100км Amateurs (МТБ та гібрид) 1 вiкова группа Чоловіки,22305,Олександр Біляєв,,2:48:33
2,100км Amateurs (МТБ та гібрид) 1 вiкова группа Чоловіки,22016,Дмитрий Виноградов,,2:52:18
3,100км Amateurs (МТБ та гібрид) 1 вiкова группа Чоловіки,22042,Ігор Килимчук,,2:53:33
4,100км Amateurs (МТБ та гібрид) 1 вiкова группа Чоловіки,22731,Максим Сидоренко,,2:54:24
5,100км Amateurs (МТБ та гібрид) 1 вiкова группа Чоловіки,22547,Андрій Паламарчук,,2:58:40
6,100км Amateurs (МТБ та гібрид) 1 вiкова группа Чоловіки,22621,Александр Сошенко,,3:02:27
7,100км Amateurs (МТБ та гібрид) 1 вiкова группа Чоловіки,22812,Михайло Койдан,,3:06:29
8,100км Amateurs (МТБ та гібрид) 1 вiкова группа Чоловіки,22624,Іван Мазур,,3:08:53
9,100км Amateurs (МТБ та гібрид) 1 вiкова группа Чоловіки,22030,Віталій Волошин,,3:11:16
10,100км Amateurs (МТБ та гібрид) 1 вiкова группа Чоловіки,22340,Александр Медведев,,3:12:51
11,100км Amateurs (МТБ та гібрид) 1 вiкова группа Чоловіки,22596,Денис Фесенко,,3:13:13
12,100км Amateurs (МТБ та гібрид) 1 вiкова группа Чоловіки,22589,Микола Поліщук,,3:13:35
13,100км Amateurs (МТБ та гібрид) 1 вiкова группа Чоловіки,22300,Михайло Кушка,,3:13:35
14,100км Amateurs (МТБ та гібрид) 1 вiкова группа Чоловіки,22607,Костянтин Ткачук,,3:15:05
15,100км Amateurs (МТБ та гібрид) 1 вiкова группа Чоловіки,22407,Артём Никифоров,,3:19:18
16,100км Amateurs (МТБ та гібрид) 1 вiкова группа Чоловіки,22645,Олексій Пилипчук,,3:20:14
17,100км Amateurs (МТБ та гібрид) 1 вiкова группа Чоловіки,22025,Роман Бондар,,3:20:54
18,100км Amateurs (МТБ та гібрид) 1 вiкова группа Чоловіки,22488,Сергей Олейник,,3:22:17
19,100км Amateurs (МТБ та гібрид) 1 вiкова группа Чоловіки,22086,Богдан Власенко,,3:22:17
20,100км Amateurs (МТБ та гібрид) 1 вiкова группа Чоловіки,22246,Ілля Сікан,,3:24:10
21,100км Amateurs (МТБ та гібрид) 1 вiкова группа Чоловіки,22576,Іван Лівий,,3:25:09
22,100км Amateurs (МТБ та гібрид) 1 вiкова группа Чоловіки,22389,Андрій Повійчук,,3:25:10
23,100км Amateurs (МТБ та гібрид) 1 вiкова группа Чоловіки,22355,Сергей Бровкин,,3:25:19
24,100км Amateurs (МТБ та гібрид) 1 вiкова группа Чоловіки,22376,Artem Soboliev,,3:25:20
25,100км Amateurs (МТБ та гібрид) 1 вiкова группа Чоловіки,22259,Олексій Удовенко,,3:25:20
26,100км Amateurs (МТБ та гібрид) 1 вiкова группа Чоловіки,22439,Ihor Polonskyi,,3:26:12
27,100км Amateurs (МТБ та гібрид) 1 вiкова группа Чоловіки,22044,Іван Фенюк,,3:27:25
28,100км Amateurs (МТБ та гібрид) 1 вiкова группа Чоловіки,22117,Олексій Ткачов,,3:27:49
29,100км Amateurs (МТБ та гібрид) 1 вiкова группа Чоловіки,22561,Олег Жиделяєв,,3:28:27
30,100км Amateurs (МТБ та гібрид) 1 вiкова группа Чоловіки,22558,Євген Чернецький,,3:29:14
31,100км Amateurs (МТБ та гібрид) 1 вiкова группа Чоловіки,22321,Евгений Мотин,,3:30:18
32,100км Amateurs (МТБ та гібрид) 1 вiкова группа Чоловіки,22240,Володимир Попов,,3:30:27
33,100км Amateurs (МТБ та гібрид) 1 вiкова группа Чоловіки,22440,Юрий Яковенко,,3:30:30
34,100км Amateurs (МТБ та гібрид) 1 вiкова группа Чоловіки,22521,Вадим Гнатюк,,3:30:31
35,100км Amateurs (МТБ та гібрид) 1 вiкова группа Чоловіки,22183,Владислав Рочняк,,3:32:01
36,100км Amateurs (МТБ та гібрид) 1 вiкова группа Чоловіки,22024,Богдан Семенко,,3:32:23
37,100км Amateurs (МТБ та гібрид) 1 вiкова группа Чоловіки,22276,Evgen Kuts,,3:33:05
38,100км Amateurs (МТБ та гібрид) 1 вiкова группа Чоловіки,22747,Миколай Романько,,3:33:13
39,100км Amateurs (МТБ та гібрид) 1 вiкова группа Чоловіки,22537,Artem Grynenko,,3:33:26
40,100км Amateurs (МТБ та гібрид) 1 вiкова группа Чоловіки,22574,Богдан Карленко,,3:33:43
41,100км Amateurs (МТБ та гібрид) 1 вiкова группа Чоловіки,22641,Вадим Біндас,,3:34:03
42,100км Amateurs (МТБ та гібрид) 1 вiкова группа Чоловіки,22076,Денис Тищенко,,3:35:58
43,100км Amateurs (МТБ та гібрид) 1 вiкова группа Чоловіки,22581,Sergey Yukovskiy,,3:36:30
44,100км Amateurs (МТБ та гібрид) 1 вiкова группа Чоловіки,22640,Денис Кулаківський,,3:36:53
45,100км Amateurs (МТБ та гібрид) 1 вiкова группа Чоловіки,22754,Олександр Губарєв,,3:37:10
46,100км Amateurs (МТБ та гібрид) 1 вiкова группа Чоловіки,22824,Ярослав Малоокий,,3:38:43
47,100км Amateurs (МТБ та гібрид) 1 вiкова группа Чоловіки,22185,Андрій Колесник,,3:39:08
48,100км Amateurs (МТБ та гібрид) 1 вiкова группа Чоловіки,22484,Сергій Рижов,,3:40:53
49,100км Amateurs (МТБ та гібрид) 1 вiкова группа Чоловіки,22342,Андрей Бовт,,3:40:54
50,100км Amateurs (МТБ та гібрид) 1 вiкова группа Чоловіки,22053,Валентин Венедіктов,,3:41:22
51,100км Amateurs (МТБ та гібрид) 1 вiкова группа Чоловіки,22554,Роман Орлов,,3:42:11
52,100км Amateurs (МТБ та гібрид) 1 вiкова группа Чоловіки,22408,Андрій Сенькович,,3:42:21
53,100км Amateurs (МТБ та гібрид) 1 вiкова группа Чоловіки,22448,Ярослав Васильченко,,3:43:06
54,100км Amateurs (МТБ та гібрид) 1 вiкова группа Чоловіки,22668,Владимир Бобровский,,3:44:00
55,100км Amateurs (МТБ та гібрид) 1 вiкова группа Чоловіки,22559,Олександр Дегодюк,,3:44:22
56,100км Amateurs (МТБ та гібрид) 1 вiкова группа Чоловіки,22789,Максим Богданов,,3:45:34
57,100км Amateurs (МТБ та гібрид) 1 вiкова группа Чоловіки,22229,Євгеній Чухлов,,3:46:02
58,100км Amateurs (МТБ та гібрид) 1 вiкова группа Чоловіки,22148,Євгеній Лазоренко,,3:46:05
59,100км Amateurs (МТБ та гібрид) 1 вiкова группа Чоловіки,22336,Николай Пелюх,,3:46:39
60,100км Amateurs (МТБ та гібрид) 1 вiкова группа Чоловіки,22738,Іван Насобков,,3:47:23
61,100км Amateurs (МТБ та гібрид) 1 вiкова группа Чоловіки,22592,Костюченко Олексiй,,3:48:06
62,100км Amateurs (МТБ та гібрид) 1 вiкова группа Чоловіки,22032,Віктор Гожий,,3:48:50
63,100км Amateurs (МТБ та гібрид) 1 вiкова группа Чоловіки,22368,Oleh Sychevskyi,,3:49:05
64,100км Amateurs (МТБ та гібрид) 1 вiкова группа Чоловіки,22322,Nazar Zaletskyi,,3:49:37
65,100км Amateurs (МТБ та гібрид) 1 вiкова группа Чоловіки,22703,Олег Лаврега,,3:49:41
66,100км Amateurs (МТБ та гібрид) 1 вiкова группа Чоловіки,22452,Іван Латишев,,3:49:44
67,100км Amateurs (МТБ та гібрид) 1 вiкова группа Чоловіки,22787,Nick Zotov,,3:49:45
68,100км Amateurs (МТБ та гібрид) 1 вiкова группа Чоловіки,22001,Олександр Гурін,,3:50:01
69,100км Amateurs (МТБ та гібрид) 1 вiкова группа Чоловіки,22806,Андрій Бабин,,3:50:28
70,100км Amateurs (МТБ та гібрид) 1 вiкова группа Чоловіки,22423,Железняк Іван,,3:51:11
71,100км Amateurs (МТБ та гібрид) 1 вiкова группа Чоловіки,22618,Дмитро Шабанов,,3:51:31
72,100км Amateurs (МТБ та гібрид) 1 вiкова группа Чоловіки,22671,Коваль Іван,,3:51:41
73,100км Amateurs (МТБ та гібрид) 1 вiкова группа Чоловіки,22008,Едуард Марчук,,3:51:57
74,100км Amateurs (МТБ та гібрид) 1 вiкова группа Чоловіки,22262,Олексій Пуларія,,3:52:06
75,100км Amateurs (МТБ та гібрид) 1 вiкова группа Чоловіки,22550,Zaiets Yaroslav,,3:52:07
76,100км Amateurs (МТБ та гібрид) 1 вiкова группа Чоловіки,22508,Андрій Воробйов,,3:53:09
77,100км Amateurs (МТБ та гібрид) 1 вiкова группа Чоловіки,22043,Віталій Гніздіцький,,3:53:36
78,100км Amateurs (МТБ та гібрид) 1 вiкова группа Чоловіки,22385,Руслан Харів,,3:53:37
79,100км Amateurs (МТБ та гібрид) 1 вiкова группа Чоловіки,22629,Костянтин Міронов,,3:54:24
80,100км Amateurs (МТБ та гібрид) 1 вiкова группа Чоловіки,22101,Олександр Мартиненко,,3:54:38
81,100км Amateurs (МТБ та гібрид) 1 вiкова группа Чоловіки,22835,Богдан Шкурін,,3:55:48
82,100км Amateurs (МТБ та гібрид) 1 вiкова группа Чоловіки,22658,Ілля Шимшит,,3:56:35
83,100км Amateurs (МТБ та гібрид) 1 вiкова группа Чоловіки,22612,Нікіта Висоцький,,3:57:43
84,100км Amateurs (МТБ та гібрид) 1 вiкова группа Чоловіки,22725,Андрій Куценко,,3:58:17
85,100км Amateurs (МТБ та гібрид) 1 вiкова группа Чоловіки,22807,Андрій Каленчук,,3:58:28
86,100км Amateurs (МТБ та гібрид) 1 вiкова группа Чоловіки,22157,Ігор Власенко,,3:58:40
87,100км Amateurs (МТБ та гібрид) 1 вiкова группа Чоловіки,22804,Іван Семененко,,3:59:48
88,100км Amateurs (МТБ та гібрид) 1 вiкова группа Чоловіки,22511,Денис Гончарук,,3:59:50
89,100км Amateurs (МТБ та гібрид) 1 вiкова группа Чоловіки,22204,Eugeniy Polomarenko,,4:00:46
90,100км Amateurs (МТБ та гібрид) 1 вiкова группа Чоловіки,22595,Андрій Мистецький,,4:01:23
91,100км Amateurs (МТБ та гібрид) 1 вiкова группа Чоловіки,22200,Євген Пустоход,,4:01:56
92,100км Amateurs (МТБ та гібрид) 1 вiкова группа Чоловіки,22692,Юрій Куприйчук,,4:01:56
93,100км Amateurs (МТБ та гібрид) 1 вiкова группа Чоловіки,22566,Євген Падалка,,4:02:34
94,100км Amateurs (МТБ та гібрид) 1 вiкова группа Чоловіки,22756,Ярослав Демешко,,4:02:46
95,100км Amateurs (МТБ та гібрид) 1 вiкова группа Чоловіки,22691,Сергій Деркач,,4:02:53
96,100км Amateurs (МТБ та гібрид) 1 вiкова группа Чоловіки,22736,Антон Дорохін,,4:03:50
97,100км Amateurs (МТБ та гібрид) 1 вiкова группа Чоловіки,22225,Владислав Панченко,,4:04:01
98,100км Amateurs (МТБ та гібрид) 1 вiкова группа Чоловіки,22430,Сергей Греков,,4:04:04
99,100км Amateurs (МТБ та гібрид) 1 вiкова группа Чоловіки,22663,Богдан Кравченко,,4:05:06
100,100км Amateurs (МТБ та гібрид) 1 вiкова группа Чоловіки,22328,Максим Музиченко,,4:05:09
101,100км Amateurs (МТБ та гібрид) 1 вiкова группа Чоловіки,22651,Дмитро Конечніков,,4:05:10
102,100км Amateurs (МТБ та гібрид) 1 вiкова группа Чоловіки,22695,Юрій Лугинець,,4:05:10
103,100км Amateurs (МТБ та гібрид) 1 вiкова группа Чоловіки,22198,Андрій Кабанець,,4:05:18
104,100км Amateurs (МТБ та гібрид) 1 вiкова группа Чоловіки,22127,Mykhailo Rushkovskyi,,4:05:58
105,100км Amateurs (МТБ та гібрид) 1 вiкова группа Чоловіки,22380,Богдан Скороход,,4:06:04
106,100км Amateurs (МТБ та гібрид) 1 вiкова группа Чоловіки,22437,Дмитро Берко,,4:06:09
107,100км Amateurs (МТБ та гібрид) 1 вiкова группа Чоловіки,22602,Алексей Петровский,,4:06:18
108,100км Amateurs (МТБ та гібрид) 1 вiкова группа Чоловіки,22228,Dmytro Lishchuk,,4:06:33
109,100км Amateurs (МТБ та гібрид) 1 вiкова группа Чоловіки,22860,Володимир Федоров,,4:08:15
110,100км Amateurs (МТБ та гібрид) 1 вiкова группа Чоловіки,22167,Олексій Гузенко,,4:08:29
111,100км Amateurs (МТБ та гібрид) 1 вiкова группа Чоловіки,22263,Ivan Shevchuk,,4:08:29
112,100км Amateurs (МТБ та гібрид) 1 вiкова группа Чоловіки,22544,Андрій Кутасов,,4:09:13
113,100км Amateurs (МТБ та гібрид) 1 вiкова группа Чоловіки,22038,Артем Федченко,,4:09:27
114,100км Amateurs (МТБ та гібрид) 1 вiкова группа Чоловіки,22479,Дмитро Воловик,,4:10:08
115,100км Amateurs (МТБ та гібрид) 1 вiкова группа Чоловіки,22623,Андрій Дорошенко,,4:10:23
116,100км Amateurs (МТБ та гібрид) 1 вiкова группа Чоловіки,22513,Михайло Герасименко,,4:11:47
117,100км Amateurs (МТБ та гібрид) 1 вiкова группа Чоловіки,22197,Anton Poltavets,,4:11:59
118,100км Amateurs (МТБ та гібрид) 1 вiкова группа Чоловіки,22372,Андрей Сибиряков,,4:12:53
119,100км Amateurs (МТБ та гібрид) 1 вiкова группа Чоловіки,22006,Сергій Рибчинський,,4:13:34
120,100км Amateurs (МТБ та гібрид) 1 вiкова группа Чоловіки,22135,Хоменко Микола,,4:13:36
121,100км Amateurs (МТБ та гібрид) 1 вiкова группа Чоловіки,22375,Дмитро Здзітовецький,,4:13:48
122,100км Amateurs (МТБ та гібрид) 1 вiкова группа Чоловіки,22421,Andrey Paskal,,4:13:51
123,100км Amateurs (МТБ та гібрид) 1 вiкова группа Чоловіки,22499,Олексій Зайцев,,4:14:02
124,100км Amateurs (МТБ та гібрид) 1 вiкова группа Чоловіки,22852,Антон Остапов,,4:14:32
125,100км Amateurs (МТБ та гібрид) 1 вiкова группа Чоловіки,22391,Леонід Березницький,,4:15:03
126,100км Amateurs (МТБ та гібрид) 1 вiкова группа Чоловіки,22265,Livitskyi Oleg,,4:15:23
127,100км Amateurs (МТБ та гібрид) 1 вiкова группа Чоловіки,22193,Dmitriy Isnyuk,,4:15:45
128,100км Amateurs (МТБ та гібрид) 1 вiкова группа Чоловіки,22758,Сергій Шеремета,,4:16:21
129,100км Amateurs (МТБ та гібрид) 1 вiкова группа Чоловіки,22649,Дмитрий Сахно,,4:16:29
130,100км Amateurs (МТБ та гібрид) 1 вiкова группа Чоловіки,22761,Дмитро Хомутенко,,4:16:38
131,100км Amateurs (МТБ та гібрид) 1 вiкова группа Чоловіки,22118,Виталий Русавський,,4:17:14
132,100км Amateurs (МТБ та гібрид) 1 вiкова группа Чоловіки,22848,Николай Сидорейко,,4:17:41
133,100км Amateurs (МТБ та гібрид) 1 вiкова группа Чоловіки,22584,Андрій Алєксандров,,4:18:37
134,100км Amateurs (МТБ та гібрид) 1 вiкова группа Чоловіки,22664,Дмитро Уваров,,4:18:38
135,100км Amateurs (МТБ та гібрид) 1 вiкова группа Чоловіки,22131,Роман Пигина,,4:18:42
136,100км Amateurs (МТБ та гібрид) 1 вiкова группа Чоловіки,22004,Valerii Bieloienko,,4:18:54
137,100км Amateurs (МТБ та гібрид) 1 вiкова группа Чоловіки,22515,Данііл Петрович,,4:19:19
138,100км Amateurs (МТБ та гібрид) 1 вiкова группа Чоловіки,22378,Олександр Кириленко,,4:19:31
139,100км Amateurs (МТБ та гібрид) 1 вiкова группа Чоловіки,22606,Maksym Korytskyi,,4:19:34
140,100км Amateurs (МТБ та гібрид) 1 вiкова группа Чоловіки,22393,Коноваленко Микола,,4:19:50
141,100км Amateurs (МТБ та гібрид) 1 вiкова группа Чоловіки,22532,Денис Гайдак,,4:19:51
142,100км Amateurs (МТБ та гібрид) 1 вiкова группа Чоловіки,22610,Максим Яровий,,4:19:54
143,100км Amateurs (МТБ та гібрид) 1 вiкова группа Чоловіки,22450,Михайло Бабак,,4:20:56
144,100км Amateurs (МТБ та гібрид) 1 вiкова группа Чоловіки,22706,Станіслав Борзенков,,4:21:18
145,100км Amateurs (МТБ та гібрид) 1 вiкова группа Чоловіки,22518,Євген Ільчук,,4:22:10
146,100км Amateurs (МТБ та гібрид) 1 вiкова группа Чоловіки,22110,Антон Пушко,,4:22:18
147,100км Amateurs (МТБ та гібрид) 1 вiкова группа Чоловіки,22180,Вячеслав Кукса,,4:22:33
148,100км Amateurs (МТБ та гібрид) 1 вiкова группа Чоловіки,22160,Дмитро Іванченко,,4:23:02
149,100км Amateurs (МТБ та гібрид) 1 вiкова группа Чоловіки,22818,Данило Пархоменко,,4:24:14
150,100км Amateurs (МТБ та гібрид) 1 вiкова группа Чоловіки,22208,Костянтин Трифонов,,4:25:17
151,100км Amateurs (МТБ та гібрид) 1 вiкова группа Чоловіки,22122,Artem Sorokin,,4:25:45
152,100км Amateurs (МТБ та гібрид) 1 вiкова группа Чоловіки,22529,Дмитро Кравченко,,4:25:46
153,100км Amateurs (МТБ та гібрид) 1 вiкова группа Чоловіки,22858,Денис Плысенко,,4:25:47
154,100км Amateurs (МТБ та гібрид) 1 вiкова группа Чоловіки,22798,Тарас Білий,,4:26:48
155,100км Amateurs (МТБ та гібрид) 1 вiкова группа Чоловіки,22061,Олексій Волошин,,4:26:49
156,100км Amateurs (МТБ та гібрид) 1 вiкова группа Чоловіки,22050,Костянтин Троценко,,4:26:53
157,100км Amateurs (МТБ та гібрид) 1 вiкова группа Чоловіки,22388,Денис Рибкін,,4:27:02
158,100км Amateurs (МТБ та гібрид) 1 вiкова группа Чоловіки,22392,Володимир Бублик,,4:27:26
159,100км Amateurs (МТБ та гібрид) 1 вiкова группа Чоловіки,22213,Олексій Яценко,,4:28:01
160,100км Amateurs (МТБ та гібрид) 1 вiкова группа Чоловіки,22487,Дмитро Колодій,,4:28:04
161,100км Amateurs (МТБ та гібрид) 1 вiкова группа Чоловіки,22600,Роман Швачкін,,4:28:18
162,100км Amateurs (МТБ та гібрид) 1 вiкова группа Чоловіки,22543,Вадим Голяк,,4:28:43
163,100км Amateurs (МТБ та гібрид) 1 вiкова группа Чоловіки,22081,Андрій Горобець,,4:29:05
164,100км Amateurs (МТБ та гібрид) 1 вiкова группа Чоловіки,22377,Матвій Грень,,4:29:35
165,100км Amateurs (МТБ та гібрид) 1 вiкова группа Чоловіки,22839,Максим Литвиненко,,4:30:24
166,100км Amateurs (МТБ та гібрид) 1 вiкова группа Чоловіки,22418,Vitaliy Piunov,,4:30:52
167,100км Amateurs (МТБ та гібрид) 1 вiкова группа Чоловіки,22810,Тімур Хачикян,,4:30:52
168,100км Amateurs (МТБ та гібрид) 1 вiкова группа Чоловіки,22266,Максим Мартынюк,,4:30:53
169,100км Amateurs (МТБ та гібрид) 1 вiкова группа Чоловіки,22788,Олексій Смоля,,4:30:58
170,100км Amateurs (МТБ та гібрид) 1 вiкова группа Чоловіки,22419,Sergey Piunov,,4:31:25
171,100км Amateurs (МТБ та гібрид) 1 вiкова группа Чоловіки,22400,Rodin Sergii,,4:31:44
172,100км Amateurs (МТБ та гібрид) 1 вiкова группа Чоловіки,22619,Павло Кондратенко,,4:32:31
173,100км Amateurs (МТБ та гібрид) 1 вiкова группа Чоловіки,22468,Вадим Курінний,,4:33:07
174,100км Amateurs (МТБ та гібрид) 1 вiкова группа Чоловіки,22103,Герман Демидов,,4:33:56
175,100км Amateurs (МТБ та гібрид) 1 вiкова группа Чоловіки,22498,Ярослав Дерман,,4:34:47
176,100км Amateurs (МТБ та гібрид) 1 вiкова группа Чоловіки,22503,Андрій Шепотін,,4:34:50
177,100км Amateurs (МТБ та гібрид) 1 вiкова группа Чоловіки,22504,Владислав Ніжинський,,4:34:59
178,100км Amateurs (МТБ та гібрид) 1 вiкова группа Чоловіки,22730,Максим Маслов,,4:35:22
179,100км Amateurs (МТБ та гібрид) 1 вiкова группа Чоловіки,22657,Артем Коровніченко,,4:36:08
180,100км Amateurs (МТБ та гібрид) 1 вiкова группа Чоловіки,22369,Андрій Дейсан,,4:36:26
181,100км Amateurs (МТБ та гібрид) 1 вiкова группа Чоловіки,22760,Роман Пашковський,,4:37:10
182,100км Amateurs (МТБ та гібрид) 1 вiкова группа Чоловіки,22172,Владислав Бойчук,,4:37:17
183,100км Amateurs (МТБ та гібрид) 1 вiкова группа Чоловіки,22570,Степан Іванов,,4:37:18
184,100км Amateurs (МТБ та гібрид) 1 вiкова группа Чоловіки,22051,Олег Федоренко,,4:37:23
185,100км Amateurs (МТБ та гібрид) 1 вiкова группа Чоловіки,22737,Костянтин Лучшев,,4:37:37
186,100км Amateurs (МТБ та гібрид) 1 вiкова группа Чоловіки,22510,Андрей Грановский,,4:38:04
187,100км Amateurs (МТБ та гібрид) 1 вiкова группа Чоловіки,22678,Роман Головко,,4:38:17
188,100км Amateurs (МТБ та гібрид) 1 вiкова группа Чоловіки,22182,Антон Никитин,,4:38:20
189,100км Amateurs (МТБ та гібрид) 1 вiкова группа Чоловіки,22717,Вячеслав Папченко,,4:38:27
190,100км Amateurs (МТБ та гібрид) 1 вiкова группа Чоловіки,22560,Кирилл Куценок,,4:38:28
191,100км Amateurs (МТБ та гібрид) 1 вiкова группа Чоловіки,22194,Атрем Руденко,,4:38:45
192,100км Amateurs (МТБ та гібрид) 1 вiкова группа Чоловіки,22836,Виталий Якубчик,,4:38:59
193,100км Amateurs (МТБ та гібрид) 1 вiкова группа Чоловіки,22017,Олексій Шиляєв,,4:39:11
194,100км Amateurs (МТБ та гібрид) 1 вiкова группа Чоловіки,22041,Антон Дядіченко,,4:39:17
195,100км Amateurs (МТБ та гібрид) 1 вiкова группа Чоловіки,22429,Андрій Гаврилюк,,4:39:28
196,100км Amateurs (МТБ та гібрид) 1 вiкова группа Чоловіки,22772,Андрей Черныченко,,4:40:05
197,100км Amateurs (МТБ та гібрид) 1 вiкова группа Чоловіки,22578,Artem Fedotov,,4:41:46
198,100км Amateurs (МТБ та гібрид) 1 вiкова группа Чоловіки,22431,Олег Довгалюк,,4:42:00
199,100км Amateurs (МТБ та гібрид) 1 вiкова группа Чоловіки,22626,Олександр Гостренко,,4:42:14
200,100км Amateurs (МТБ та гібрид) 1 вiкова группа Чоловіки,22112,Артем Кузьменко,,4:42:56
201,100км Amateurs (МТБ та гібрид) 1 вiкова группа Чоловіки,22771,Валерий Ткалич,,4:43:08
202,100км Amateurs (МТБ та гібрид) 1 вiкова группа Чоловіки,22312,Олексій Картушин,,4:43:42
203,100км Amateurs (МТБ та гібрид) 1 вiкова группа Чоловіки,22808,Михайло Погосов,,4:45:42
204,100км Amateurs (МТБ та гібрид) 1 вiкова группа Чоловіки,22801,Олексій Фелді,,4:45:52
205,100км Amateurs (МТБ та гібрид) 1 вiкова группа Чоловіки,22585,Михайло Шелест,,4:45:57
206,100км Amateurs (МТБ та гібрид) 1 вiкова группа Чоловіки,22653,Євген Яровий,,4:46:02
207,100км Amateurs (МТБ та гібрид) 1 вiкова группа Чоловіки,22021,Вячеслав Северин,,4:46:13
208,100км Amateurs (МТБ та гібрид) 1 вiкова группа Чоловіки,22317,Олексій Восьмірко,,4:47:02
209,100км Amateurs (МТБ та гібрид) 1 вiкова группа Чоловіки,22048,Владислав Підвисоцький,,4:47:26
210,100км Amateurs (МТБ та гібрид) 1 вiкова группа Чоловіки,22271,Анатолій Пісарівський,,4:47:45
211,100км Amateurs (МТБ та гібрид) 1 вiкова группа Чоловіки,22451,Андрій Ломоновський,,4:48:09
212,100км Amateurs (МТБ та гібрид) 1 вiкова группа Чоловіки,22444,Дмитро Лінчевський,,4:48:37
213,100км Amateurs (МТБ та гібрид) 1 вiкова группа Чоловіки,22018,Сергій Сенчук,,4:49:02
214,100км Amateurs (МТБ та гібрид) 1 вiкова группа Чоловіки,22830,Юрий Пендюр,,4:49:13
215,100км Amateurs (МТБ та гібрид) 1 вiкова группа Чоловіки,22456,Валентин Розумнюк,,4:49:49
216,100км Amateurs (МТБ та гібрид) 1 вiкова группа Чоловіки,22068,Віталій Рублівський,,4:49:49
217,100км Amateurs (МТБ та гібрид) 1 вiкова группа Чоловіки,22571,Олексій Безуський,,4:50:24
218,100км Amateurs (МТБ та гібрид) 1 вiкова группа Чоловіки,22779,Сергій Метілап,,4:51:01
219,100км Amateurs (МТБ та гібрид) 1 вiкова группа Чоловіки,22343,Сергій Пустовіт,,4:51:02
220,100км Amateurs (МТБ та гібрид) 1 вiкова группа Чоловіки,22741,Віктор Охрімець,,4:52:21
221,100км Amateurs (МТБ та гібрид) 1 вiкова группа Чоловіки,22591,Oleksandr Solovei,,4:52:37
222,100км Amateurs (МТБ та гібрид) 1 вiкова группа Чоловіки,22742,Саша Сокол,,4:52:58
223,100км Amateurs (МТБ та гібрид) 1 вiкова группа Чоловіки,22338,Володимир Швець,,4:53:08
224,100км Amateurs (МТБ та гібрид) 1 вiкова группа Чоловіки,22134,Андрій Горбанський,,4:53:22
225,100км Amateurs (МТБ та гібрид) 1 вiкова группа Чоловіки,22716,Богдан Верозуб,,4:53:51
226,100км Amateurs (МТБ та гібрид) 1 вiкова группа Чоловіки,22226,Serhii Mikhno,,4:53:56
227,100км Amateurs (МТБ та гібрид) 1 вiкова группа Чоловіки,22346,Сергій Башняк,,4:54:06
228,100км Amateurs (МТБ та гібрид) 1 вiкова группа Чоловіки,22396,Олександр Тимчак,,4:54:16
229,100км Amateurs (МТБ та гібрид) 1 вiкова группа Чоловіки,22283,Сергій Плакся,,4:54:37
230,100км Amateurs (МТБ та гібрид) 1 вiкова группа Чоловіки,22755,Дмитро Хміль,,4:54:48
231,100км Amateurs (МТБ та гібрид) 1 вiкова группа Чоловіки,22625,Євген Волков,,4:54:49
232,100км Amateurs (МТБ та гібрид) 1 вiкова группа Чоловіки,22746,Андрій Онищук,,4:55:21
233,100км Amateurs (МТБ та гібрид) 1 вiкова группа Чоловіки,22698,Юрій Оксенюк,,4:55:22
234,100км Amateurs (МТБ та гібрид) 1 вiкова группа Чоловіки,22683,Максим Комов,,4:55:22
235,100км Amateurs (МТБ та гібрид) 1 вiкова группа Чоловіки,22799,Віталій Щербак,,4:55:38
236,100км Amateurs (МТБ та гібрид) 1 вiкова группа Чоловіки,22357,Кирилл Жолуденко,,4:56:04
237,100км Amateurs (МТБ та гібрид) 1 вiкова группа Чоловіки,22604,Михайло Мішньов,,4:56:37
238,100км Amateurs (МТБ та гібрид) 1 вiкова группа Чоловіки,22145,Дмитро Заремба,,4:57:11
239,100км Amateurs (МТБ та гібрид) 1 вiкова группа Чоловіки,22583,Сергій Доброгорський,,4:57:12
240,100км Amateurs (МТБ та гібрид) 1 вiкова группа Чоловіки,22390,Oleksandr Dmytrenko,,4:57:52
241,100км Amateurs (МТБ та гібрид) 1 вiкова группа Чоловіки,22221,Антон Манжелій,,4:58:16
242,100км Amateurs (МТБ та гібрид) 1 вiкова группа Чоловіки,22128,Володимир Стрільчук,,4:58:24
243,100км Amateurs (МТБ та гібрид) 1 вiкова группа Чоловіки,22132,Артем Путра,,4:58:25
244,100км Amateurs (МТБ та гібрид) 1 вiкова группа Чоловіки,22455,Антон Филатов,,4:59:34
245,100км Amateurs (МТБ та гібрид) 1 вiкова группа Чоловіки,22331,Віталій Федоренко,,4:59:35
246,100км Amateurs (МТБ та гібрид) 1 вiкова группа Чоловіки,22454,Oleksii Taranenko,,5:00:09
247,100км Amateurs (МТБ та гібрид) 1 вiкова группа Чоловіки,22680,Ігор Рудик,,5:00:24
248,100км Amateurs (МТБ та гібрид) 1 вiкова группа Чоловіки,22724,Юрій Морозов,,5:00:36
249,100км Amateurs (МТБ та гібрид) 1 вiкова группа Чоловіки,22748,Ігор Олексієнко,,5:00:52
250,100км Amateurs (МТБ та гібрид) 1 вiкова группа Чоловіки,22819,Юрій Третяк,,5:02:01
251,100км Amateurs (МТБ та гібрид) 1 вiкова группа Чоловіки,22811,Богдан Шевяков,,5:02:35
252,100км Amateurs (МТБ та гібрид) 1 вiкова группа Чоловіки,22556,Владислав Сміхов,,5:02:48
253,100км Amateurs (МТБ та гібрид) 1 вiкова группа Чоловіки,22020,Рыжов Захао,,5:02:57
254,100км Amateurs (МТБ та гібрид) 1 вiкова группа Чоловіки,22507,Никита Шоркин,,5:03:04
255,100км Amateurs (МТБ та гібрид) 1 вiкова группа Чоловіки,22514,Serhii Bohukalets,,5:03:34
256,100км Amateurs (МТБ та гібрид) 1 вiкова группа Чоловіки,22541,Віктор Задорожнюк,,5:04:25
257,100км Amateurs (МТБ та гібрид) 1 вiкова группа Чоловіки,22218,Антон Мускеєв,,5:04:29
258,100км Amateurs (МТБ та гібрид) 1 вiкова группа Чоловіки,22790,Сергій Бецан,,5:04:40
259,100км Amateurs (МТБ та гібрид) 1 вiкова группа Чоловіки,22028,Антон Дорожинський,,5:04:52
260,100км Amateurs (МТБ та гібрид) 1 вiкова группа Чоловіки,22523,Кирил Потапенко,,5:04:57
261,100км Amateurs (МТБ та гібрид) 1 вiкова группа Чоловіки,22549,Юрій Гриневич,,5:05:38
262,100км Amateurs (МТБ та гібрид) 1 вiкова группа Чоловіки,22862,Іван Піднебесинй,,5:05:40
263,100км Amateurs (МТБ та гібрид) 1 вiкова группа Чоловіки,22759,Кирилл Михальцов,,5:05:53
264,100км Amateurs (МТБ та гібрид) 1 вiкова группа Чоловіки,22863,Микола Полюхович,,5:07:35
265,100км Amateurs (МТБ та гібрид) 1 вiкова группа Чоловіки,22876,Віталій Вознюк,,5:08:10
266,100км Amateurs (МТБ та гібрид) 1 вiкова группа Чоловіки,22834,Діма Пчолкін,,5:08:18
267,100км Amateurs (МТБ та гібрид) 1 вiкова группа Чоловіки,22646,Serhii Svirchuk,,5:08:31
268,100км Amateurs (МТБ та гібрид) 1 вiкова группа Чоловіки,22582,Андрій Головко,,5:08:32
269,100км Amateurs (МТБ та гібрид) 1 вiкова группа Чоловіки,22719,Олександр Кабула,,5:09:05
270,100км Amateurs (МТБ та гібрид) 1 вiкова группа Чоловіки,22711,Олександр Саченко,,5:09:36
271,100км Amateurs (МТБ та гібрид) 1 вiкова группа Чоловіки,22677,Ярослав Клименчук,,5:09:49
272,100км Amateurs (МТБ та гібрид) 1 вiкова группа Чоловіки,22849,Данило Сенченко,,5:10:42
273,100км Amateurs (МТБ та гібрид) 1 вiкова группа Чоловіки,22866,Микола Галадій,,5:11:06
274,100км Amateurs (МТБ та гібрид) 1 вiкова группа Чоловіки,22179,Євген Кутняк,,5:12:48
275,100км Amateurs (МТБ та гібрид) 1 вiкова группа Чоловіки,22260,ARTEM Bibik,,5:12:53
276,100км Amateurs (МТБ та гібрид) 1 вiкова группа Чоловіки,22164,Дмитро Дєтковський,,5:13:23
277,100км Amateurs (МТБ та гібрид) 1 вiкова группа Чоловіки,22611,Максим Крупко,,5:13:37
278,100км Amateurs (МТБ та гібрид) 1 вiкова группа Чоловіки,22360,Дмитро Кононенко,,5:13:47
279,100км Amateurs (МТБ та гібрид) 1 вiкова группа Чоловіки,22010,Vadym Yarmolaiev,,5:13:58
280,100км Amateurs (МТБ та гібрид) 1 вiкова группа Чоловіки,22867,Богдан Троценко,,5:14:00
281,100км Amateurs (МТБ та гібрид) 1 вiкова группа Чоловіки,22865,Богдан Шестаков,,5:14:28
282,100км Amateurs (МТБ та гібрид) 1 вiкова группа Чоловіки,22434,Joseph Chereshnovsky,,5:18:12
283,100км Amateurs (МТБ та гібрид) 1 вiкова группа Чоловіки,22219,Олег Кириченко,,5:18:23
284,100км Amateurs (МТБ та гібрид) 1 вiкова группа Чоловіки,22113,Андрій Васін,,5:18:47
285,100км Amateurs (МТБ та гібрид) 1 вiкова группа Чоловіки,22643,Андрій Савчук,,5:19:49
286,100км Amateurs (МТБ та гібрид) 1 вiкова группа Чоловіки,22074,Ігор Димша,,5:20:43
287,100км Amateurs (МТБ та гібрид) 1 вiкова группа Чоловіки,22214,Олексій Скіф,,5:21:27
288,100км Amateurs (МТБ та гібрид) 1 вiкова группа Чоловіки,22793,Artem Senenko,,5:21:28
289,100км Amateurs (МТБ та гібрид) 1 вiкова группа Чоловіки,22438,Денис Бабаджанов,,5:21:49
290,100км Amateurs (МТБ та гібрид) 1 вiкова группа Чоловіки,22073,Олег Зінченко,,5:22:00
291,100км Amateurs (МТБ та гібрид) 1 вiкова группа Чоловіки,22693,Віталій Харитонов,,5:22:04
292,100км Amateurs (МТБ та гібрид) 1 вiкова группа Чоловіки,22072,Oleksii Valevach,,5:22:06
293,100км Amateurs (МТБ та гібрид) 1 вiкова группа Чоловіки,22517,Євген Потапенко,,5:22:28
294,100км Amateurs (МТБ та гібрид) 1 вiкова группа Чоловіки,22462,Дмитро Молчанов,,5:23:19
295,100км Amateurs (МТБ та гібрид) 1 вiкова группа Чоловіки,22869,Максим Онопрієнко,,5:24:01
296,100км Amateurs (МТБ та гібрид) 1 вiкова группа Чоловіки,22414,Ростислав Йосипишин,,5:24:02
297,100км Amateurs (МТБ та гібрид) 1 вiкова группа Чоловіки,22267,Олександр Семенюта,,5:24:27
298,100км Amateurs (МТБ та гібрид) 1 вiкова группа Чоловіки,22750,Юрій Черней,,5:25:33
299,100км Amateurs (МТБ та гібрид) 1 вiкова группа Чоловіки,22821,Олександр Третяк,,5:26:09
300,100км Amateurs (МТБ та гібрид) 1 вiкова группа Чоловіки,22502,Юрій Михайлик,,5:26:31
301,100км Amateurs (МТБ та гібрид) 1 вiкова группа Чоловіки,22255,Дмитро Кошляк,,5:27:47
302,100км Amateurs (МТБ та гібрид) 1 вiкова группа Чоловіки,22489,Роман Левчук,,5:27:50
303,100км Amateurs (МТБ та гібрид) 1 вiкова группа Чоловіки,22280,Володимир Новак,,5:28:43
304,100км Amateurs (МТБ та гібрид) 1 вiкова группа Чоловіки,22634,Сушан Віталій,,5:32:40
305,100км Amateurs (МТБ та гібрид) 1 вiкова группа Чоловіки,22313,MYKHAILO HRYTSENKO,,5:32:44
306,100км Amateurs (МТБ та гібрид) 1 вiкова группа Чоловіки,22492,Євгеній М’який,,5:33:27
307,100км Amateurs (МТБ та гібрид) 1 вiкова группа Чоловіки,22015,Юрій Онопрієнко,,5:33:52
308,100км Amateurs (МТБ та гібрид) 1 вiкова группа Чоловіки,22873,Олександр Зборовський,,5:34:19
309,100км Amateurs (МТБ та гібрид) 1 вiкова группа Чоловіки,22395,Алексей Пахомов,,5:34:43
310,100км Amateurs (МТБ та гібрид) 1 вiкова группа Чоловіки,22314,Николай Прищепа,,5:34:43
311,100км Amateurs (МТБ та гібрид) 1 вiкова группа Чоловіки,22844,Руслан Асланян,,5:35:10
312,100км Amateurs (МТБ та гібрид) 1 вiкова группа Чоловіки,22080,Богдан Плюшко,,5:36:03
313,100км Amateurs (МТБ та гібрид) 1 вiкова группа Чоловіки,12544,Данило Стеценко,,5:36:06
314,100км Amateurs (МТБ та гібрид) 1 вiкова группа Чоловіки,22854,Максим Пустовойт,,5:36:14
315,100км Amateurs (МТБ та гібрид) 1 вiкова группа Чоловіки,22238,Александр Бобров,,5:37:14
316,100км Amateurs (МТБ та гібрид) 1 вiкова группа Чоловіки,22306,Павло Брагінський,,5:37:19
317,100км Amateurs (МТБ та гібрид) 1 вiкова группа Чоловіки,22868,Андрій Смаль,,5:38:42
318,100км Amateurs (МТБ та гібрид) 1 вiкова группа Чоловіки,22045,Олексій Арешков,,5:40:18
319,100км Amateurs (МТБ та гібрид) 1 вiкова группа Чоловіки,22874,Костянтин Ніколаєв,,5:40:32
320,100км Amateurs (МТБ та гібрид) 1 вiкова группа Чоловіки,22757,Нестеренко Евгений,,5:40:45
321,100км Amateurs (МТБ та гібрид) 1 вiкова группа Чоловіки,22620,Kyryl Avdieienko,,5:41:07
322,100км Amateurs (МТБ та гібрид) 1 вiкова группа Чоловіки,22401,Костянтин Крупський,,5:41:41
323,100км Amateurs (МТБ та гібрид) 1 вiкова группа Чоловіки,22250,Сергій Домаранський,,5:42:10
324,100км Amateurs (МТБ та гібрид) 1 вiкова группа Чоловіки,22527,Іван Медвідь,,5:42:22
325,100км Amateurs (МТБ та гібрид) 1 вiкова группа Чоловіки,22354,Дмитро Воят,,5:42:50
326,100км Amateurs (МТБ та гібрид) 1 вiкова группа Чоловіки,22224,Olexandr Andryuschenko,,5:43:30
327,100км Amateurs (МТБ та гібрид) 1 вiкова группа Чоловіки,22650,Роман Гришин,,5:43:47
328,100км Amateurs (МТБ та гібрид) 1 вiкова группа Чоловіки,22660,Денис Завгородний,,5:43:49
329,100км Amateurs (МТБ та гібрид) 1 вiкова группа Чоловіки,22673,Алексей Зуев,,5:45:08
330,100км Amateurs (МТБ та гібрид) 1 вiкова группа Чоловіки,22704,Олександр Терновий,,5:45:31
331,100км Amateurs (МТБ та гібрид) 1 вiкова группа Чоловіки,22530,Андрей Денисюк,,5:46:15
332,100км Amateurs (МТБ та гібрид) 1 вiкова группа Чоловіки,22832,Євген Каретін,,5:46:24
333,100км Amateurs (МТБ та гібрид) 1 вiкова группа Чоловіки,22202,Serhii Rokytko,,5:47:04
334,100км Amateurs (МТБ та гібрид) 1 вiкова группа Чоловіки,22203,Danil Dokser,,5:47:04
335,100км Amateurs (МТБ та гібрид) 1 вiкова группа Чоловіки,22344,Ivan Holovlov,,5:47:27
336,100км Amateurs (МТБ та гібрид) 1 вiкова группа Чоловіки,22627,Андрій Гула,,5:52:21
337,100км Amateurs (МТБ та гібрид) 1 вiкова группа Чоловіки,22829,Денис Фещенко,,5:58:20
338,100км Amateurs (МТБ та гібрид) 1 вiкова группа Чоловіки,22404,Олександр Коваленко,,6:00:22
339,100км Amateurs (МТБ та гібрид) 1 вiкова группа Чоловіки,22512,Богдан Колодій,,6:02:15
340,100км Amateurs (МТБ та гібрид) 1 вiкова группа Чоловіки,22465,Олексій Остапов,,6:04:13
341,100км Amateurs (МТБ та гібрид) 1 вiкова группа Чоловіки,22815,Дмитро Кононенко,,6:04:16
342,100км Amateurs (МТБ та гібрид) 1 вiкова группа Чоловіки,22846,Руслан Іванів,,6:04:57
343,100км Amateurs (МТБ та гібрид) 1 вiкова группа Чоловіки,22220,Тарас Старичок,,6:09:11
344,100км Amateurs (МТБ та гібрид) 1 вiкова группа Чоловіки,22763,Андрей Пивовар,,6:09:12
345,100км Amateurs (МТБ та гібрид) 1 вiкова группа Чоловіки,22435,Дмитро Бобирєв,,6:09:35
346,100км Amateurs (МТБ та гібрид) 1 вiкова группа Чоловіки,22290,Ростислав Сулейманов,,6:12:11
347,100км Amateurs (МТБ та гібрид) 1 вiкова группа Чоловіки,22486,Олег Редька,,6:12:11
348,100км Amateurs (МТБ та гібрид) 1 вiкова группа Чоловіки,22672,Дмитрий Задорожный,,6:13:14
349,100км Amateurs (МТБ та гібрид) 1 вiкова группа Чоловіки,22773,Александр Ткач,,6:13:14
350,100км Amateurs (МТБ та гібрид) 1 вiкова группа Чоловіки,22751,Микола Трохимович,,6:16:36
351,100км Amateurs (МТБ та гібрид) 1 вiкова группа Чоловіки,22005,Сергій Пеньковський,,6:17:50
352,100км Amateurs (МТБ та гібрид) 1 вiкова группа Чоловіки,22826,Іван Одинець,,6:18:27
353,100км Amateurs (МТБ та гібрид) 1 вiкова группа Чоловіки,22540,Володимир Притула,,6:19:28
354,100км Amateurs (МТБ та гібрид) 1 вiкова группа Чоловіки,22837,Дмитро Борташевич,,6:19:42
355,100км Amateurs (МТБ та гібрид) 1 вiкова группа Чоловіки,22539,Олексій Попов,,6:22:21
356,100км Amateurs (МТБ та гібрид) 1 вiкова группа Чоловіки,22762,Сергей Мачуленко,,6:25:24
357,100км Amateurs (МТБ та гібрид) 1 вiкова группа Чоловіки,22040,Олег Мінько,,6:30:10
358,100км Amateurs (МТБ та гібрид) 1 вiкова группа Чоловіки,22186,Валентин Ревич,,6:30:25
359,100км Amateurs (МТБ та гібрид) 1 вiкова группа Чоловіки,22014,Олександр Ушаков,,6:31:32
360,100км Amateurs (МТБ та гібрид) 1 вiкова группа Чоловіки,22774,Николай Галушка,,6:32:13
361,100км Amateurs (МТБ та гібрид) 1 вiкова группа Чоловіки,22777,Александр Богуненко,,6:34:51
362,100км Amateurs (МТБ та гібрид) 1 вiкова группа Чоловіки,22765,Антон Шапка,,6:41:46
363,100км Amateurs (МТБ та гібрид) 1 вiкова группа Чоловіки,22775,Евгений Купчак,,6:45:49
364,100км Amateurs (МТБ та гібрид) 1 вiкова группа Чоловіки,22105,Сергій Восьмірко,,
365,100км Amateurs (МТБ та гібрид) 1 вiкова группа Чоловіки,22853,Артем Суліменко,,
366,100км Amateurs (МТБ та гібрид) 1 вiкова группа Чоловіки,22851,Валерій Писаний,,
367,100км Amateurs (МТБ та гібрид) 1 вiкова группа Чоловіки,22257,Роман Савін,,
368,100км Amateurs (МТБ та гібрид) 1 вiкова группа Чоловіки,22491,Микола Прищепа,,
369,100км Amateurs (МТБ та гібрид) 1 вiкова группа Чоловіки,22309,Єгор Гречушкін,,
370,100км Amateurs (МТБ та гібрид) 1 вiкова группа Чоловіки,22033,Віталій Швидкий,,
371,100км Amateurs (МТБ та гібрид) 1 вiкова группа Чоловіки,22064,Олександр Гречко,,
372,100км Amateurs (МТБ та гібрид) 1 вiкова группа Чоловіки,22095,Владимир Силантьев,,
373,100км Amateurs (МТБ та гібрид) 1 вiкова группа Чоловіки,22099,Артур Бабенко,,
374,100км Amateurs (МТБ та гібрид) 1 вiкова группа Чоловіки,22120,Сергей Душин,,
375,100км Amateurs (МТБ та гібрид) 1 вiкова группа Чоловіки,22130,Максим Слюсарчук,,
376,100км Amateurs (МТБ та гібрид) 1 вiкова группа Чоловіки,22142,Олексій Дорогань,,
377,100км Amateurs (МТБ та гібрид) 1 вiкова группа Чоловіки,22188,Artem Hladkov,,
378,100км Amateurs (МТБ та гібрид) 1 вiкова группа Чоловіки,22189,Andriy Karpyshyn,,
379,100км Amateurs (МТБ та гібрид) 1 вiкова группа Чоловіки,22199,Дмитрий Лазарев,,
380,100км Amateurs (МТБ та гібрид) 1 вiкова группа Чоловіки,22215,Ілля Бондарчук,,
381,100км Amateurs (МТБ та гібрид) 1 вiкова группа Чоловіки,22216,Антон Гончарук,,
382,100км Amateurs (МТБ та гібрид) 1 вiкова группа Чоловіки,22234,Дмитро Журавель,,
383,100км Amateurs (МТБ та гібрид) 1 вiкова группа Чоловіки,22237,Василь Коробчук,,
384,100км Amateurs (МТБ та гібрид) 1 вiкова группа Чоловіки,22242,Олександр Лозовий,,
385,100км Amateurs (МТБ та гібрид) 1 вiкова группа Чоловіки,22244,Андрій Горбонос,,
386,100км Amateurs (МТБ та гібрид) 1 вiкова группа Чоловіки,22269,Іван Ляшенко,,
387,100км Amateurs (МТБ та гібрид) 1 вiкова группа Чоловіки,22284,Антон Ильичев,,
388,100км Amateurs (МТБ та гібрид) 1 вiкова группа Чоловіки,22296,Микола Бабич,,
389,100км Amateurs (МТБ та гібрид) 1 вiкова группа Чоловіки,22297,Сергій Дмитренко,,
390,100км Amateurs (МТБ та гібрид) 1 вiкова группа Чоловіки,22299,Іван Мушій,,
391,100км Amateurs (МТБ та гібрид) 1 вiкова группа Чоловіки,22302,Андрій Пархоменко,,
392,100км Amateurs (МТБ та гібрид) 1 вiкова группа Чоловіки,22307,Володимир Неволько,,
393,100км Amateurs (МТБ та гібрид) 1 вiкова группа Чоловіки,22332,Іван Костюк,,
394,100км Amateurs (МТБ та гібрид) 1 вiкова группа Чоловіки,22337,Богдан Наумець,,
395,100км Amateurs (МТБ та гібрид) 1 вiкова группа Чоловіки,22351,Євгеній Ходаківський,,
396,100км Amateurs (МТБ та гібрид) 1 вiкова группа Чоловіки,22370,Олексій Морозов,,
397,100км Amateurs (МТБ та гібрид) 1 вiкова группа Чоловіки,22373,Володимир Джосан,,
398,100км Amateurs (МТБ та гібрид) 1 вiкова группа Чоловіки,22383,Дмитро Шумигора,,
399,100км Amateurs (МТБ та гібрид) 1 вiкова группа Чоловіки,22420,Кирилл Чепурко,,
400,100км Amateurs (МТБ та гібрид) 1 вiкова группа Чоловіки,22425,Дмитро Кисленко,,
401,100км Amateurs (МТБ та гібрид) 1 вiкова группа Чоловіки,22427,Oleksii Postolenko,,
402,100км Amateurs (МТБ та гібрид) 1 вiкова группа Чоловіки,22481,Ярослав Ткачук,,
403,100км Amateurs (МТБ та гібрид) 1 вiкова группа Чоловіки,22509,Виктор Краля,,
404,100км Amateurs (МТБ та гібрид) 1 вiкова группа Чоловіки,22536,Сергей Лисовенко,,
405,100км Amateurs (МТБ та гібрид) 1 вiкова группа Чоловіки,22565,Стас Лобко,,
406,100км Amateurs (МТБ та гібрид) 1 вiкова группа Чоловіки,22608,Андрій Коломакін,,
407,100км Amateurs (МТБ та гібрид) 1 вiкова группа Чоловіки,22655,Петро Савич,,
408,100км Amateurs (МТБ та гібрид) 1 вiкова группа Чоловіки,22722,Іван Погурський,,
409,100км Amateurs (МТБ та гібрид) 1 вiкова группа Чоловіки,22753,Егор Петроченко,,
410,100км Amateurs (МТБ та гібрид) 1 вiкова группа Чоловіки,22767,Виталий Заболотний,,
411,100км Amateurs (МТБ та гібрид) 1 вiкова группа Чоловіки,22780,Владислав Романюк,,
412,100км Amateurs (МТБ та гібрид) 1 вiкова группа Чоловіки,22820,Федір Некрасов,,
413,100км Amateurs (МТБ та гібрид) 1 вiкова группа Чоловіки,22871,Григорій Мироненко,,
414,100км Amateurs (МТБ та гібрид) 1 вiкова группа Чоловіки,22878,Нечипорук Віктор,,
415,100км Amateurs (МТБ та гібрид) 1 вiкова группа Чоловіки,22882,Олександр Кононенко,,
1,100км Amateurs (МТБ та гібрид) 2 вiкова группа Чоловіки,22475,Андрій Гнездицький,,2:53:34
2,100км Amateurs (МТБ та гібрид) 2 вiкова группа Чоловіки,22231,Віктор Сулима,,3:01:22
3,100км Amateurs (МТБ та гібрид) 2 вiкова группа Чоловіки,22158,Олександр Заславський,,3:09:22
4,100км Amateurs (МТБ та гібрид) 2 вiкова группа Чоловіки,22151,Олег Верцимак,,3:11:16
5,100км Amateurs (МТБ та гібрид) 2 вiкова группа Чоловіки,22288,Сергій Бреус,,3:17:20
6,100км Amateurs (МТБ та гібрид) 2 вiкова группа Чоловіки,22286,Андрій Саленко,,3:18:18
7,100км Amateurs (МТБ та гібрид) 2 вiкова группа Чоловіки,22745,Олег Романько,,3:19:00
8,100км Amateurs (МТБ та гібрид) 2 вiкова группа Чоловіки,22201,Павло Дрозюк,,3:22:14
9,100км Amateurs (МТБ та гібрид) 2 вiкова группа Чоловіки,22399,Олександр Корнієнко,,3:22:14
10,100км Amateurs (МТБ та гібрид) 2 вiкова группа Чоловіки,22065,Олександр Кириченко,,3:22:15
11,100км Amateurs (МТБ та гібрид) 2 вiкова группа Чоловіки,22258,Неволько Олександр,,3:26:08
12,100км Amateurs (МТБ та гібрид) 2 вiкова группа Чоловіки,22150,Олексій Стьопічев,,3:28:32
13,100км Amateurs (МТБ та гібрид) 2 вiкова группа Чоловіки,22171,Ярослав Ягодинець,,3:28:54
14,100км Amateurs (МТБ та гібрид) 2 вiкова группа Чоловіки,22413,Олександр Пономаренко,,3:28:57
15,100км Amateurs (МТБ та гібрид) 2 вiкова группа Чоловіки,22417,Олександр Іванчук,,3:35:16
16,100км Amateurs (МТБ та гібрид) 2 вiкова группа Чоловіки,22877,Ігор Мочалов,,3:35:28
17,100км Amateurs (МТБ та гібрид) 2 вiкова группа Чоловіки,22104,Юрій Дробот,,3:35:43
18,100км Amateurs (МТБ та гібрид) 2 вiкова группа Чоловіки,22046,Ruslan Kukhar,,3:36:14
19,100км Amateurs (МТБ та гібрид) 2 вiкова группа Чоловіки,22622,Максим Березняк,,3:37:03
20,100км Amateurs (МТБ та гібрид) 2 вiкова группа Чоловіки,22690,Андрій Рибальченко,,3:39:05
21,100км Amateurs (МТБ та гібрид) 2 вiкова группа Чоловіки,22694,Олег Ткач,,3:39:07
22,100км Amateurs (МТБ та гібрид) 2 вiкова группа Чоловіки,22381,Андрій Копил,,3:39:33
23,100км Amateurs (МТБ та гібрид) 2 вiкова группа Чоловіки,22026,Артём Скрипка,,3:39:45
24,100км Amateurs (МТБ та гібрид) 2 вiкова группа Чоловіки,22144,Дмитро Ліпчанчук,,3:39:49
25,100км Amateurs (МТБ та гібрид) 2 вiкова группа Чоловіки,22473,Олег Яцив,,3:40:36
26,100км Amateurs (МТБ та гібрид) 2 вiкова группа Чоловіки,22075,Максим Фещенко,,3:40:49
27,100км Amateurs (МТБ та гібрид) 2 вiкова группа Чоловіки,22679,Максим Тишенко,,3:44:07
28,100км Amateurs (МТБ та гібрид) 2 вiкова группа Чоловіки,22675,Олександр Яценко,,3:50:50
29,100км Amateurs (МТБ та гібрид) 2 вiкова группа Чоловіки,22084,Алексей Рябченко,,3:50:57
30,100км Amateurs (МТБ та гібрид) 2 вiкова группа Чоловіки,22875,Юрій Зубрицький,,3:51:45
31,100км Amateurs (МТБ та гібрид) 2 вiкова группа Чоловіки,22659,Станіслав Заярський,,3:52:45
32,100км Amateurs (МТБ та гібрид) 2 вiкова группа Чоловіки,22872,Маковій Віталій,,3:53:57
33,100км Amateurs (МТБ та гібрид) 2 вiкова группа Чоловіки,22496,Дмитро Яблоновський,,3:54:10
34,100км Amateurs (МТБ та гібрид) 2 вiкова группа Чоловіки,22441,Олександр Пєнкін,,3:55:03
35,100км Amateurs (МТБ та гібрид) 2 вiкова группа Чоловіки,22066,Олександр Федоров,,3:55:10
36,100км Amateurs (МТБ та гібрид) 2 вiкова группа Чоловіки,22506,Ярослав Зінич,,3:56:31
37,100км Amateurs (МТБ та гібрид) 2 вiкова группа Чоловіки,22140,Дмитро Артьомов,,3:56:34
38,100км Amateurs (МТБ та гібрид) 2 вiкова группа Чоловіки,22294,Андрій Сергієнко,,3:57:31
39,100км Amateurs (МТБ та гібрид) 2 вiкова группа Чоловіки,22063,Віталій Хілько,,3:57:38
40,100км Amateurs (МТБ та гібрид) 2 вiкова группа Чоловіки,22253,Ігор Станкін,,3:59:23
41,100км Amateurs (МТБ та гібрид) 2 вiкова группа Чоловіки,22599,Риба Клєй,,3:59:41
42,100км Amateurs (МТБ та гібрид) 2 вiкова группа Чоловіки,22681,Максим Хмелюк,,4:02:38
43,100км Amateurs (МТБ та гібрид) 2 вiкова группа Чоловіки,22292,Володимир Савченко,,4:02:52
44,100км Amateurs (МТБ та гібрид) 2 вiкова группа Чоловіки,22011,Максим Потетнев,,4:02:54
45,100км Amateurs (МТБ та гібрид) 2 вiкова группа Чоловіки,22816,Олег Білий,,4:03:24
46,100км Amateurs (МТБ та гібрид) 2 вiкова группа Чоловіки,22726,Дмитро Федченко,,4:04:04
47,100км Amateurs (МТБ та гібрид) 2 вiкова группа Чоловіки,22187,Олег Стародумов,,4:04:50
48,100км Amateurs (МТБ та гібрид) 2 вiкова группа Чоловіки,22670,Віктор Войтенко,,4:04:57
49,100км Amateurs (МТБ та гібрид) 2 вiкова группа Чоловіки,22563,Володимир Корнієнко,,4:06:39
50,100км Amateurs (МТБ та гібрид) 2 вiкова группа Чоловіки,22177,Артюшенко Олексій,,4:07:32
51,100км Amateurs (МТБ та гібрид) 2 вiкова группа Чоловіки,22644,Юрiй Бiлаш,,4:07:49
52,100км Amateurs (МТБ та гібрид) 2 вiкова группа Чоловіки,22800,Іван Янголь,,4:09:48
53,100км Amateurs (МТБ та гібрид) 2 вiкова группа Чоловіки,22235,Екимов Константин,,4:10:21
54,100км Amateurs (МТБ та гібрид) 2 вiкова группа Чоловіки,22295,Сергій Грунін,,4:11:08
55,100км Amateurs (МТБ та гібрид) 2 вiкова группа Чоловіки,22323,Андрій Кожушний,,4:12:27
56,100км Amateurs (МТБ та гібрид) 2 вiкова группа Чоловіки,22166,Romario Dyvnych,,4:12:53
57,100км Amateurs (МТБ та гібрид) 2 вiкова группа Чоловіки,22304,Богдан Сак,,4:12:56
58,100км Amateurs (МТБ та гібрид) 2 вiкова группа Чоловіки,22324,Андрей Шумарин,,4:13:09
59,100км Amateurs (МТБ та гібрид) 2 вiкова группа Чоловіки,22402,Віталій Анчуков,,4:13:54
60,100км Amateurs (МТБ та гібрид) 2 вiкова группа Чоловіки,22497,Сластунов Кирил,,4:13:57
61,100км Amateurs (МТБ та гібрид) 2 вiкова группа Чоловіки,22352,Олександр Венедіктов,,4:14:48
62,100км Amateurs (МТБ та гібрид) 2 вiкова группа Чоловіки,22781,Віталій Ярошенко,,4:15:11
63,100км Amateurs (МТБ та гібрид) 2 вiкова группа Чоловіки,22070,Олексій Козута,,4:15:38
64,100км Amateurs (МТБ та гібрид) 2 вiкова группа Чоловіки,22223,Юрій Поліщук,,4:15:54
65,100км Amateurs (МТБ та гібрид) 2 вiкова группа Чоловіки,22371,Олег Шульга,,4:16:11
66,100км Amateurs (МТБ та гібрид) 2 вiкова группа Чоловіки,22126,Андрей Демин,,4:16:12
67,100км Amateurs (МТБ та гібрид) 2 вiкова группа Чоловіки,22669,Тараненко Андрей,,4:16:53
68,100км Amateurs (МТБ та гібрид) 2 вiкова группа Чоловіки,22817,Олег Сивуха,,4:17:09
69,100км Amateurs (МТБ та гібрид) 2 вiкова группа Чоловіки,22159,Павло Пасічник,,4:17:11
70,100км Amateurs (МТБ та гібрид) 2 вiкова группа Чоловіки,22291,Володимир Монтрезор,,4:19:34
71,100км Amateurs (МТБ та гібрид) 2 вiкова группа Чоловіки,22494,Юрій Кучерявий,,4:20:17
72,100км Amateurs (МТБ та гібрид) 2 вiкова группа Чоловіки,22555,Максим Кудляк,,4:20:18
73,100км Amateurs (МТБ та гібрид) 2 вiкова группа Чоловіки,22470,Богдан Фединишин,,4:20:58
74,100км Amateurs (МТБ та гібрид) 2 вiкова группа Чоловіки,22327,Виктор Иванов,,4:21:02
75,100км Amateurs (МТБ та гібрид) 2 вiкова группа Чоловіки,22143,Олександр Григорчук,,4:22:02
76,100км Amateurs (МТБ та гібрид) 2 вiкова группа Чоловіки,22577,Дмитро Федотов,,4:22:57
77,100км Amateurs (МТБ та гібрид) 2 вiкова группа Чоловіки,22460,Олексій Дровозюк,,4:23:21
78,100км Amateurs (МТБ та гібрид) 2 вiкова группа Чоловіки,22459,Володимир Воїнов,,4:28:30
79,100км Amateurs (МТБ та гібрид) 2 вiкова группа Чоловіки,22461,Валентин Варава,,4:30:20
80,100км Amateurs (МТБ та гібрид) 2 вiкова группа Чоловіки,22685,Олексій Пархоменко,,4:30:41
81,100км Amateurs (МТБ та гібрид) 2 вiкова группа Чоловіки,22115,Олександр Карпій,,4:30:51
82,100км Amateurs (МТБ та гібрид) 2 вiкова группа Чоловіки,22129,Віталій Васильченко,,4:31:01
83,100км Amateurs (МТБ та гібрид) 2 вiкова группа Чоловіки,22173,Максим Горгуль,,4:32:10
84,100км Amateurs (МТБ та гібрид) 2 вiкова группа Чоловіки,22472,Олексій Корнієнко,,4:34:53
85,100км Amateurs (МТБ та гібрид) 2 вiкова группа Чоловіки,22729,Руслан Лісовський,,4:35:44
86,100км Amateurs (МТБ та гібрид) 2 вiкова группа Чоловіки,22209,Сенько Андрей,,4:37:28
87,100км Amateurs (МТБ та гібрид) 2 вiкова группа Чоловіки,22733,Сергій Кудрявцев,,4:37:47
88,100км Amateurs (МТБ та гібрид) 2 вiкова группа Чоловіки,22264,Alexandr Petrenko,,4:37:59
89,100км Amateurs (МТБ та гібрид) 2 вiкова группа Чоловіки,22466,Игорь Сидоренко,,4:38:35
90,100км Amateurs (МТБ та гібрид) 2 вiкова группа Чоловіки,22055,Sergiy Malash,,4:39:05
91,100км Amateurs (МТБ та гібрид) 2 вiкова группа Чоловіки,22170,ВІталій Фесенко,,4:39:18
92,100км Amateurs (МТБ та гібрид) 2 вiкова группа Чоловіки,22879,Денис Скорецький,,4:39:51
93,100км Amateurs (МТБ та гібрид) 2 вiкова группа Чоловіки,22632,Олексій Геращенко,,4:39:54
94,100км Amateurs (МТБ та гібрид) 2 вiкова группа Чоловіки,22137,Святослав Хоменко,,4:40:52
95,100км Amateurs (МТБ та гібрид) 2 вiкова группа Чоловіки,22447,Сєргєй Сумлєнний,,4:43:44
96,100км Amateurs (МТБ та гібрид) 2 вiкова группа Чоловіки,22093,Бондаренко Віталій,,4:44:10
97,100км Amateurs (МТБ та гібрид) 2 вiкова группа Чоловіки,22661,Станіслав Кулик,,4:45:31
98,100км Amateurs (МТБ та гібрид) 2 вiкова группа Чоловіки,22069,Pavlo Vetokh,,4:48:29
99,100км Amateurs (МТБ та гібрид) 2 вiкова группа Чоловіки,22217,Денис Мостовлюк,,4:50:03
100,100км Amateurs (МТБ та гібрид) 2 вiкова группа Чоловіки,22426,Константин Козаченко,,4:50:59
101,100км Amateurs (МТБ та гібрид) 2 вiкова группа Чоловіки,22358,Олександр Артемов,,4:51:38
102,100км Amateurs (МТБ та гібрид) 2 вiкова группа Чоловіки,22463,Олександр Кисляк,,4:51:51
103,100км Amateurs (МТБ та гібрид) 2 вiкова группа Чоловіки,22575,Vadim Baranchuk,,4:53:01
104,100км Amateurs (МТБ та гібрид) 2 вiкова группа Чоловіки,22822,Роман Стоянов,,4:54:56
105,100км Amateurs (МТБ та гібрид) 2 вiкова группа Чоловіки,22689,Олег Яницький,,4:55:23
106,100км Amateurs (МТБ та гібрид) 2 вiкова группа Чоловіки,22347,Сергій Бабакін,,4:56:15
107,100км Amateurs (МТБ та гібрид) 2 вiкова группа Чоловіки,22617,Дмитро Гоголь,,4:57:13
108,100км Amateurs (МТБ та гібрид) 2 вiкова группа Чоловіки,22814,Дмитро Стрельчин,,4:58:14
109,100км Amateurs (МТБ та гібрид) 2 вiкова группа Чоловіки,22289,Юрій Кузів,,4:58:54
110,100км Amateurs (МТБ та гібрид) 2 вiкова группа Чоловіки,22278,Виктор Поляков,,5:00:03
111,100км Amateurs (МТБ та гібрид) 2 вiкова группа Чоловіки,22156,Тарас Шаматайло,,5:00:08
112,100км Amateurs (МТБ та гібрид) 2 вiкова группа Чоловіки,22139,Євген Моргенштерн,,5:00:52
113,100км Amateurs (МТБ та гібрид) 2 вiкова группа Чоловіки,22531,Kostiantyn Furmanov,,5:01:52
114,100км Amateurs (МТБ та гібрид) 2 вiкова группа Чоловіки,22442,Костянтин Данілкович,,5:02:58
115,100км Amateurs (МТБ та гібрид) 2 вiкова группа Чоловіки,22803,Роман Бородін,,5:04:33
116,100км Amateurs (МТБ та гібрид) 2 вiкова группа Чоловіки,22162,Андрій Дяконенко,,5:04:54
117,100км Amateurs (МТБ та гібрид) 2 вiкова группа Чоловіки,22476,Василь Мирошниченко,,5:06:47
118,100км Amateurs (МТБ та гібрид) 2 вiкова группа Чоловіки,22279,Юрій Колоколов,,5:07:28
119,100км Amateurs (МТБ та гібрид) 2 вiкова группа Чоловіки,22013,Дмитро Лебедко,,5:07:48
120,100км Amateurs (МТБ та гібрид) 2 вiкова группа Чоловіки,22181,Анатолій Пономар,,5:09:31
121,100км Amateurs (МТБ та гібрид) 2 вiкова группа Чоловіки,22786,Олександр Градинський,,5:12:05
122,100км Amateurs (МТБ та гібрид) 2 вiкова группа Чоловіки,22334,Михайло Присяжнюк,,5:12:17
123,100км Amateurs (МТБ та гібрид) 2 вiкова группа Чоловіки,22572,Олександр Закоморний,,5:13:10
124,100км Amateurs (МТБ та гібрид) 2 вiкова группа Чоловіки,22721,Станіслав Стрекозов,,5:14:00
125,100км Amateurs (МТБ та гібрид) 2 вiкова группа Чоловіки,22409,Igor Rudenko,,5:18:50
126,100км Amateurs (МТБ та гібрид) 2 вiкова группа Чоловіки,22446,Солтис Костянтин,,5:19:41
127,100км Amateurs (МТБ та гібрид) 2 вiкова группа Чоловіки,22133,Дмитро Мазуренко,,5:20:21
128,100км Amateurs (МТБ та гібрид) 2 вiкова группа Чоловіки,22665,Хмара Олексій,,5:20:36
129,100км Amateurs (МТБ та гібрид) 2 вiкова группа Чоловіки,22727,Михайло Чуб,,5:23:06
130,100км Amateurs (МТБ та гібрид) 2 вiкова группа Чоловіки,22831,Milman Vlad,,5:23:58
131,100км Amateurs (МТБ та гібрид) 2 вiкова группа Чоловіки,22684,Дмитро Анкудінов,,5:25:56
132,100км Amateurs (МТБ та гібрид) 2 вiкова группа Чоловіки,22052,Радислав Дзюба,,5:26:23
133,100км Amateurs (МТБ та гібрид) 2 вiкова группа Чоловіки,22845,Костянтин Галамага,,5:28:05
134,100км Amateurs (МТБ та гібрид) 2 вiкова группа Чоловіки,22656,Гермашев Сергій,,5:30:11
135,100км Amateurs (МТБ та гібрид) 2 вiкова группа Чоловіки,22723,Олександр Григорян,,5:30:45
136,100км Amateurs (МТБ та гібрид) 2 вiкова группа Чоловіки,22085,Евгений Бойченко,,5:33:11
137,100км Amateurs (МТБ та гібрид) 2 вiкова группа Чоловіки,22880,Денис Капустник,,5:38:52
138,100км Amateurs (МТБ та гібрид) 2 вiкова группа Чоловіки,22091,Южаков Сергій,,5:41:53
139,100км Amateurs (МТБ та гібрид) 2 вiкова группа Чоловіки,22630,Владимир Потемин,,5:42:02
140,100км Amateurs (МТБ та гібрид) 2 вiкова группа Чоловіки,22813,Андрей Савков,,5:44:29
141,100км Amateurs (МТБ та гібрид) 2 вiкова группа Чоловіки,22597,Андрій Пешехонов,,5:52:24
142,100км Amateurs (МТБ та гібрид) 2 вiкова группа Чоловіки,22573,Конев Олександр,,5:55:12
143,100км Amateurs (МТБ та гібрид) 2 вiкова группа Чоловіки,22348,Сергій Смик,,5:59:46
144,100км Amateurs (МТБ та гібрид) 2 вiкова группа Чоловіки,22764,Дмитрий Сергеев,,6:24:56
145,100км Amateurs (МТБ та гібрид) 2 вiкова группа Чоловіки,22768,Ярослав Клименко,,6:34:49
146,100км Amateurs (МТБ та гібрид) 2 вiкова группа Чоловіки,22855,Roman Tsymbal,,
147,100км Amateurs (МТБ та гібрид) 2 вiкова группа Чоловіки,22859,Олександр Виговський,,
148,100км Amateurs (МТБ та гібрид) 2 вiкова группа Чоловіки,22282,Олександр Новіков,,
149,100км Amateurs (МТБ та гібрид) 2 вiкова группа Чоловіки,22881,Андрій Недошитко,,
150,100км Amateurs (МТБ та гібрид) 2 вiкова группа Чоловіки,22374,Василь Клюцко,,
151,100км Amateurs (МТБ та гібрид) 2 вiкова группа Чоловіки,22783,Ілля Чепурний,,
152,100км Amateurs (МТБ та гібрид) 2 вiкова группа Чоловіки,22019,Олег Ковалик,,
153,100км Amateurs (МТБ та гібрид) 2 вiкова группа Чоловіки,22083,Вадим Рогач,,
154,100км Amateurs (МТБ та гібрид) 2 вiкова группа Чоловіки,22191,Евгений Шморгун,,
155,100км Amateurs (МТБ та гібрид) 2 вiкова группа Чоловіки,22195,Олександр Гриб,,
156,100км Amateurs (МТБ та гібрид) 2 вiкова группа Чоловіки,22252,Шуман Володимир,,
157,100км Amateurs (МТБ та гібрид) 2 вiкова группа Чоловіки,22298,Олег Тюлін,,
158,100км Amateurs (МТБ та гібрид) 2 вiкова группа Чоловіки,22335,Andriy Sydorenko,,
159,100км Amateurs (МТБ та гібрид) 2 вiкова группа Чоловіки,22349,Taras Krazhenko,,
160,100км Amateurs (МТБ та гібрид) 2 вiкова группа Чоловіки,22433,Ігор Тищенко,,
161,100км Amateurs (МТБ та гібрид) 2 вiкова группа Чоловіки,22471,Евгеній Горбенко,,
162,100км Amateurs (МТБ та гібрид) 2 вiкова группа Чоловіки,22490,Олександр Старик,,
163,100км Amateurs (МТБ та гібрид) 2 вiкова группа Чоловіки,22586,Костянтин Бригадир,,
164,100км Amateurs (МТБ та гібрид) 2 вiкова группа Чоловіки,22686,Роман Шинкарьов,,
165,100км Amateurs (МТБ та гібрид) 2 вiкова группа Чоловіки,22784,Кирило Дяченко,,
166,100км Amateurs (МТБ та гібрид) 2 вiкова группа Чоловіки,22850,Вадим Коровін,,
1,100км Amateurs (МТБ та гібрид) 3 вiкова группа Чоловіки,22039,Андрій Бригіда,,3:02:06
2,100км Amateurs (МТБ та гібрид) 3 вiкова группа Чоловіки,22281,Геннадій Тарасенко,,3:07:46
3,100км Amateurs (МТБ та гібрид) 3 вiкова группа Чоловіки,22587,Юрій Ящук,,3:22:58
4,100км Amateurs (МТБ та гібрид) 3 вiкова группа Чоловіки,22098,Сергій Сіунов,,3:23:05
5,100км Amateurs (МТБ та гібрид) 3 вiкова группа Чоловіки,22249,Валерій Калинковський,,3:23:48
6,100км Amateurs (МТБ та гібрид) 3 вiкова группа Чоловіки,22088,Руслан Рогожий,,3:27:05
7,100км Amateurs (МТБ та гібрид) 3 вiкова группа Чоловіки,22092,Олександр Скепян,,3:29:33
8,100км Amateurs (МТБ та гібрид) 3 вiкова группа Чоловіки,22082,Євген Кім,,3:34:34
9,100км Amateurs (МТБ та гібрид) 3 вiкова группа Чоловіки,22233,Вадим Кудрик,,3:41:41
10,100км Amateurs (МТБ та гібрид) 3 вiкова группа Чоловіки,22823,Vasyl Oros,,3:43:12
11,100км Amateurs (МТБ та гібрид) 3 вiкова группа Чоловіки,22739,Сергій Мординський,,3:43:58
12,100км Amateurs (МТБ та гібрид) 3 вiкова группа Чоловіки,22840,Oleh Bezkorovainyi,,3:48:07
13,100км Amateurs (МТБ та гібрид) 3 вiкова группа Чоловіки,22114,Олексій Гладков,,3:49:06
14,100км Amateurs (МТБ та гібрид) 3 вiкова группа Чоловіки,22609,Богдан Коваль,,3:55:00
15,100км Amateurs (МТБ та гібрид) 3 вiкова группа Чоловіки,22102,Віктор Марзунаев,,3:58:49
16,100км Amateurs (МТБ та гібрид) 3 вiкова группа Чоловіки,22236,Сергій Потеряйло,,4:00:14
17,100км Amateurs (МТБ та гібрид) 3 вiкова группа Чоловіки,22569,Сергій Воронкін,,4:01:39
18,100км Amateurs (МТБ та гібрид) 3 вiкова группа Чоловіки,22163,Pavlo Kononov,,4:02:36
19,100км Amateurs (МТБ та гібрид) 3 вiкова группа Чоловіки,22616,Дмитро Бабкін,,4:04:54
20,100км Amateurs (МТБ та гібрид) 3 вiкова группа Чоловіки,22169,Lototskyi Igor,,4:06:33
21,100км Amateurs (МТБ та гібрид) 3 вiкова группа Чоловіки,22248,Роман Галка,,4:07:51
22,100км Amateurs (МТБ та гібрид) 3 вiкова группа Чоловіки,22412,Щербінін Сергій,,4:09:57
23,100км Amateurs (МТБ та гібрид) 3 вiкова группа Чоловіки,22047,Віталій Пеньковський,,4:11:51
24,100км Amateurs (МТБ та гібрид) 3 вiкова группа Чоловіки,22613,Петро Кобрін,,4:13:07
25,100км Amateurs (МТБ та гібрид) 3 вiкова группа Чоловіки,22562,Василь Стельмах,,4:15:46
26,100км Amateurs (МТБ та гібрид) 3 вiкова группа Чоловіки,22345,Юрій Старик,,4:16:59
27,100км Amateurs (МТБ та гібрид) 3 вiкова группа Чоловіки,22071,Степан Степанюк,,4:19:19
28,100км Amateurs (МТБ та гібрид) 3 вiкова группа Чоловіки,22147,Іван Пустовіт,,4:22:17
29,100км Amateurs (МТБ та гібрид) 3 вiкова группа Чоловіки,22089,Дмитро Колпашніков,,4:28:05
30,100км Amateurs (МТБ та гібрид) 3 вiкова группа Чоловіки,22057,Сергій Побегун,,4:28:38
31,100км Amateurs (МТБ та гібрид) 3 вiкова группа Чоловіки,22023,Андрій Штань,,4:32:31
32,100км Amateurs (МТБ та гібрид) 3 вiкова группа Чоловіки,22384,Олександр Вакулюк,,4:32:45
33,100км Amateurs (МТБ та гібрид) 3 вiкова группа Чоловіки,22174,Юрий Будяк,,4:34:38
34,100км Amateurs (МТБ та гібрид) 3 вiкова группа Чоловіки,22277,Vyacheslav Plaksiy,,4:34:47
35,100км Amateurs (МТБ та гібрид) 3 вiкова группа Чоловіки,22210,Александр Орел,,4:37:28
36,100км Amateurs (МТБ та гібрид) 3 вiкова группа Чоловіки,22628,Анохін Юрій,,4:37:58
37,100км Amateurs (МТБ та гібрид) 3 вiкова группа Чоловіки,22411,Олексiй Анатолiйович,,4:45:42
38,100км Amateurs (МТБ та гібрид) 3 вiкова группа Чоловіки,22003,Сергій Лавріненко,,4:52:23
39,100км Amateurs (МТБ та гібрид) 3 вiкова группа Чоловіки,22697,Олександр Черноус,,4:53:13
40,100км Amateurs (МТБ та гібрид) 3 вiкова группа Чоловіки,22594,Эдуард Тесленко,,4:53:17
41,100км Amateurs (МТБ та гібрид) 3 вiкова группа Чоловіки,22077,Роман Нога,,4:54:40
42,100км Amateurs (МТБ та гібрид) 3 вiкова группа Чоловіки,22841,Ігор Чернобаєв,,4:56:03
43,100км Amateurs (МТБ та гібрид) 3 вiкова группа Чоловіки,22273,Сергій Костенко,,4:57:11
44,100км Amateurs (МТБ та гібрид) 3 вiкова группа Чоловіки,22652,Олександр Кукулінський,,5:01:22
45,100км Amateurs (МТБ та гібрид) 3 вiкова группа Чоловіки,22141,Андрій Абдулін,,5:03:42
46,100км Amateurs (МТБ та гібрид) 3 вiкова группа Чоловіки,22121,Mykhailo Stepanov,,5:06:07
47,100км Amateurs (МТБ та гібрид) 3 вiкова группа Чоловіки,22688,Андрій Глотов,,5:06:41
48,100км Amateurs (МТБ та гібрид) 3 вiкова группа Чоловіки,22274,Віталій Фоменков,,5:06:45
49,100км Amateurs (МТБ та гібрид) 3 вiкова группа Чоловіки,22087,Сергій Невмержицький,,5:08:17
50,100км Amateurs (МТБ та гібрид) 3 вiкова группа Чоловіки,22847,Дмитро Абрамов,,5:10:30
51,100км Amateurs (МТБ та гібрид) 3 вiкова группа Чоловіки,22054,Антон Шкарупа,,5:16:15
52,100км Amateurs (МТБ та гібрид) 3 вiкова группа Чоловіки,22382,Дмитро Таранчук,,5:16:18
53,100км Amateurs (МТБ та гібрид) 3 вiкова группа Чоловіки,22718,Олексій Кашуба,,5:16:28
54,100км Amateurs (МТБ та гібрид) 3 вiкова группа Чоловіки,22059,Игорь Куценко,,5:17:38
55,100км Amateurs (МТБ та гібрид) 3 вiкова группа Чоловіки,22469,Андрій Дзвонецький,,5:20:10
56,100км Amateurs (МТБ та гібрид) 3 вiкова группа Чоловіки,22398,Ihor Vetokh,,5:25:20
57,100км Amateurs (МТБ та гібрид) 3 вiкова группа Чоловіки,22387,Андрій Пащенко,,5:27:49
58,100км Amateurs (МТБ та гібрид) 3 вiкова группа Чоловіки,22712,Антон Михайлов,,5:29:31
59,100км Amateurs (МТБ та гібрид) 3 вiкова группа Чоловіки,22293,Євгеній Чудний,,5:33:57
60,100км Amateurs (МТБ та гібрид) 3 вiкова группа Чоловіки,22416,Андрiй Башлак,,5:37:37
61,100км Amateurs (МТБ та гібрид) 3 вiкова группа Чоловіки,22308,Дмитро Жильцов,,5:37:57
62,100км Amateurs (МТБ та гібрид) 3 вiкова группа Чоловіки,22311,Юрій Сукач,,5:42:06
63,100км Amateurs (МТБ та гібрид) 3 вiкова группа Чоловіки,22519,Дмитро Федін,,5:44:48
64,100км Amateurs (МТБ та гібрид) 3 вiкова группа Чоловіки,22809,Ибрагим Бабаев,,5:56:58
65,100км Amateurs (МТБ та гібрид) 3 вiкова группа Чоловіки,22828,Григорій Фещенко,,5:58:23
66,100км Amateurs (МТБ та гібрид) 3 вiкова группа Чоловіки,22647,Сергій Корнієнко,,6:01:35
67,100км Amateurs (МТБ та гібрид) 3 вiкова группа Чоловіки,22856,Владислав Казыдуб,,6:08:50
68,100км Amateurs (МТБ та гібрид) 3 вiкова группа Чоловіки,22776,Константин Ефименко,,6:09:12
69,100км Amateurs (МТБ та гібрид) 3 вiкова группа Чоловіки,22667,Сергій Максименко,,6:12:52
70,100км Amateurs (МТБ та гібрид) 3 вiкова группа Чоловіки,22795,Олександр Ющик,,6:13:58
71,100км Amateurs (МТБ та гібрид) 3 вiкова группа Чоловіки,22325,Віталій Самодін,,6:14:00
72,100км Amateurs (МТБ та гібрид) 3 вiкова группа Чоловіки,22827,Владислав Одинець,,6:18:28
73,100км Amateurs (МТБ та гібрид) 3 вiкова группа Чоловіки,22365,Nihad Loutfi Haj Asaad,,6:29:55
74,100км Amateurs (МТБ та гібрид) 3 вiкова группа Чоловіки,22366,Антон Білецький-Волох,,6:43:43
75,100км Amateurs (МТБ та гібрид) 3 вiкова группа Чоловіки,22482,Саід Ісмагілов,,
76,100км Amateurs (МТБ та гібрид) 3 вiкова группа Чоловіки,22161,Сергій Лобода,,
77,100км Amateurs (МТБ та гібрид) 3 вiкова группа Чоловіки,22176,Юрій Будяк,,
78,100км Amateurs (МТБ та гібрид) 3 вiкова группа Чоловіки,22361,Денис Ключніков,,
79,100км Amateurs (МТБ та гібрид) 3 вiкова группа Чоловіки,22457,Віталій Бойко,,
80,100км Amateurs (МТБ та гібрид) 3 вiкова группа Чоловіки,22614,Александр Борисенко,,
81,100км Amateurs (МТБ та гібрид) 3 вiкова группа Чоловіки,22648,Олексій Бугай,,
1,100км Amateurs (МТБ та гібрид) 4 вiкова группа Чоловіки,22546,Анатолій Конанов,,2:57:47
2,100км Amateurs (МТБ та гібрид) 4 вiкова группа Чоловіки,22743,Сергій Куксінов,,2:58:54
3,100км Amateurs (МТБ та гібрид) 4 вiкова группа Чоловіки,22058,Роман Куриляк,,3:36:00
4,100км Amateurs (МТБ та гібрид) 4 вiкова группа Чоловіки,22406,Тарас Гулеватий,,3:36:01
5,100км Amateurs (МТБ та гібрид) 4 вiкова группа Чоловіки,22303,Ігор Карук,,3:37:38
6,100км Amateurs (МТБ та гібрид) 4 вiкова группа Чоловіки,22557,Геннадий Чорнобай,,3:40:25
7,100км Amateurs (МТБ та гібрид) 4 вiкова группа Чоловіки,22676,Максим Товстиженко,,3:44:00
8,100км Amateurs (МТБ та гібрид) 4 вiкова группа Чоловіки,22432,Валерій Семенік,,3:54:21
9,100км Amateurs (МТБ та гібрид) 4 вiкова группа Чоловіки,22445,Олег Сторожук,,4:02:11
10,100км Amateurs (МТБ та гібрид) 4 вiкова группа Чоловіки,22232,Олександр Марченко,,4:02:49
11,100км Amateurs (МТБ та гібрид) 4 вiкова группа Чоловіки,22245,Валерiй Стефаник,,4:03:54
12,100км Amateurs (МТБ та гібрид) 4 вiкова группа Чоловіки,22153,Віталій Миню,,4:06:54
13,100км Amateurs (МТБ та гібрид) 4 вiкова группа Чоловіки,33,Lyle Canada,,4:15:11
14,100км Amateurs (МТБ та гібрид) 4 вiкова группа Чоловіки,22449,Андрій Болюх,,4:17:33
15,100км Amateurs (МТБ та гібрид) 4 вiкова группа Чоловіки,22078,Микола Бобровський,,4:20:29
16,100км Amateurs (МТБ та гібрид) 4 вiкова группа Чоловіки,22067,Олег Щербак,,4:22:07
17,100км Amateurs (МТБ та гібрид) 4 вiкова группа Чоловіки,22320,Віктор Бабич,,4:22:32
18,100км Amateurs (МТБ та гібрид) 4 вiкова группа Чоловіки,22227,Олексій Міллер,,4:24:09
19,100км Amateurs (МТБ та гібрид) 4 вiкова группа Чоловіки,22007,Олександр Заіграєв,,4:29:40
20,100км Amateurs (МТБ та гібрид) 4 вiкова группа Чоловіки,22833,Константин Бондарев,,4:30:34
21,100км Amateurs (МТБ та гібрид) 4 вiкова группа Чоловіки,22752,IGOR KHIRGII,,4:34:59
22,100км Amateurs (МТБ та гібрид) 4 вiкова группа Чоловіки,22493,Арно Клайьрук,,4:37:40
23,100км Amateurs (МТБ та гібрид) 4 вiкова группа Чоловіки,22125,Олександр Проскурін,,4:40:46
24,100км Amateurs (МТБ та гібрид) 4 вiкова группа Чоловіки,22590,Анатолій Філюрський,,4:47:52
25,100км Amateurs (МТБ та гібрид) 4 вiкова группа Чоловіки,22631,Віталій Ісмаілов,,4:48:10
26,100км Amateurs (МТБ та гібрид) 4 вiкова группа Чоловіки,22682,Сергій Козубов,,4:55:22
27,100км Amateurs (МТБ та гібрид) 4 вiкова группа Чоловіки,22275,Віталій Балан,,5:06:04
28,100км Amateurs (МТБ та гібрид) 4 вiкова группа Чоловіки,22116,Георгий Лунин,,5:10:42
29,100км Amateurs (МТБ та гібрид) 4 вiкова группа Чоловіки,22842,Олександр Лютий,,5:18:35
30,100км Amateurs (МТБ та гібрид) 4 вiкова группа Чоловіки,22838,Олександр Мошков,,5:20:28
31,100км Amateurs (МТБ та гібрид) 4 вiкова группа Чоловіки,22155,TILNYÁK VIKTOR,,5:30:54
32,100км Amateurs (МТБ та гібрид) 4 вiкова группа Чоловіки,22485,Андрій Алсуф‘єв,,5:35:50
33,100км Amateurs (МТБ та гібрид) 4 вiкова группа Чоловіки,22316,Володимир Мацишен,,5:41:20
34,100км Amateurs (МТБ та гібрид) 4 вiкова группа Чоловіки,22184,Андрей Пальгуев,,5:44:30
35,100км Amateurs (МТБ та гібрид) 4 вiкова группа Чоловіки,22516,Віктор Шайгородський,,6:06:05
36,100км Amateurs (МТБ та гібрид) 4 вiкова группа Чоловіки,22687,Василь Ємельяненко,,
37,100км Amateurs (МТБ та гібрид) 4 вiкова группа Чоловіки,22247,Жидков Андрей,,
1,100км Amateurs (МТБ та гібрид) 5 вiкова группа Чоловіки,22422,Ігор Завадський,,3:33:13
2,100км Amateurs (МТБ та гібрид) 5 вiкова группа Чоловіки,22254,Юрій Кухаренко,,3:35:05
3,100км Amateurs (МТБ та гібрид) 5 вiкова группа Чоловіки,13,Keith Bean,,3:40:17
4,100км Amateurs (МТБ та гібрид) 5 вiкова группа Чоловіки,22310,Гліб Хропачов,,3:41:32
5,100км Amateurs (МТБ та гібрид) 5 вiкова группа Чоловіки,22034,Андрей Лунёв,,4:10:13
6,100км Amateurs (МТБ та гібрид) 5 вiкова группа Чоловіки,22524,Віктор Рівшин,,4:20:15
7,100км Amateurs (МТБ та гібрид) 5 вiкова группа Чоловіки,22535,Сергій Гайдай,,4:30:44
8,100км Amateurs (МТБ та гібрид) 5 вiкова группа Чоловіки,22090,Ковалёв Альберт,,4:35:46
9,100км Amateurs (МТБ та гібрид) 5 вiкова группа Чоловіки,22119,Андрій Безгубенко,,4:36:35
10,100км Amateurs (МТБ та гібрид) 5 вiкова группа Чоловіки,22478,Poul Henrik Jensen,,4:37:40
11,100км Amateurs (МТБ та гібрид) 5 вiкова группа Чоловіки,22588,Олег Тарасов,,4:43:40
12,100км Amateurs (МТБ та гібрид) 5 вiкова группа Чоловіки,22175,Андрей Абрамов,,4:57:55
13,100км Amateurs (МТБ та гібрид) 5 вiкова группа Чоловіки,22424,Юрій Бабій,,5:01:21
14,100км Amateurs (МТБ та гібрид) 5 вiкова группа Чоловіки,22256,Олександр Багрій,,5:32:17
15,100км Amateurs (МТБ та гібрид) 5 вiкова группа Чоловіки,22883,Максим Козуб,,5:34:54
16,100км Amateurs (МТБ та гібрид) 5 вiкова группа Чоловіки,22825,Олег Коливай,,6:04:13
17,100км Amateurs (МТБ та гібрид) 5 вiкова группа Чоловіки,22705,Олександр Лазутін,,6:07:21
18,100км Amateurs (МТБ та гібрид) 5 вiкова группа Чоловіки,22769,Сергей Гапоненко,,6:36:01
19,100км Amateurs (МТБ та гібрид) 5 вiкова группа Чоловіки,22154,Олександр Савельєв,,
20,100км Amateurs (МТБ та гібрид) 5 вiкова группа Чоловіки,22386,Валерий Сергеев,,
21,100км Amateurs (МТБ та гібрид) 5 вiкова группа Чоловіки,22528,Дмитро Коробко,,
1,100км Amateurs (МТБ та гібрид) 6 вiкова группа Чоловіки,22301,Александр Мартынов,,3:07:21
2,100км Amateurs (МТБ та гібрид) 6 вiкова группа Чоловіки,22196,Александр Зубко,,3:25:19
3,100км Amateurs (МТБ та гібрид) 6 вiкова группа Чоловіки,22674,Oleksandr Shykhanov,,3:49:39
4,100км Amateurs (МТБ та гібрид) 6 вiкова группа Чоловіки,7,Олексій Хрітоненко,,4:12:38
5,100км Amateurs (МТБ та гібрид) 6 вiкова группа Чоловіки,22533,Ігор Буглак,,4:19:21
6,100км Amateurs (МТБ та гібрид) 6 вiкова группа Чоловіки,22205,Володимир Бондарчук,,4:40:49
7,100км Amateurs (МТБ та гібрид) 6 вiкова группа Чоловіки,22734,Олег Гнітецький,,5:57:12
8,100км Amateurs (МТБ та гібрид) 6 вiкова группа Чоловіки,22735,Сергій Гнітецький,,5:58:40
9,100км Amateurs (МТБ та гібрид) 6 вiкова группа Чоловіки,22713,Володимир Павлюк,,6:00:49
10,100км Amateurs (МТБ та гібрид) 6 вiкова группа Чоловіки,22211,Юрій Бурков,,6:02:53
11,100км Amateurs (МТБ та гібрид) 6 вiкова группа Чоловіки,22341,Дмитро Степанський,,0:00:00
12,100км Amateurs (МТБ та гібрид) 6 вiкова группа Чоловіки,22379,Іван Гонуленко,,0:00:00
13,100км Amateurs (МТБ та гібрид) 6 вiкова группа Чоловіки,22553,Ігор Серебряков,,0:00:00
1,100км Amateurs (МТБ та гібрид) 9 вiкова группа Чоловіки,22326,Cергiй Богуславський,,4:34:53
2,100км Amateurs (МТБ та гібрид) 9 вiкова группа Чоловіки,22501,Володимир Скоморохов,,5:01:32
1,100км Amateurs (шосе та крос) 1 вiкова группа Чоловіки,12245,Artem Shcherbyna,,2:42:44
2,100км Amateurs (шосе та крос) 1 вiкова группа Чоловіки,12381,Дмитрий Лахтадырь,,2:42:45
3,100км Amateurs (шосе та крос) 1 вiкова группа Чоловіки,12502,Олександр Дзюба,,2:42:45
4,100км Amateurs (шосе та крос) 1 вiкова группа Чоловіки,12477,Максим Коваленко,,2:42:45
5,100км Amateurs (шосе та крос) 1 вiкова группа Чоловіки,12800,Андрій Починок,,2:42:46
6,100км Amateurs (шосе та крос) 1 вiкова группа Чоловіки,12543,Дмитро Казаков,,2:42:47
7,100км Amateurs (шосе та крос) 1 вiкова группа Чоловіки,12017,Ігор Шако,,2:42:47
8,100км Amateurs (шосе та крос) 1 вiкова группа Чоловіки,12016,Денис Гнусин,,2:42:47
9,100км Amateurs (шосе та крос) 1 вiкова группа Чоловіки,12148,Максим Тимощук,,2:42:47
10,100км Amateurs (шосе та крос) 1 вiкова группа Чоловіки,12825,Робертас Каупайтіс,,2:43:27
11,100км Amateurs (шосе та крос) 1 вiкова группа Чоловіки,12032,Роман Семененко,,2:43:27
12,100км Amateurs (шосе та крос) 1 вiкова группа Чоловіки,12539,Єгор Рубан,,2:43:27
13,100км Amateurs (шосе та крос) 1 вiкова группа Чоловіки,12602,Дмитро Чернишов,,2:44:41
14,100км Amateurs (шосе та крос) 1 вiкова группа Чоловіки,12160,Андрій Алексєєв,,2:46:33
15,100км Amateurs (шосе та крос) 1 вiкова группа Чоловіки,12573,Олексій Щербіна,,2:46:33
16,100км Amateurs (шосе та крос) 1 вiкова группа Чоловіки,12676,Орест Карп’юк,,2:48:31
17,100км Amateurs (шосе та крос) 1 вiкова группа Чоловіки,12419,Даниил Тельной,,2:49:55
18,100км Amateurs (шосе та крос) 1 вiкова группа Чоловіки,12605,Felix Mantey,,2:49:56
19,100км Amateurs (шосе та крос) 1 вiкова группа Чоловіки,12713,Олег Обріза,,2:49:56
20,100км Amateurs (шосе та крос) 1 вiкова группа Чоловіки,12271,Максим Рудніцький,,2:50:04
21,100км Amateurs (шосе та крос) 1 вiкова группа Чоловіки,12436,Константин Марченко,,2:50:07
22,100км Amateurs (шосе та крос) 1 вiкова группа Чоловіки,12417,Дмитро Сердюк,,2:50:10
23,100км Amateurs (шосе та крос) 1 вiкова группа Чоловіки,12427,Олег Тодер,,2:51:21
24,100км Amateurs (шосе та крос) 1 вiкова группа Чоловіки,12131,Mykhailo Hryn,,2:51:22
25,100км Amateurs (шосе та крос) 1 вiкова группа Чоловіки,12284,Олександр Нагорний,,2:51:22
26,100км Amateurs (шосе та крос) 1 вiкова группа Чоловіки,12240,Сергій Соболєв,,2:51:23
27,100км Amateurs (шосе та крос) 1 вiкова группа Чоловіки,12300,Євген Демченко,,2:51:55
28,100км Amateurs (шосе та крос) 1 вiкова группа Чоловіки,12202,Бохенко Станіслав,,2:52:44
29,100км Amateurs (шосе та крос) 1 вiкова группа Чоловіки,12632,Андрій Чеботарьов,,2:52:46
30,100км Amateurs (шосе та крос) 1 вiкова группа Чоловіки,12746,Єгор Скляров,,2:52:47
31,100км Amateurs (шосе та крос) 1 вiкова группа Чоловіки,12041,Kirill Pytsevich,,2:52:47
32,100км Amateurs (шосе та крос) 1 вiкова группа Чоловіки,12019,Роман Мамадалієв,,2:53:13
33,100км Amateurs (шосе та крос) 1 вiкова группа Чоловіки,12264,Денис Дзядух,,2:55:30
34,100км Amateurs (шосе та крос) 1 вiкова группа Чоловіки,12130,Максим Заварза,,2:55:32
35,100км Amateurs (шосе та крос) 1 вiкова группа Чоловіки,12001,Михайло Кірюшкін,,2:55:34
36,100км Amateurs (шосе та крос) 1 вiкова группа Чоловіки,12139,Олександр Шевчук,,2:56:41
37,100км Amateurs (шосе та крос) 1 вiкова группа Чоловіки,12738,Евгений Фузик,,2:56:41
38,100км Amateurs (шосе та крос) 1 вiкова группа Чоловіки,12627,Антон Волянский,,2:57:28
39,100км Amateurs (шосе та крос) 1 вiкова группа Чоловіки,12399,Кирило Князев,,2:58:09
40,100км Amateurs (шосе та крос) 1 вiкова группа Чоловіки,12817,Максим Балась,,2:58:49
41,100км Amateurs (шосе та крос) 1 вiкова группа Чоловіки,12093,Павло Науменко,,2:59:02
42,100км Amateurs (шосе та крос) 1 вiкова группа Чоловіки,12712,Олександр Штенгелов,,2:59:16
43,100км Amateurs (шосе та крос) 1 вiкова группа Чоловіки,12333,Bohdan Remnov,,2:59:17
44,100км Amateurs (шосе та крос) 1 вiкова группа Чоловіки,12508,Anton Makiievskyi,,2:59:27
45,100км Amateurs (шосе та крос) 1 вiкова группа Чоловіки,12221,Богдан Воєводін,,2:59:27
46,100км Amateurs (шосе та крос) 1 вiкова группа Чоловіки,12535,АРТЕМ БАСАВРО,,2:59:38
47,100км Amateurs (шосе та крос) 1 вiкова группа Чоловіки,12507,Виктор Борзов,,3:00:26
48,100км Amateurs (шосе та крос) 1 вiкова группа Чоловіки,12309,Павло Гуцол,,3:00:36
49,100км Amateurs (шосе та крос) 1 вiкова группа Чоловіки,12115,Олександр Прищепа,,3:01:19
50,100км Amateurs (шосе та крос) 1 вiкова группа Чоловіки,12308,Владимир Комлев,,3:01:22
51,100км Amateurs (шосе та крос) 1 вiкова группа Чоловіки,12593,Олександр Товт,,3:01:55
52,100км Amateurs (шосе та крос) 1 вiкова группа Чоловіки,12450,Ярослав Бульда,,3:02:01
53,100км Amateurs (шосе та крос) 1 вiкова группа Чоловіки,12361,Володимир Чорний,,3:02:24
54,100км Amateurs (шосе та крос) 1 вiкова группа Чоловіки,12625,Николай Терещенко,,3:02:41
55,100км Amateurs (шосе та крос) 1 вiкова группа Чоловіки,12396,Грищенко Денис,,3:03:34
56,100км Amateurs (шосе та крос) 1 вiкова группа Чоловіки,12757,Євгеній Глієвий,,3:03:46
57,100км Amateurs (шосе та крос) 1 вiкова группа Чоловіки,12698,Володимир Яременко,,3:03:49
58,100км Amateurs (шосе та крос) 1 вiкова группа Чоловіки,12386,Taras Kolesnichenko,,3:04:18
59,100км Amateurs (шосе та крос) 1 вiкова группа Чоловіки,12787,Богдан Дзьоба,,3:04:20
60,100км Amateurs (шосе та крос) 1 вiкова группа Чоловіки,12280,Олексій Пасько,,3:04:21
61,100км Amateurs (шосе та крос) 1 вiкова группа Чоловіки,12603,Mykhailo Krents,,3:04:59
62,100км Amateurs (шосе та крос) 1 вiкова группа Чоловіки,12377,Володимир Новосад,,3:05:02
63,100км Amateurs (шосе та крос) 1 вiкова группа Чоловіки,12030,Евгений Зубенко,,3:05:02
64,100км Amateurs (шосе та крос) 1 вiкова группа Чоловіки,12395,Maksym Shevchyk,,3:05:35
65,100км Amateurs (шосе та крос) 1 вiкова группа Чоловіки,12777,Костянтин Саган,,3:05:38
66,100км Amateurs (шосе та крос) 1 вiкова группа Чоловіки,12081,Denis Sorokin,,3:05:52
67,100км Amateurs (шосе та крос) 1 вiкова группа Чоловіки,12795,DEN ATHLETE,,3:05:53
68,100км Amateurs (шосе та крос) 1 вiкова группа Чоловіки,12521,Артем Мельніченко,,3:05:53
69,100км Amateurs (шосе та крос) 1 вiкова группа Чоловіки,12693,Дмитро Шаров,,3:05:54
70,100км Amateurs (шосе та крос) 1 вiкова группа Чоловіки,12848,Костя Голінченко,,3:06:40
71,100км Amateurs (шосе та крос) 1 вiкова группа Чоловіки,12152,алексей гришко,,3:07:20
72,100км Amateurs (шосе та крос) 1 вiкова группа Чоловіки,12191,Андрій Корчак,,3:07:29
73,100км Amateurs (шосе та крос) 1 вiкова группа Чоловіки,12224,Roman Dolzhanskyi,,3:08:23
74,100км Amateurs (шосе та крос) 1 вiкова группа Чоловіки,12784,Володимир Сова,,3:08:24
75,100км Amateurs (шосе та крос) 1 вiкова группа Чоловіки,12433,тарас жеребецький,,3:08:59
76,100км Amateurs (шосе та крос) 1 вiкова группа Чоловіки,12493,Олексій Мармо,,3:08:59
77,100км Amateurs (шосе та крос) 1 вiкова группа Чоловіки,12601,Артем Дрига,,3:09:04
78,100км Amateurs (шосе та крос) 1 вiкова группа Чоловіки,12259,Данил Дрёмов,,3:09:09
79,100км Amateurs (шосе та крос) 1 вiкова группа Чоловіки,12172,Денис Калетник,,3:09:46
80,100км Amateurs (шосе та крос) 1 вiкова группа Чоловіки,12142,Alexander Drahomoshchenko,,3:09:52
81,100км Amateurs (шосе та крос) 1 вiкова группа Чоловіки,12788,Артем Койнаш,,3:09:55
82,100км Amateurs (шосе та крос) 1 вiкова группа Чоловіки,12014,Дмитро Корнійчук,,3:09:55
83,100км Amateurs (шосе та крос) 1 вiкова группа Чоловіки,12279,Едуард Чорний,,3:09:56
84,100км Amateurs (шосе та крос) 1 вiкова группа Чоловіки,12695,Богдан Васильев,,3:10:37
85,100км Amateurs (шосе та крос) 1 вiкова группа Чоловіки,12714,Данил Безлюдько,,3:10:38
86,100км Amateurs (шосе та крос) 1 вiкова группа Чоловіки,12822,Никита Спирин,,3:11:05
87,100км Amateurs (шосе та крос) 1 вiкова группа Чоловіки,12186,Олександр Прокопенко,,3:11:33
88,100км Amateurs (шосе та крос) 1 вiкова группа Чоловіки,12468,Стас Главадський,,3:12:02
89,100км Amateurs (шосе та крос) 1 вiкова группа Чоловіки,12797,Сергіенко Єдгар,,3:12:45
90,100км Amateurs (шосе та крос) 1 вiкова группа Чоловіки,12674,Дмитро Мордовець,,3:12:46
91,100км Amateurs (шосе та крос) 1 вiкова группа Чоловіки,12195,Alexandr Ovsyannikov,,3:12:47
92,100км Amateurs (шосе та крос) 1 вiкова группа Чоловіки,12310,Yevhen Kalinichenko,,3:12:55
93,100км Amateurs (шосе та крос) 1 вiкова группа Чоловіки,12013,Илья Аржановский,,3:12:58
94,100км Amateurs (шосе та крос) 1 вiкова группа Чоловіки,12124,Володимир Росіцький,,3:13:14
95,100км Amateurs (шосе та крос) 1 вiкова группа Чоловіки,12753,Петро Гусарев,,3:13:26
96,100км Amateurs (шосе та крос) 1 вiкова группа Чоловіки,12263,Леонід Коломійцев,,3:13:28
97,100км Amateurs (шосе та крос) 1 вiкова группа Чоловіки,12026,Виктор Викторов,,3:13:28
98,100км Amateurs (шосе та крос) 1 вiкова группа Чоловіки,12034,Вадим Осінський,,3:13:34
99,100км Amateurs (шосе та крос) 1 вiкова группа Чоловіки,12079,Олександр Войналович,,3:13:47
100,100км Amateurs (шосе та крос) 1 вiкова группа Чоловіки,12078,Олександр Божежа,,3:14:06
101,100км Amateurs (шосе та крос) 1 вiкова группа Чоловіки,12021,Юрий Люшневский,,3:14:21
102,100км Amateurs (шосе та крос) 1 вiкова группа Чоловіки,12843,Юрій Забава,,3:15:16
103,100км Amateurs (шосе та крос) 1 вiкова группа Чоловіки,12728,Максим Киричко,,3:15:51
104,100км Amateurs (шосе та крос) 1 вiкова группа Чоловіки,12501,Семен Мартюшев,,3:15:53
105,100км Amateurs (шосе та крос) 1 вiкова группа Чоловіки,12285,Viacheslav Hunko,,3:16:13
106,100км Amateurs (шосе та крос) 1 вiкова группа Чоловіки,12559,Валентин Ваулін,,3:16:22
107,100км Amateurs (шосе та крос) 1 вiкова группа Чоловіки,12033,Ігор Красько,,3:18:11
108,100км Amateurs (шосе та крос) 1 вiкова группа Чоловіки,12804,Григорій Тертишний,,3:18:18
109,100км Amateurs (шосе та крос) 1 вiкова группа Чоловіки,12355,Petro Petrakov,,3:18:19
110,100км Amateurs (шосе та крос) 1 вiкова группа Чоловіки,12011,Антон Вдовин,,3:18:21
111,100км Amateurs (шосе та крос) 1 вiкова группа Чоловіки,12004,Олександр Шугалій,,3:18:21
112,100км Amateurs (шосе та крос) 1 вiкова группа Чоловіки,12134,Назар Лаб’як,,3:18:45
113,100км Amateurs (шосе та крос) 1 вiкова группа Чоловіки,12747,Oleg Rog,,3:18:45
114,100км Amateurs (шосе та крос) 1 вiкова группа Чоловіки,12378,Олександр Ісаєв,,3:18:46
115,100км Amateurs (шосе та крос) 1 вiкова группа Чоловіки,12512,Олександр Пономарьов,,3:18:46
116,100км Amateurs (шосе та крос) 1 вiкова группа Чоловіки,12741,Вадим Геч,,3:18:46
117,100км Amateurs (шосе та крос) 1 вiкова группа Чоловіки,12185,Климент Попков,,3:19:10
118,100км Amateurs (шосе та крос) 1 вiкова группа Чоловіки,12541,Vyacheslav Goldenshteyn,,3:19:10
119,100км Amateurs (шосе та крос) 1 вiкова группа Чоловіки,12325,Олексій Ємельянов,,3:19:35
120,100км Amateurs (шосе та крос) 1 вiкова группа Чоловіки,12678,Илья Дудник,,3:19:35
121,100км Amateurs (шосе та крос) 1 вiкова группа Чоловіки,12028,Максим Пустовойт,,3:19:35
122,100км Amateurs (шосе та крос) 1 вiкова группа Чоловіки,12370,Дмитро Мунтян,,3:20:47
123,100км Amateurs (шосе та крос) 1 вiкова группа Чоловіки,12145,Сергей Березкин,,3:20:51
124,100км Amateurs (шосе та крос) 1 вiкова группа Чоловіки,12721,Володимир Данилін,,3:20:53
125,100км Amateurs (шосе та крос) 1 вiкова группа Чоловіки,12233,Anton Kulibabenko,,3:21:53
126,100км Amateurs (шосе та крос) 1 вiкова группа Чоловіки,12716,Олег Михалевич,,3:22:56
127,100км Amateurs (шосе та крос) 1 вiкова группа Чоловіки,12577,Алексей Куприяненко,,3:23:06
128,100км Amateurs (шосе та крос) 1 вiкова группа Чоловіки,12832,Андрій Михальчук,,3:23:08
129,100км Amateurs (шосе та крос) 1 вiкова группа Чоловіки,12169,Олександр Дюдюн,,3:23:37
130,100км Amateurs (шосе та крос) 1 вiкова группа Чоловіки,12208,Ілля Крамаренко,,3:23:38
131,100км Amateurs (шосе та крос) 1 вiкова группа Чоловіки,12394,Володимир Чорненький,,3:23:38
132,100км Amateurs (шосе та крос) 1 вiкова группа Чоловіки,12842,Олександр Успенський,,3:23:39
133,100км Amateurs (шосе та крос) 1 вiкова группа Чоловіки,12261,Євген Богма,,3:23:42
134,100км Amateurs (шосе та крос) 1 вiкова группа Чоловіки,12129,Антон Бовт,,3:24:11
135,100км Amateurs (шосе та крос) 1 вiкова группа Чоловіки,12830,Андрій Федосенко,,3:24:44
136,100км Amateurs (шосе та крос) 1 вiкова группа Чоловіки,12581,Євгеній Семенчук,,3:24:47
137,100км Amateurs (шосе та крос) 1 вiкова группа Чоловіки,12408,Dmytro Zhulai,,3:24:58
138,100км Amateurs (шосе та крос) 1 вiкова группа Чоловіки,12844,Руслан Карелашвілі,,3:25:26
139,100км Amateurs (шосе та крос) 1 вiкова группа Чоловіки,12184,Максим Даниленко,,3:25:26
140,100км Amateurs (шосе та крос) 1 вiкова группа Чоловіки,12792,Олексій Ярослаєв,,3:25:28
141,100км Amateurs (шосе та крос) 1 вiкова группа Чоловіки,12763,Євгеній Новохатський,,3:25:40
142,100км Amateurs (шосе та крос) 1 вiкова группа Чоловіки,12622,Євген Корсун,,3:25:42
143,100км Amateurs (шосе та крос) 1 вiкова группа Чоловіки,12389,Іван Хрустальов,,3:26:23
144,100км Amateurs (шосе та крос) 1 вiкова группа Чоловіки,12668,Олександр Керов,,3:27:12
145,100км Amateurs (шосе та крос) 1 вiкова группа Чоловіки,12600,Андрій Омельченко,,3:28:04
146,100км Amateurs (шосе та крос) 1 вiкова группа Чоловіки,12292,Vitaliy Paladiychuk,,3:28:39
147,100км Amateurs (шосе та крос) 1 вiкова группа Чоловіки,12366,Володимир Савченко,,3:28:54
148,100км Amateurs (шосе та крос) 1 вiкова группа Чоловіки,12503,Артем Фоєнко,,3:29:12
149,100км Amateurs (шосе та крос) 1 вiкова группа Чоловіки,12774,Євгеній Джикаєв,,3:29:18
150,100км Amateurs (шосе та крос) 1 вiкова группа Чоловіки,12529,Андрій Родіонов,,3:30:09
151,100км Amateurs (шосе та крос) 1 вiкова группа Чоловіки,12700,Дмитро Ковтун,,3:30:14
152,100км Amateurs (шосе та крос) 1 вiкова группа Чоловіки,12762,Олександр Давидок,,3:31:04
153,100км Amateurs (шосе та крос) 1 вiкова группа Чоловіки,12723,Даниил Овчинников,,3:31:12
154,100км Amateurs (шосе та крос) 1 вiкова группа Чоловіки,12745,Дмитро Чорний,,3:31:38
155,100км Amateurs (шосе та крос) 1 вiкова группа Чоловіки,12504,Юрий Ковнер,,3:31:38
156,100км Amateurs (шосе та крос) 1 вiкова группа Чоловіки,12748,Сергій Ізвєков,,3:31:40
157,100км Amateurs (шосе та крос) 1 вiкова группа Чоловіки,12339,Андрей Перевознюк,,3:31:41
158,100км Amateurs (шосе та крос) 1 вiкова группа Чоловіки,12331,Денис Зiняр,,3:32:09
159,100км Amateurs (шосе та крос) 1 вiкова группа Чоловіки,12122,Володимир Валько,,3:32:12
160,100км Amateurs (шосе та крос) 1 вiкова группа Чоловіки,12578,Максим Клименко,,3:32:19
161,100км Amateurs (шосе та крос) 1 вiкова группа Чоловіки,12481,Мороз Вячеслав,,3:32:22
162,100км Amateurs (шосе та крос) 1 вiкова группа Чоловіки,12316,Андрій Гринчишин,,3:33:07
163,100км Amateurs (шосе та крос) 1 вiкова группа Чоловіки,12340,Олександр Рибалко,,3:33:31
164,100км Amateurs (шосе та крос) 1 вiкова группа Чоловіки,12304,Ростислав Пась,,3:33:31
165,100км Amateurs (шосе та крос) 1 вiкова группа Чоловіки,12768,Антон Дядюра,,3:34:06
166,100км Amateurs (шосе та крос) 1 вiкова группа Чоловіки,12704,Володимир Сулятицький,,3:34:42
167,100км Amateurs (шосе та крос) 1 вiкова группа Чоловіки,12530,Максим Жуков,,3:35:11
168,100км Amateurs (шосе та крос) 1 вiкова группа Чоловіки,12583,Владислав Ясний,,3:35:19
169,100км Amateurs (шосе та крос) 1 вiкова группа Чоловіки,12460,Артур Арсланалієв,,3:35:21
170,100км Amateurs (шосе та крос) 1 вiкова группа Чоловіки,12423,Максим Данченко,,3:35:35
171,100км Amateurs (шосе та крос) 1 вiкова группа Чоловіки,12523,Станіслав Соколовський,,3:35:53
172,100км Amateurs (шосе та крос) 1 вiкова группа Чоловіки,12138,Віктор Скочиляс,,3:36:14
173,100км Amateurs (шосе та крос) 1 вiкова группа Чоловіки,12487,Олексій Зволінський,,3:36:21
174,100км Amateurs (шосе та крос) 1 вiкова группа Чоловіки,12589,Oleksii Pastukhov,,3:36:36
175,100км Amateurs (шосе та крос) 1 вiкова группа Чоловіки,12262,Андрій Магаліч,,3:36:37
176,100км Amateurs (шосе та крос) 1 вiкова группа Чоловіки,12407,Serhii Okun,,3:36:58
177,100км Amateurs (шосе та крос) 1 вiкова группа Чоловіки,12043,Сєров Олександр,,3:36:59
178,100км Amateurs (шосе та крос) 1 вiкова группа Чоловіки,12441,Максим Захожий,,3:37:07
179,100км Amateurs (шосе та крос) 1 вiкова группа Чоловіки,12689,Олексій Кучук,,3:37:18
180,100км Amateurs (шосе та крос) 1 вiкова группа Чоловіки,12402,Evgeniy Brusentsov,,3:37:29
181,100км Amateurs (шосе та крос) 1 вiкова группа Чоловіки,12475,Костя Помынальный,,3:37:31
182,100км Amateurs (шосе та крос) 1 вiкова группа Чоловіки,12650,Дмитро Черевик,,3:37:36
183,100км Amateurs (шосе та крос) 1 вiкова группа Чоловіки,12192,Bohdan Poltavets,,3:39:05
184,100км Amateurs (шосе та крос) 1 вiкова группа Чоловіки,12029,Максим Махник,,3:39:29
185,100км Amateurs (шосе та крос) 1 вiкова группа Чоловіки,12494,Олександр Грибенюк,,3:39:30
186,100км Amateurs (шосе та крос) 1 вiкова группа Чоловіки,12519,Denis Babenko,,3:39:46
187,100км Amateurs (шосе та крос) 1 вiкова группа Чоловіки,12812,Петро Шпагін,,3:40:03
188,100км Amateurs (шосе та крос) 1 вiкова группа Чоловіки,12835,Aleksandr Barkov,,3:40:59
189,100км Amateurs (шосе та крос) 1 вiкова группа Чоловіки,12657,Сергій Гальчинський,,3:41:08
190,100км Amateurs (шосе та крос) 1 вiкова группа Чоловіки,12599,Денис Гурак,,3:41:35
191,100км Amateurs (шосе та крос) 1 вiкова группа Чоловіки,12619,Яков Коротенко,,3:41:45
192,100км Amateurs (шосе та крос) 1 вiкова группа Чоловіки,12569,Олександр Тромса,,3:41:46
193,100км Amateurs (шосе та крос) 1 вiкова группа Чоловіки,12516,Майгур Ростислав,,3:41:51
194,100км Amateurs (шосе та крос) 1 вiкова группа Чоловіки,12671,Євген Башмаков,,3:42:11
195,100км Amateurs (шосе та крос) 1 вiкова группа Чоловіки,12367,Рябоштанов Олександр,,3:42:12
196,100км Amateurs (шосе та крос) 1 вiкова группа Чоловіки,12154,Євген Крапивін,,3:43:01
197,100км Amateurs (шосе та крос) 1 вiкова группа Чоловіки,12051,Антон Марченко,,3:43:05
198,100км Amateurs (шосе та крос) 1 вiкова группа Чоловіки,12170,Олег Калина,,3:43:12
199,100км Amateurs (шосе та крос) 1 вiкова группа Чоловіки,12008,Oleksii Baranov,,3:43:14
200,100км Amateurs (шосе та крос) 1 вiкова группа Чоловіки,12418,Андрій Поляновский,,3:43:23
201,100км Amateurs (шосе та крос) 1 вiкова группа Чоловіки,12467,Олександр Москаленко,,3:44:06
202,100км Amateurs (шосе та крос) 1 вiкова группа Чоловіки,12778,Іван Бабенко,,3:44:16
203,100км Amateurs (шосе та крос) 1 вiкова группа Чоловіки,12743,Ruslan Nechyporuk,,3:44:43
204,100км Amateurs (шосе та крос) 1 вiкова группа Чоловіки,12549,Максим Гапон,,3:45:26
205,100км Amateurs (шосе та крос) 1 вiкова группа Чоловіки,12235,Олександр Турланов,,3:46:05
206,100км Amateurs (шосе та крос) 1 вiкова группа Чоловіки,12413,Віктор Кінзерський,,3:46:09
207,100км Amateurs (шосе та крос) 1 вiкова группа Чоловіки,12005,Олег Гаврись,,3:46:19
208,100км Amateurs (шосе та крос) 1 вiкова группа Чоловіки,12673,Сергій Стрижак,,3:46:33
209,100км Amateurs (шосе та крос) 1 вiкова группа Чоловіки,6,Кукуруза Дмитро,,3:46:45
210,100км Amateurs (шосе та крос) 1 вiкова группа Чоловіки,12553,Костянтин Шавруков,,3:46:52
211,100км Amateurs (шосе та крос) 1 вiкова группа Чоловіки,12719,Тарас Цюпер,,3:47:00
212,100км Amateurs (шосе та крос) 1 вiкова группа Чоловіки,12492,Олексій Суров,,3:47:44
213,100км Amateurs (шосе та крос) 1 вiкова группа Чоловіки,12571,Денис Кудряшов,,3:47:47
214,100км Amateurs (шосе та крос) 1 вiкова группа Чоловіки,12247,Олексій Лях,,3:47:53
215,100км Amateurs (шосе та крос) 1 вiкова группа Чоловіки,12063,Олексій Омельченко,,3:48:21
216,100км Amateurs (шосе та крос) 1 вiкова группа Чоловіки,12644,Ігор Харченко,,3:48:46
217,100км Amateurs (шосе та крос) 1 вiкова группа Чоловіки,12343,Логущенко Євген,,3:49:17
218,100км Amateurs (шосе та крос) 1 вiкова группа Чоловіки,12552,Василь Будник,,3:50:14
219,100км Amateurs (шосе та крос) 1 вiкова группа Чоловіки,12384,Андрій Гаращук,,3:51:21
220,100км Amateurs (шосе та крос) 1 вiкова группа Чоловіки,12595,Антон Третьяков,,3:51:24
221,100км Amateurs (шосе та крос) 1 вiкова группа Чоловіки,12435,Роман Гридин,,3:51:29
222,100км Amateurs (шосе та крос) 1 вiкова группа Чоловіки,12641,Сергій Капкан,,3:51:32
223,100км Amateurs (шосе та крос) 1 вiкова группа Чоловіки,12337,Олександр Литвин,,3:51:33
224,100км Amateurs (шосе та крос) 1 вiкова группа Чоловіки,12821,Иван Кубрак,,3:51:52
225,100км Amateurs (шосе та крос) 1 вiкова группа Чоловіки,12828,Влад Палий,,3:52:24
226,100км Amateurs (шосе та крос) 1 вiкова группа Чоловіки,12459,Андрій Нікітенко,,3:52:32
227,100км Amateurs (шосе та крос) 1 вiкова группа Чоловіки,12403,Олександр Воровченко,,3:52:37
228,100км Amateurs (шосе та крос) 1 вiкова группа Чоловіки,12388,Володимир Мірненко,,3:52:41
229,100км Amateurs (шосе та крос) 1 вiкова группа Чоловіки,12307,Maksim Nikolaev,,3:52:45
230,100км Amateurs (шосе та крос) 1 вiкова группа Чоловіки,12731,Semak Maksym,,3:52:46
231,100км Amateurs (шосе та крос) 1 вiкова группа Чоловіки,12807,Олександр Василенко,,3:52:57
232,100км Amateurs (шосе та крос) 1 вiкова группа Чоловіки,12375,Йожиков Артем,,3:52:59
233,100км Amateurs (шосе та крос) 1 вiкова группа Чоловіки,12606,Андрій Боровський,,3:53:14
234,100км Amateurs (шосе та крос) 1 вiкова группа Чоловіки,12061,Георгій Шварцман,,3:53:49
235,100км Amateurs (шосе та крос) 1 вiкова группа Чоловіки,12411,Владислав Нарижний,,3:54:07
236,100км Amateurs (шосе та крос) 1 вiкова группа Чоловіки,12511,Сергiй Василенко,,3:54:08
237,100км Amateurs (шосе та крос) 1 вiкова группа Чоловіки,12117,Богдан Сапіга,,3:54:17
238,100км Amateurs (шосе та крос) 1 вiкова группа Чоловіки,12299,Данил Демешко,,3:54:18
239,100км Amateurs (шосе та крос) 1 вiкова группа Чоловіки,12416,Mykola Bartosh,,3:54:20
240,100км Amateurs (шосе та крос) 1 вiкова группа Чоловіки,12239,Maksym Shkarubo,,3:54:26
241,100км Amateurs (шосе та крос) 1 вiкова группа Чоловіки,12742,Виталий Гирявец,,3:55:36
242,100км Amateurs (шосе та крос) 1 вiкова группа Чоловіки,12515,Игорь Кручинин,,3:56:03
243,100км Amateurs (шосе та крос) 1 вiкова группа Чоловіки,12766,Антон Клименко,,3:56:30
244,100км Amateurs (шосе та крос) 1 вiкова группа Чоловіки,12697,Володимир Ісатаєв,,3:57:29
245,100км Amateurs (шосе та крос) 1 вiкова группа Чоловіки,12214,Сергій Бабієнко,,3:58:12
246,100км Amateurs (шосе та крос) 1 вiкова группа Чоловіки,12849,Антон Іванюк,,3:58:49
247,100км Amateurs (шосе та крос) 1 вiкова группа Чоловіки,12318,Антон Саттаров,,3:58:55
248,100км Amateurs (шосе та крос) 1 вiкова группа Чоловіки,12258,Yegor Tezikov,,3:59:09
249,100км Amateurs (шосе та крос) 1 вiкова группа Чоловіки,12637,Северин Пархоменко,,3:59:14
250,100км Amateurs (шосе та крос) 1 вiкова группа Чоловіки,12751,Даниил Ильющенко,,3:59:29
251,100км Amateurs (шосе та крос) 1 вiкова группа Чоловіки,12630,Сергій Лєбєдєв,,3:59:31
252,100км Amateurs (шосе та крос) 1 вiкова группа Чоловіки,12156,Георгій Кравець,,4:01:21
253,100км Amateurs (шосе та крос) 1 вiкова группа Чоловіки,12006,Андрій Резанович,,4:01:33
254,100км Amateurs (шосе та крос) 1 вiкова группа Чоловіки,12357,Юрий Колос,,4:01:39
255,100км Amateurs (шосе та крос) 1 вiкова группа Чоловіки,12466,Anton Cherednychenko,,4:02:07
256,100км Amateurs (шосе та крос) 1 вiкова группа Чоловіки,12781,Тимур Абдуллаев,,4:02:38
257,100км Amateurs (шосе та крос) 1 вiкова группа Чоловіки,12749,Володимир Компанієць,,4:03:05
258,100км Amateurs (шосе та крос) 1 вiкова группа Чоловіки,12683,Виталий Петько,,4:03:05
259,100км Amateurs (шосе та крос) 1 вiкова группа Чоловіки,12147,Дмитро Корнієнко,,4:03:27
260,100км Amateurs (шосе та крос) 1 вiкова группа Чоловіки,12392,Артем Маламуд,,4:05:58
261,100км Amateurs (шосе та крос) 1 вiкова группа Чоловіки,12660,Євгеній Василенко,,4:06:52
262,100км Amateurs (шосе та крос) 1 вiкова группа Чоловіки,12646,Михайло Косяков,,4:08:16
263,100км Amateurs (шосе та крос) 1 вiкова группа Чоловіки,12108,Костянтин Чепурний,,4:09:08
264,100км Amateurs (шосе та крос) 1 вiкова группа Чоловіки,12608,Роман Рябий,,4:09:34
265,100км Amateurs (шосе та крос) 1 вiкова группа Чоловіки,12810,Микола Мартиненко,,4:10:28
266,100км Amateurs (шосе та крос) 1 вiкова группа Чоловіки,12099,Дмитро Горелік,,4:10:29
267,100км Amateurs (шосе та крос) 1 вiкова группа Чоловіки,12178,Artem Karpishyn,,4:10:49
268,100км Amateurs (шосе та крос) 1 вiкова группа Чоловіки,12564,Олексій Коломієць,,4:12:15
269,100км Amateurs (шосе та крос) 1 вiкова группа Чоловіки,12438,Oleg Melenevsky,,4:12:18
270,100км Amateurs (шосе та крос) 1 вiкова группа Чоловіки,12470,Vladyslav Kostetskyi,,4:12:19
271,100км Amateurs (шосе та крос) 1 вiкова группа Чоловіки,12617,Олександр Косенко,,4:13:06
272,100км Amateurs (шосе та крос) 1 вiкова группа Чоловіки,12161,Євген Сіліонов,,4:13:37
273,100км Amateurs (шосе та крос) 1 вiкова группа Чоловіки,12199,Михайло Григорашик,,4:13:52
274,100км Amateurs (шосе та крос) 1 вiкова группа Чоловіки,12831,Олександр Лелюхін,,4:14:08
275,100км Amateurs (шосе та крос) 1 вiкова группа Чоловіки,12811,Валерий Грабко,,4:15:18
276,100км Amateurs (шосе та крос) 1 вiкова группа Чоловіки,12614,Олександр Лейбак,,4:15:20
277,100км Amateurs (шосе та крос) 1 вiкова группа Чоловіки,12449,Андрій Двояк,,4:15:26
278,100км Amateurs (шосе та крос) 1 вiкова группа Чоловіки,12036,Ілля Шитиков,,4:16:07
279,100км Amateurs (шосе та крос) 1 вiкова группа Чоловіки,12405,Костянтин Щурик,,4:17:04
280,100км Amateurs (шосе та крос) 1 вiкова группа Чоловіки,12274,Дмитро Пархоменко,,4:17:16
281,100км Amateurs (шосе та крос) 1 вiкова группа Чоловіки,12472,Андрій Попович,,4:17:27
282,100км Amateurs (шосе та крос) 1 вiкова группа Чоловіки,12798,Сергій Цимбалюк,,4:19:10
283,100км Amateurs (шосе та крос) 1 вiкова группа Чоловіки,12387,Никита Влаосов,,4:20:18
284,100км Amateurs (шосе та крос) 1 вiкова группа Чоловіки,12125,Костянтин Майстренко,,4:20:47
285,100км Amateurs (шосе та крос) 1 вiкова группа Чоловіки,12371,Валентин Туфекчі,,4:20:52
286,100км Amateurs (шосе та крос) 1 вiкова группа Чоловіки,12010,Олександр Савчук,,4:20:52
287,100км Amateurs (шосе та крос) 1 вiкова группа Чоловіки,12277,Олександр Петік,,4:22:14
288,100км Amateurs (шосе та крос) 1 вiкова группа Чоловіки,12447,Олексій Мельничук,,4:22:19
289,100км Amateurs (шосе та крос) 1 вiкова группа Чоловіки,12288,Дмитро Божко,,4:22:33
290,100км Amateurs (шосе та крос) 1 вiкова группа Чоловіки,12754,Владислав Кібзун,,4:22:33
291,100км Amateurs (шосе та крос) 1 вiкова группа Чоловіки,12755,Євген Кібзун,,4:22:34
292,100км Amateurs (шосе та крос) 1 вiкова группа Чоловіки,12179,Danylo Kyrmach,,4:23:31
293,100км Amateurs (шосе та крос) 1 вiкова группа Чоловіки,12166,Тарас Доронюк,,4:24:25
294,100км Amateurs (шосе та крос) 1 вiкова группа Чоловіки,12604,Кваша Віталій,,4:24:36
295,100км Amateurs (шосе та крос) 1 вiкова группа Чоловіки,12633,Ярослав Календюк,,4:24:58
296,100км Amateurs (шосе та крос) 1 вiкова группа Чоловіки,12067,Юрій Скляр,,4:25:01
297,100км Amateurs (шосе та крос) 1 вiкова группа Чоловіки,12455,Юшко Олексій,,4:25:38
298,100км Amateurs (шосе та крос) 1 вiкова группа Чоловіки,12187,Дмитро Дудко,,4:26:16
299,100км Amateurs (шосе та крос) 1 вiкова группа Чоловіки,12302,Максим Войтенко,,4:26:20
300,100км Amateurs (шосе та крос) 1 вiкова группа Чоловіки,12490,Антон Шишкін,,4:26:21
301,100км Amateurs (шосе та крос) 1 вiкова группа Чоловіки,12711,Дмитро Кононов,,4:29:32
302,100км Amateurs (шосе та крос) 1 вiкова группа Чоловіки,12102,Євгеній Волченков,,4:29:33
303,100км Amateurs (шосе та крос) 1 вiкова группа Чоловіки,12348,Sergei Chukashkin,,4:30:52
304,100км Amateurs (шосе та крос) 1 вiкова группа Чоловіки,12421,Олександр Черевко,,4:31:30
305,100км Amateurs (шосе та крос) 1 вiкова группа Чоловіки,12489,Руслан Матьора,,4:32:05
306,100км Amateurs (шосе та крос) 1 вiкова группа Чоловіки,12400,Євгеній Шульмейстер,,4:32:48
307,100км Amateurs (шосе та крос) 1 вiкова группа Чоловіки,12232,Максим Понкратов,,4:36:08
308,100км Amateurs (шосе та крос) 1 вiкова группа Чоловіки,12588,Олексій Михайленко,,4:38:12
309,100км Amateurs (шосе та крос) 1 вiкова группа Чоловіки,12482,Орлов Олександр,,4:39:28
310,100км Amateurs (шосе та крос) 1 вiкова группа Чоловіки,12736,Антон Федченко,,4:41:48
311,100км Amateurs (шосе та крос) 1 вiкова группа Чоловіки,12109,Андрій Горєлов,,4:44:33
312,100км Amateurs (шосе та крос) 1 вiкова группа Чоловіки,12397,Мельник Андрій,,4:44:45
313,100км Amateurs (шосе та крос) 1 вiкова группа Чоловіки,12351,Владислав Латипов,,4:45:33
314,100км Amateurs (шосе та крос) 1 вiкова группа Чоловіки,12141,Евгений Ворков,,4:47:22
315,100км Amateurs (шосе та крос) 1 вiкова группа Чоловіки,12692,Юрій Мощенський,,4:48:36
316,100км Amateurs (шосе та крос) 1 вiкова группа Чоловіки,12350,Сергій Сташенко,,4:55:59
317,100км Amateurs (шосе та крос) 1 вiкова группа Чоловіки,12168,Alex Orlov,,4:57:29
318,100км Amateurs (шосе та крос) 1 вiкова группа Чоловіки,12626,Богдан Гоша,,4:58:51
319,100км Amateurs (шосе та крос) 1 вiкова группа Чоловіки,12628,Богдан Набережних,,4:58:53
320,100км Amateurs (шосе та крос) 1 вiкова группа Чоловіки,12744,Михайло Шелемба,,5:02:20
321,100км Amateurs (шосе та крос) 1 вiкова группа Чоловіки,12791,Олександр Навка,,5:05:46
322,100км Amateurs (шосе та крос) 1 вiкова группа Чоловіки,12845,Oleksii Maslo,,5:06:01
323,100км Amateurs (шосе та крос) 1 вiкова группа Чоловіки,12677,Олександр Ружицький,,5:15:06
324,100км Amateurs (шосе та крос) 1 вiкова группа Чоловіки,12659,Михайло Подоляк,,5:15:53
325,100км Amateurs (шосе та крос) 1 вiкова группа Чоловіки,12241,Evgeniy Sakhnyuk,,5:16:08
326,100км Amateurs (шосе та крос) 1 вiкова группа Чоловіки,12275,Дмитро Крекота,,5:16:46
327,100км Amateurs (шосе та крос) 1 вiкова группа Чоловіки,12796,Савченко Володимир,,5:18:56
328,100км Amateurs (шосе та крос) 1 вiкова группа Чоловіки,12820,Олександр Ліненко,,5:23:07
329,100км Amateurs (шосе та крос) 1 вiкова группа Чоловіки,12364,Артем Мєсьянінов,,5:23:39
330,100км Amateurs (шосе та крос) 1 вiкова группа Чоловіки,12474,Станіслав Катран,,5:24:59
331,100км Amateurs (шосе та крос) 1 вiкова группа Чоловіки,12376,Юрій Тихун,,5:31:13
332,100км Amateurs (шосе та крос) 1 вiкова группа Чоловіки,12213,Сергій Нікітін,,5:32:14
333,100км Amateurs (шосе та крос) 1 вiкова группа Чоловіки,12462,Вадим Дроздовский,,5:32:44
334,100км Amateurs (шосе та крос) 1 вiкова группа Чоловіки,12629,Владимир Борисенко,,5:37:20
335,100км Amateurs (шосе та крос) 1 вiкова группа Чоловіки,12349,Игорь Шварц,,5:37:44
336,100км Amateurs (шосе та крос) 1 вiкова группа Чоловіки,12298,Даня Бовкун,,5:55:36
337,100км Amateurs (шосе та крос) 1 вiкова группа Чоловіки,12793,Владимир Минко,,6:03:19
338,100км Amateurs (шосе та крос) 1 вiкова группа Чоловіки,12039,Андрій Білан,,6:04:36
339,100км Amateurs (шосе та крос) 1 вiкова группа Чоловіки,12353,Віктор Роженко,,6:08:49
340,100км Amateurs (шосе та крос) 1 вiкова группа Чоловіки,12062,Ілля Миргородченко,,6:23:09
341,100км Amateurs (шосе та крос) 1 вiкова группа Чоловіки,12851,Євгеній Чайка,,6:29:19
342,100км Amateurs (шосе та крос) 1 вiкова группа Чоловіки,12758,Владислав Ющик,,6:30:16
343,100км Amateurs (шосе та крос) 1 вiкова группа Чоловіки,12469,Віктор Крутько,,6:51:58
344,100км Amateurs (шосе та крос) 1 вiкова группа Чоловіки,12841,Андрій Левітан,,
345,100км Amateurs (шосе та крос) 1 вiкова группа Чоловіки,12373,Yurii Zhdanov,,
346,100км Amateurs (шосе та крос) 1 вiкова группа Чоловіки,12554,Семен Динниченко,,
347,100км Amateurs (шосе та крос) 1 вiкова группа Чоловіки,12015,Максим Коцарь,,
348,100км Amateurs (шосе та крос) 1 вiкова группа Чоловіки,12054,Михаил Молчанов,,
349,100км Amateurs (шосе та крос) 1 вiкова группа Чоловіки,12073,Яремчук Данило,,
350,100км Amateurs (шосе та крос) 1 вiкова группа Чоловіки,12101,Кирило Тітов,,
351,100км Amateurs (шосе та крос) 1 вiкова группа Чоловіки,12107,Семен Коцюруба,,
352,100км Amateurs (шосе та крос) 1 вiкова группа Чоловіки,12111,Александр Колисниченко,,
353,100км Amateurs (шосе та крос) 1 вiкова группа Чоловіки,12128,Artem Ubilava,,
354,100км Amateurs (шосе та крос) 1 вiкова группа Чоловіки,12150,Кирилл Мешковский,,
355,100км Amateurs (шосе та крос) 1 вiкова группа Чоловіки,12153,Павел Собченко,,
356,100км Amateurs (шосе та крос) 1 вiкова группа Чоловіки,12155,Andrii Nikolaiev,,
357,100км Amateurs (шосе та крос) 1 вiкова группа Чоловіки,12171,Сергій Козачко,,
358,100км Amateurs (шосе та крос) 1 вiкова группа Чоловіки,12173,Олександр Вознюк,,
359,100км Amateurs (шосе та крос) 1 вiкова группа Чоловіки,12175,Олександр Михайлюта,,
360,100км Amateurs (шосе та крос) 1 вiкова группа Чоловіки,12193,Volodymyr Berdnik,,
361,100км Amateurs (шосе та крос) 1 вiкова группа Чоловіки,12201,Ілля Морар,,
362,100км Amateurs (шосе та крос) 1 вiкова группа Чоловіки,12212,Євген Соболев,,
363,100км Amateurs (шосе та крос) 1 вiкова группа Чоловіки,12219,Владимир Егерев,,
364,100км Amateurs (шосе та крос) 1 вiкова группа Чоловіки,12246,Костянтин Кищук,,
365,100км Amateurs (шосе та крос) 1 вiкова группа Чоловіки,12250,Максим Білоглазов,,
366,100км Amateurs (шосе та крос) 1 вiкова группа Чоловіки,12256,Никита Эрикайкин,,
367,100км Amateurs (шосе та крос) 1 вiкова группа Чоловіки,12265,Максим Гладовський,,
368,100км Amateurs (шосе та крос) 1 вiкова группа Чоловіки,12268,Дмитро Мочалов,,
369,100км Amateurs (шосе та крос) 1 вiкова группа Чоловіки,12273,Anton Kireyeu,,
370,100км Amateurs (шосе та крос) 1 вiкова группа Чоловіки,12313,Дмитрий Ковбаса,,
371,100км Amateurs (шосе та крос) 1 вiкова группа Чоловіки,12315,Валентин Махсма,,
372,100км Amateurs (шосе та крос) 1 вiкова группа Чоловіки,12317,Аркадій Руденко,,
373,100км Amateurs (шосе та крос) 1 вiкова группа Чоловіки,12322,Олександр Сергієнко,,
374,100км Amateurs (шосе та крос) 1 вiкова группа Чоловіки,12329,Руслан Саулко,,
375,100км Amateurs (шосе та крос) 1 вiкова группа Чоловіки,12335,Сабадаш Антон,,
376,100км Amateurs (шосе та крос) 1 вiкова группа Чоловіки,12338,Дмитрий Шульженко,,
377,100км Amateurs (шосе та крос) 1 вiкова группа Чоловіки,12342,Yaroslav Tkachuk,,
378,100км Amateurs (шосе та крос) 1 вiкова группа Чоловіки,12356,Ілля Литвинов,,
379,100км Amateurs (шосе та крос) 1 вiкова группа Чоловіки,12374,Олександр Уфінцев,,
380,100км Amateurs (шосе та крос) 1 вiкова группа Чоловіки,12380,Андрій Ясько,,
381,100км Amateurs (шосе та крос) 1 вiкова группа Чоловіки,12404,Орест Чугуєвець,,
382,100км Amateurs (шосе та крос) 1 вiкова группа Чоловіки,12426,Сергій Герасьов,,
383,100км Amateurs (шосе та крос) 1 вiкова группа Чоловіки,12439,Шепетко Кирило,,
384,100км Amateurs (шосе та крос) 1 вiкова группа Чоловіки,12453,Юрій Маліновський,,
385,100км Amateurs (шосе та крос) 1 вiкова группа Чоловіки,12456,Костянтин Туз,,
386,100км Amateurs (шосе та крос) 1 вiкова группа Чоловіки,12546,Дмитро Доценко,,
387,100км Amateurs (шосе та крос) 1 вiкова группа Чоловіки,12556,Олександр Мицак,,
388,100км Amateurs (шосе та крос) 1 вiкова группа Чоловіки,12562,Leonid Kalinovskyi,,
389,100км Amateurs (шосе та крос) 1 вiкова группа Чоловіки,12591,Andrii Denysenko,,
390,100км Amateurs (шосе та крос) 1 вiкова группа Чоловіки,12609,Дмитро Стеценко,,
391,100км Amateurs (шосе та крос) 1 вiкова группа Чоловіки,12642,Kirill Meshkovsky,,
392,100км Amateurs (шосе та крос) 1 вiкова группа Чоловіки,12663,Костянтин Романов,,
393,100км Amateurs (шосе та крос) 1 вiкова группа Чоловіки,12816,Вадим Денисенко,,
394,100км Amateurs (шосе та крос) 1 вiкова группа Чоловіки,12167,Михаил Ломака,,
1,100км Amateurs (шосе та крос) 2 вiкова группа Чоловіки,12699,Antoni Miś,,2:41:47
2,100км Amateurs (шосе та крос) 2 вiкова группа Чоловіки,12476,Шишкин Дмитрий,,2:42:45
3,100км Amateurs (шосе та крос) 2 вiкова группа Чоловіки,12586,Evgen Kreych,,2:42:46
4,100км Amateurs (шосе та крос) 2 вiкова группа Чоловіки,12645,Anton Kernasovsky,,2:42:46
5,100км Amateurs (шосе та крос) 2 вiкова группа Чоловіки,12566,Vitaliy Chernyakov,,2:43:05
6,100км Amateurs (шосе та крос) 2 вiкова группа Чоловіки,12425,Олександр Диченко,,2:44:25
7,100км Amateurs (шосе та крос) 2 вiкова группа Чоловіки,12211,Anton Babenko,,2:44:43
8,100км Amateurs (шосе та крос) 2 вiкова группа Чоловіки,12718,Олексій Алфьоров,,2:45:03
9,100км Amateurs (шосе та крос) 2 вiкова группа Чоловіки,77,Роман Чечуга,,2:49:57
10,100км Amateurs (шосе та крос) 2 вiкова группа Чоловіки,12345,Сергей Храпин,,2:50:04
11,100км Amateurs (шосе та крос) 2 вiкова группа Чоловіки,12667,Буц Олександр,,2:50:09
12,100км Amateurs (шосе та крос) 2 вiкова группа Чоловіки,12321,Володимир Ковальчук,,2:50:10
13,100км Amateurs (шосе та крос) 2 вiкова группа Чоловіки,12089,Вадим Гудима,,2:50:17
14,100км Amateurs (шосе та крос) 2 вiкова группа Чоловіки,12248,Алексей Буйваленко,,2:50:17
15,100км Amateurs (шосе та крос) 2 вiкова группа Чоловіки,12064,Андрій Кірієнко,,2:50:18
16,100км Amateurs (шосе та крос) 2 вiкова группа Чоловіки,12303,Андрій Скорий,,2:51:21
17,100км Amateurs (шосе та крос) 2 вiкова группа Чоловіки,12666,Михайло Отморський,,2:51:22
18,100км Amateurs (шосе та крос) 2 вiкова группа Чоловіки,12647,Volodymyr Pastushchen,,2:52:46
19,100км Amateurs (шосе та крос) 2 вiкова группа Чоловіки,12725,Олександр Горобець,,2:52:47
20,100км Amateurs (шосе та крос) 2 вiкова группа Чоловіки,12037,Дмитро Казаков,,2:55:34
21,100км Amateurs (шосе та крос) 2 вiкова группа Чоловіки,12534,Олексій Кононенко,,2:55:34
22,100км Amateurs (шосе та крос) 2 вiкова группа Чоловіки,12836,Сергій Коваленко,,2:55:50
23,100км Amateurs (шосе та крос) 2 вiкова группа Чоловіки,12311,Олег Сеник,,2:56:23
24,100км Amateurs (шосе та крос) 2 вiкова группа Чоловіки,12205,Андрій Курдій,,2:57:26
25,100км Amateurs (шосе та крос) 2 вiкова группа Чоловіки,12761,Rosario Cozzolino,,2:58:32
26,100км Amateurs (шосе та крос) 2 вiкова группа Чоловіки,12691,Сахненко Евгений,,2:59:25
27,100км Amateurs (шосе та крос) 2 вiкова группа Чоловіки,12042,Сергей Абрамов,,3:00:33
28,100км Amateurs (шосе та крос) 2 вiкова группа Чоловіки,12412,Ярослав Месяц,,3:00:34
29,100км Amateurs (шосе та крос) 2 вiкова группа Чоловіки,12075,Ярослав Степура,,3:00:36
30,100км Amateurs (шосе та крос) 2 вiкова группа Чоловіки,12332,Євген ТРОЦЕНКО,,3:01:22
31,100км Amateurs (шосе та крос) 2 вiкова группа Чоловіки,12301,Роман Ковчар,,3:01:27
32,100км Amateurs (шосе та крос) 2 вiкова группа Чоловіки,12610,Віталій Чередніченко,,3:01:32
33,100км Amateurs (шосе та крос) 2 вiкова группа Чоловіки,12018,алексей андреев,,3:02:08
34,100км Amateurs (шосе та крос) 2 вiкова группа Чоловіки,12785,Pavel Chebotkov,,3:02:42
35,100км Amateurs (шосе та крос) 2 вiкова группа Чоловіки,12582,Ярослав Коваль,,3:04:03
36,100км Amateurs (шосе та крос) 2 вiкова группа Чоловіки,12012,Хиленко Кирило,,3:04:19
37,100км Amateurs (шосе та крос) 2 вiкова группа Чоловіки,12266,Сергей Шимкович,,3:04:20
38,100км Amateurs (шосе та крос) 2 вiкова группа Чоловіки,12372,Григорій Єгошин,,3:04:21
39,100км Amateurs (шосе та крос) 2 вiкова группа Чоловіки,12574,Максим Козенко,,3:04:59
40,100км Amateurs (шосе та крос) 2 вiкова группа Чоловіки,12085,Кирилл Венцковский,,3:05:01
41,100км Amateurs (шосе та крос) 2 вiкова группа Чоловіки,12056,Олег Гринюк,,3:05:02
42,100км Amateurs (шосе та крос) 2 вiкова группа Чоловіки,12764,Petro Martynov,,3:05:53
43,100км Amateurs (шосе та крос) 2 вiкова группа Чоловіки,12431,SERGIY EROSHOV,,3:07:15
44,100км Amateurs (шосе та крос) 2 вiкова группа Чоловіки,12596,Володимир Буцко,,3:07:38
45,100км Amateurs (шосе та крос) 2 вiкова группа Чоловіки,12790,Dmytro Kuzmenko,,3:08:11
46,100км Amateurs (шосе та крос) 2 вiкова группа Чоловіки,12432,Богдан Пільганчук,,3:08:21
47,100км Amateurs (шосе та крос) 2 вiкова группа Чоловіки,12047,Володимир Завязун,,3:08:22
48,100км Amateurs (шосе та крос) 2 вiкова группа Чоловіки,12717,Денис Князєв,,3:08:45
49,100км Amateurs (шосе та крос) 2 вiкова группа Чоловіки,12231,Євген Хенкін,,3:08:56
50,100км Amateurs (шосе та крос) 2 вiкова группа Чоловіки,12726,СЕРГІЙ ШАКЛЕЇН,,3:09:00
51,100км Amateurs (шосе та крос) 2 вiкова группа Чоловіки,12092,Костянтин Шкварко,,3:10:38
52,100км Amateurs (шосе та крос) 2 вiкова группа Чоловіки,12383,Дмитрий Шеремет,,3:10:55
53,100км Amateurs (шосе та крос) 2 вiкова группа Чоловіки,12837,Сергей Руденко,,3:10:58
54,100км Amateurs (шосе та крос) 2 вiкова группа Чоловіки,12696,Evgeniy Stolpovsky,,3:11:07
55,100км Amateurs (шосе та крос) 2 вiкова группа Чоловіки,12295,Котченко Тарас,,3:11:45
56,100км Amateurs (шосе та крос) 2 вiкова группа Чоловіки,12024,Володимир Куценко,,3:11:54
57,100км Amateurs (шосе та крос) 2 вiкова группа Чоловіки,12540,Павел Корчинский,,3:12:02
58,100км Amateurs (шосе та крос) 2 вiкова группа Чоловіки,12164,Сергій Миселюк,,3:12:03
59,100км Amateurs (шосе та крос) 2 вiкова группа Чоловіки,12665,Ігор Пліса,,3:12:47
60,100км Amateurs (шосе та крос) 2 вiкова группа Чоловіки,12639,Нікіта Ткаченко,,3:12:56
61,100км Amateurs (шосе та крос) 2 вiкова группа Чоловіки,12143,Олексій Іванчук,,3:13:14
62,100км Amateurs (шосе та крос) 2 вiкова группа Чоловіки,12022,Максим Покрепа,,3:13:46
63,100км Amateurs (шосе та крос) 2 вiкова группа Чоловіки,12319,Павло Єфіменко,,3:13:46
64,100км Amateurs (шосе та крос) 2 вiкова группа Чоловіки,12334,Володимир Доброгорскький,,3:14:18
65,100км Amateurs (шосе та крос) 2 вiкова группа Чоловіки,12548,Лазебный Николай,,3:14:45
66,100км Amateurs (шосе та крос) 2 вiкова группа Чоловіки,12805,Антон Дегтярьов,,3:15:36
67,100км Amateurs (шосе та крос) 2 вiкова группа Чоловіки,12076,Olexandr Bakkalinskiy,,3:15:52
68,100км Amateurs (шосе та крос) 2 вiкова группа Чоловіки,9,Ярослав Морозович,,3:15:52
69,100км Amateurs (шосе та крос) 2 вiкова группа Чоловіки,12597,Коваль Костянтин,,3:16:58
70,100км Amateurs (шосе та крос) 2 вiкова группа Чоловіки,12651,Андрій Лазаренко,,3:17:53
71,100км Amateurs (шосе та крос) 2 вiкова группа Чоловіки,5,Сергій Бобилев,,3:18:19
72,100км Amateurs (шосе та крос) 2 вiкова группа Чоловіки,12707,Олексій Чагарний,,3:18:38
73,100км Amateurs (шосе та крос) 2 вiкова группа Чоловіки,12479,Юрій Герасименко,,3:18:39
74,100км Amateurs (шосе та крос) 2 вiкова группа Чоловіки,12690,Андрій Мельник,,3:19:00
75,100км Amateurs (шосе та крос) 2 вiкова группа Чоловіки,12053,Ігор Шишка,,3:19:49
76,100км Amateurs (шосе та крос) 2 вiкова группа Чоловіки,12779,Геннадій Сергеєв,,3:19:50
77,100км Amateurs (шосе та крос) 2 вiкова группа Чоловіки,12557,Максим Кириченко,,3:20:50
78,100км Amateurs (шосе та крос) 2 вiкова группа Чоловіки,12358,Олег Шишкін,,3:22:57
79,100км Amateurs (шосе та крос) 2 вiкова группа Чоловіки,12598,Сергій Стащенко,,3:22:59
80,100км Amateurs (шосе та крос) 2 вiкова группа Чоловіки,12526,Юрий Кучин,,3:24:17
81,100км Amateurs (шосе та крос) 2 вiкова группа Чоловіки,12052,Руслан Ходзіцький,,3:24:47
82,100км Amateurs (шосе та крос) 2 вiкова группа Чоловіки,12359,Ігор Бондаренко,,3:24:49
83,100км Amateurs (шосе та крос) 2 вiкова группа Чоловіки,12409,Андрій Захаревич,,3:27:13
84,100км Amateurs (шосе та крос) 2 вiкова группа Чоловіки,12058,Єгор Соболевський,,3:27:14
85,100км Amateurs (шосе та крос) 2 вiкова группа Чоловіки,12517,Анатолій Панкевич,,3:28:11
86,100км Amateurs (шосе та крос) 2 вiкова группа Чоловіки,12023,Євген Мединський,,3:29:16
87,100км Amateurs (шосе та крос) 2 вiкова группа Чоловіки,12734,Дмитрий Давлетханов,,3:29:17
88,100км Amateurs (шосе та крос) 2 вiкова группа Чоловіки,12289,Biletskyi Dmytro,,3:29:35
89,100км Amateurs (шосе та крос) 2 вiкова группа Чоловіки,12773,Iaroslav Briksa,,3:30:00
90,100км Amateurs (шосе та крос) 2 вiкова группа Чоловіки,12368,Олексій Яременко,,3:30:09
91,100км Amateurs (шосе та крос) 2 вiкова группа Чоловіки,12653,Дмитро Брацлавський,,3:30:34
92,100км Amateurs (шосе та крос) 2 вiкова группа Чоловіки,12847,Andrii Sliusar,,3:31:30
93,100км Amateurs (шосе та крос) 2 вiкова группа Чоловіки,12733,Юрій Медіна,,3:32:19
94,100км Amateurs (шосе та крос) 2 вiкова группа Чоловіки,12802,Денис Ким,,3:32:20
95,100км Amateurs (шосе та крос) 2 вiкова группа Чоловіки,12840,Денис Могилей,,3:34:09
96,100км Amateurs (шосе та крос) 2 вiкова группа Чоловіки,12563,Михаил Будаев,,3:34:27
97,100км Amateurs (шосе та крос) 2 вiкова группа Чоловіки,12296,Дмитро Лук’яненко,,3:35:10
98,100км Amateurs (шосе та крос) 2 вiкова группа Чоловіки,12414,Evgeniy Sudyr,,3:37:28
99,100км Amateurs (шосе та крос) 2 вiкова группа Чоловіки,12729,Євген Мар’євич,,3:40:14
100,100км Amateurs (шосе та крос) 2 вiкова группа Чоловіки,12724,Вадим Калашников,,3:40:40
101,100км Amateurs (шосе та крос) 2 вiкова группа Чоловіки,12181,Сергій Ішутко,,3:41:07
102,100км Amateurs (шосе та крос) 2 вiкова группа Чоловіки,12452,Василь Задворний,,3:41:33
103,100км Amateurs (шосе та крос) 2 вiкова группа Чоловіки,12568,Пеунков Дмитро,,3:42:04
104,100км Amateurs (шосе та крос) 2 вiкова группа Чоловіки,12223,Олексій Самойлов,,3:42:11
105,100км Amateurs (шосе та крос) 2 вiкова группа Чоловіки,12100,Руслан Пасічник,,3:42:25
106,100км Amateurs (шосе та крос) 2 вiкова группа Чоловіки,12635,Володимир Вишинський,,3:42:37
107,100км Amateurs (шосе та крос) 2 вiкова группа Чоловіки,12561,Сергій Соболь,,3:43:45
108,100км Amateurs (шосе та крос) 2 вiкова группа Чоловіки,12135,Олексій Онищенко,,3:43:53
109,100км Amateurs (шосе та крос) 2 вiкова группа Чоловіки,12670,Олексій Ситько,,3:44:56
110,100км Amateurs (шосе та крос) 2 вiкова группа Чоловіки,12846,Іван Яцута,,3:47:43
111,100км Amateurs (шосе та крос) 2 вiкова группа Чоловіки,12590,Женя Павлюкевич,,3:48:21
112,100км Amateurs (шосе та крос) 2 вiкова группа Чоловіки,12789,Олексій Радонов,,3:48:31
113,100км Amateurs (шосе та крос) 2 вiкова группа Чоловіки,12257,Євген Ратманський,,3:48:34
114,100км Amateurs (шосе та крос) 2 вiкова группа Чоловіки,12672,Шматок Дмитро,,3:48:53
115,100км Amateurs (шосе та крос) 2 вiкова группа Чоловіки,12524,Володимир Мелимука,,3:49:19
116,100км Amateurs (шосе та крос) 2 вiкова группа Чоловіки,12607,Игорь Сахно,,3:50:21
117,100км Amateurs (шосе та крос) 2 вiкова группа Чоловіки,12363,Maksym Grytsiuta,,3:51:09
118,100км Amateurs (шосе та крос) 2 вiкова группа Чоловіки,12020,Максим Фастєєв,,3:51:17
119,100км Amateurs (шосе та крос) 2 вiкова группа Чоловіки,12710,Alex Semenov,,3:51:35
120,100км Amateurs (шосе та крос) 2 вiкова группа Чоловіки,12739,Andrii Shavlovskyi,,3:51:35
121,100км Amateurs (шосе та крос) 2 вiкова группа Чоловіки,12525,Назар Малиняк,,3:51:37
122,100км Amateurs (шосе та крос) 2 вiкова группа Чоловіки,12038,Олег Жуков,,3:53:05
123,100км Amateurs (шосе та крос) 2 вiкова группа Чоловіки,12090,Андрій Сметаненко,,3:54:03
124,100км Amateurs (шосе та крос) 2 вiкова группа Чоловіки,12706,В’ячеслав Варда,,3:54:15
125,100км Amateurs (шосе та крос) 2 вiкова группа Чоловіки,12687,Віктор Пархомчук,,3:54:21
126,100км Amateurs (шосе та крос) 2 вiкова группа Чоловіки,12120,Андрій Грудій,,3:55:05
127,100км Amateurs (шосе та крос) 2 вiкова группа Чоловіки,12536,N. BTGN,,3:56:25
128,100км Amateurs (шосе та крос) 2 вiкова группа Чоловіки,12144,Сергій Бебешко,,3:57:16
129,100км Amateurs (шосе та крос) 2 вiкова группа Чоловіки,12675,Waterman Philip,,3:57:31
130,100км Amateurs (шосе та крос) 2 вiкова группа Чоловіки,12537,Дмитро Лактіонов,,3:58:08
131,100км Amateurs (шосе та крос) 2 вiкова группа Чоловіки,12424,Володимир Тягун,,3:58:10
132,100км Amateurs (шосе та крос) 2 вiкова группа Чоловіки,12636,Василь Гузій,,4:01:44
133,100км Amateurs (шосе та крос) 2 вiкова группа Чоловіки,12151,Олександр Гуменюк,,4:04:12
134,100км Amateurs (шосе та крос) 2 вiкова группа Чоловіки,12379,Борис Турковський,,4:04:17
135,100км Amateurs (шосе та крос) 2 вiкова группа Чоловіки,12658,Дмитро Мельников,,4:08:23
136,100км Amateurs (шосе та крос) 2 вiкова группа Чоловіки,12834,Денис Овчаров,,4:08:55
137,100км Amateurs (шосе та крос) 2 вiкова группа Чоловіки,12197,Ігор Ковальчук,,4:10:48
138,100км Amateurs (шосе та крос) 2 вiкова группа Чоловіки,12406,Ігор Рябець,,4:10:53
139,100км Amateurs (шосе та крос) 2 вiкова группа Чоловіки,12444,Анатолій Кісіль,,4:12:01
140,100км Amateurs (шосе та крос) 2 вiкова группа Чоловіки,12772,Максим Лукінюк,,4:13:30
141,100км Amateurs (шосе та крос) 2 вiкова группа Чоловіки,12162,Олег Яблонський,,4:13:37
142,100км Amateurs (шосе та крос) 2 вiкова группа Чоловіки,12771,Сергій Білоконь,,4:15:33
143,100км Amateurs (шосе та крос) 2 вiкова группа Чоловіки,12283,Сергій Мордовін,,4:19:02
144,100км Amateurs (шосе та крос) 2 вiкова группа Чоловіки,12662,Юрій Поляновський,,4:19:42
145,100км Amateurs (шосе та крос) 2 вiкова группа Чоловіки,12196,Александр Люткевич,,4:22:16
146,100км Amateurs (шосе та крос) 2 вiкова группа Чоловіки,12249,Вадим Горошко,,4:22:47
147,100км Amateurs (шосе та крос) 2 вiкова группа Чоловіки,12270,Дмитро Чемоданов,,4:34:49
148,100км Amateurs (шосе та крос) 2 вiкова группа Чоловіки,12613,Александер Бомбенко,,4:36:06
149,100км Amateurs (шосе та крос) 2 вiкова группа Чоловіки,12682,Сергей Иванов,,4:38:16
150,100км Amateurs (шосе та крос) 2 вiкова группа Чоловіки,12735,АРТУР ЧЕЧЬОТКІН,,4:41:48
151,100км Amateurs (шосе та крос) 2 вiкова группа Чоловіки,12362,Vitalii Bielash,,4:44:28
152,100км Amateurs (шосе та крос) 2 вiкова группа Чоловіки,12715,Vadym Petrochenko,,4:49:22
153,100км Amateurs (шосе та крос) 2 вiкова группа Чоловіки,12236,Виталий Григорьев,,5:02:25
154,100км Amateurs (шосе та крос) 2 вiкова группа Чоловіки,12824,Василь Поп-Стасів,,5:05:01
155,100км Amateurs (шосе та крос) 2 вiкова группа Чоловіки,12290,Сергій Чаус,,5:07:17
156,100км Amateurs (шосе та крос) 2 вiкова группа Чоловіки,12110,Андрій Марченко,,5:32:36
157,100км Amateurs (шосе та крос) 2 вiкова группа Чоловіки,12567,Володимир Кондратюк,,5:43:00
158,100км Amateurs (шосе та крос) 2 вiкова группа Чоловіки,12570,Антон Башловка,,
159,100км Amateurs (шосе та крос) 2 вiкова группа Чоловіки,12003,Олександр Степаниця,,
160,100км Amateurs (шосе та крос) 2 вiкова группа Чоловіки,12009,Ярослав Морозович,,
161,100км Amateurs (шосе та крос) 2 вiкова группа Чоловіки,12035,Максим Юрків,,
162,100км Amateurs (шосе та крос) 2 вiкова группа Чоловіки,12118,Сергій Мельник,,
163,100км Amateurs (шосе та крос) 2 вiкова группа Чоловіки,12126,Олексій Тараненко,,
164,100км Amateurs (шосе та крос) 2 вiкова группа Чоловіки,12149,Ульянов Дмитро,,
165,100км Amateurs (шосе та крос) 2 вiкова группа Чоловіки,12189,Максим Вишкварок,,
166,100км Amateurs (шосе та крос) 2 вiкова группа Чоловіки,12198,Олексій Франчук,,
167,100км Amateurs (шосе та крос) 2 вiкова группа Чоловіки,12220,Anton Kernasovsky,,
168,100км Amateurs (шосе та крос) 2 вiкова группа Чоловіки,12226,Андрій Куроп’ятник,,
169,100км Amateurs (шосе та крос) 2 вiкова группа Чоловіки,12252,Alexander Kovalchuk,,
170,100км Amateurs (шосе та крос) 2 вiкова группа Чоловіки,12306,Микола Неізвєстний,,
171,100км Amateurs (шосе та крос) 2 вiкова группа Чоловіки,12336,Олександр Стефуранчин,,
172,100км Amateurs (шосе та крос) 2 вiкова группа Чоловіки,12420,Олег Заворин,,
173,100км Amateurs (шосе та крос) 2 вiкова группа Чоловіки,12587,Олексій Лямець,,
174,100км Amateurs (шосе та крос) 2 вiкова группа Чоловіки,12592,Микола Костюк,,
175,100км Amateurs (шосе та крос) 2 вiкова группа Чоловіки,12615,Евгений Сысоев,,
176,100км Amateurs (шосе та крос) 2 вiкова группа Чоловіки,12661,Oleh Los,,
177,100км Amateurs (шосе та крос) 2 вiкова группа Чоловіки,12684,Олег Гончаров,,
178,100км Amateurs (шосе та крос) 2 вiкова группа Чоловіки,12737,Скоропаденко Дмитро,,
179,100км Amateurs (шосе та крос) 2 вiкова группа Чоловіки,12783,Павло Шершньов,,
1,100км Amateurs (шосе та крос) 3 вiкова группа Чоловіки,12244,Максим Москаленко,,2:49:56
2,100км Amateurs (шосе та крос) 3 вiкова группа Чоловіки,12509,Ковтун Олександр,,2:53:50
3,100км Amateurs (шосе та крос) 3 вiкова группа Чоловіки,12776,Костецький Олексій,,2:55:32
4,100км Amateurs (шосе та крос) 3 вiкова группа Чоловіки,12287,Сергій Анцупов,,2:55:33
5,100км Amateurs (шосе та крос) 3 вiкова группа Чоловіки,12483,Олексій Петров,,2:56:40
6,100км Amateurs (шосе та крос) 3 вiкова группа Чоловіки,12080,Микола Могильний,,2:56:43
7,100км Amateurs (шосе та крос) 3 вiкова группа Чоловіки,12360,олег куровський,,2:57:32
8,100км Amateurs (шосе та крос) 3 вiкова группа Чоловіки,12655,Роман Міщенко,,3:00:14
9,100км Amateurs (шосе та крос) 3 вiкова группа Чоловіки,12652,Сергій Кузьмін,,3:02:01
10,100км Amateurs (шосе та крос) 3 вiкова группа Чоловіки,12200,Юрлов Андрій,,3:02:09
11,100км Amateurs (шосе та крос) 3 вiкова группа Чоловіки,12305,Aleksei Mironov,,3:02:50
12,100км Amateurs (шосе та крос) 3 вiкова группа Чоловіки,12445,Олексій Клімов,,3:04:18
13,100км Amateurs (шосе та крос) 3 вiкова группа Чоловіки,12050,Олексій Лебедєв,,3:04:20
14,100км Amateurs (шосе та крос) 3 вiкова группа Чоловіки,12272,Веревский Руслан,,3:05:02
15,100км Amateurs (шосе та крос) 3 вiкова группа Чоловіки,12709,Микола Сімуткін,,3:05:18
16,100км Amateurs (шосе та крос) 3 вiкова группа Чоловіки,12071,Dmytro Samsonov,,3:05:54
17,100км Amateurs (шосе та крос) 3 вiкова группа Чоловіки,12656,Віктор Колодяжний,,3:05:55
18,100км Amateurs (шосе та крос) 3 вiкова группа Чоловіки,12815,Dmytro Rasskazov,,3:08:58
19,100км Amateurs (шосе та крос) 3 вiкова группа Чоловіки,12217,Антон Юрковський,,3:11:06
20,100км Amateurs (шосе та крос) 3 вiкова группа Чоловіки,12278,Григорий Кудрявцев,,3:11:34
21,100км Amateurs (шосе та крос) 3 вiкова группа Чоловіки,12818,Олег Поліщук,,3:12:02
22,100км Amateurs (шосе та крос) 3 вiкова группа Чоловіки,12585,Андрій Сидоров,,3:13:38
23,100км Amateurs (шосе та крос) 3 вiкова группа Чоловіки,12210,Дмитро Циро,,3:15:27
24,100км Amateurs (шосе та крос) 3 вiкова группа Чоловіки,12230,Andriy Osadchyy,,3:17:36
25,100км Amateurs (шосе та крос) 3 вiкова группа Чоловіки,12786,Deul Volodymyr,,3:19:06
26,100км Amateurs (шосе та крос) 3 вiкова группа Чоловіки,12158,Олексій Ківак,,3:19:49
27,100км Amateurs (шосе та крос) 3 вiкова группа Чоловіки,12430,Денис Мацуев,,3:21:55
28,100км Amateurs (шосе та крос) 3 вiкова группа Чоловіки,12694,Сергій Федорищев,,3:23:09
29,100км Amateurs (шосе та крос) 3 вiкова группа Чоловіки,12819,Pavlo Pisnoi,,3:23:40
30,100км Amateurs (шосе та крос) 3 вiкова группа Чоловіки,12752,Andrii Dmytrenko,,3:24:47
31,100км Amateurs (шосе та крос) 3 вiкова группа Чоловіки,12664,Игорь Костюк,,3:24:49
32,100км Amateurs (шосе та крос) 3 вiкова группа Чоловіки,12215,Зелененко Юрій,,3:25:19
33,100км Amateurs (шосе та крос) 3 вiкова группа Чоловіки,12291,Костянтин Шилов,,3:25:40
34,100км Amateurs (шосе та крос) 3 вiкова группа Чоловіки,12538,Володимир Степовик,,3:28:16
35,100км Amateurs (шосе та крос) 3 вiкова группа Чоловіки,12180,Тімур Бондарєв,,3:28:16
36,100км Amateurs (шосе та крос) 3 вiкова группа Чоловіки,12560,Володимир Погойда,,3:29:51
37,100км Amateurs (шосе та крос) 3 вiкова группа Чоловіки,12286,Олег Половинчак,,3:30:12
38,100км Amateurs (шосе та крос) 3 вiкова группа Чоловіки,12756,Alexey Yankovski,,3:30:46
39,100км Amateurs (шосе та крос) 3 вiкова группа Чоловіки,12473,Денис Дольський,,3:31:41
40,100км Amateurs (шосе та крос) 3 вiкова группа Чоловіки,12260,Олександр Варфоломієв,,3:31:46
41,100км Amateurs (шосе та крос) 3 вiкова группа Чоловіки,12730,Вячеслав Мороз,,3:32:23
42,100км Amateurs (шосе та крос) 3 вiкова группа Чоловіки,12727,Руслан Наумов,,3:32:23
43,100км Amateurs (шосе та крос) 3 вiкова группа Чоловіки,12086,Ігор Коновченко,,3:34:51
44,100км Amateurs (шосе та крос) 3 вiкова группа Чоловіки,11,Ivan Levchenko,,3:37:13
45,100км Amateurs (шосе та крос) 3 вiкова группа Чоловіки,12415,Руслан Пільганчук,,3:38:29
46,100км Amateurs (шосе та крос) 3 вiкова группа Чоловіки,12165,Олександр Дітковський,,3:39:36
47,100км Amateurs (шосе та крос) 3 вiкова группа Чоловіки,12495,Максим Бородай,,3:42:57
48,100км Amateurs (шосе та крос) 3 вiкова группа Чоловіки,12282,Олексій Бурда,,3:44:57
49,100км Amateurs (шосе та крос) 3 вiкова группа Чоловіки,12478,Євген Карій,,3:46:06
50,100км Amateurs (шосе та крос) 3 вiкова группа Чоловіки,12454,Ярослав Шатило,,3:46:07
51,100км Amateurs (шосе та крос) 3 вiкова группа Чоловіки,12312,Олександр Макеєв,,3:46:50
52,100км Amateurs (шосе та крос) 3 вiкова группа Чоловіки,12341,Олександр Братель,,3:51:39
53,100км Amateurs (шосе та крос) 3 вiкова группа Чоловіки,12616,Андрій Єременко,,3:51:54
54,100км Amateurs (шосе та крос) 3 вiкова группа Чоловіки,12040,Олексій Лапін,,3:52:03
55,100км Amateurs (шосе та крос) 3 вiкова группа Чоловіки,12104,Станіслав Пілецький,,3:55:02
56,100км Amateurs (шосе та крос) 3 вiкова группа Чоловіки,12814,Володимир Масалітін,,3:57:11
57,100км Amateurs (шосе та крос) 3 вiкова группа Чоловіки,12094,Анатолій Пасічник,,4:02:01
58,100км Amateurs (шосе та крос) 3 вiкова группа Чоловіки,12330,Гліб Бітюков,,4:04:22
59,100км Amateurs (шосе та крос) 3 вiкова группа Чоловіки,12103,Roman Ponomarenko,,4:05:33
60,100км Amateurs (шосе та крос) 3 вiкова группа Чоловіки,12555,Олександр Шиманський,,4:05:59
61,100км Amateurs (шосе та крос) 3 вiкова группа Чоловіки,12327,Андрій Заболоцький,,4:06:10
62,100км Amateurs (шосе та крос) 3 вiкова группа Чоловіки,12410,Олександр Петриченко,,4:08:08
63,100км Amateurs (шосе та крос) 3 вiкова группа Чоловіки,12238,Oleksii Chepikov,,4:09:50
64,100км Amateurs (шосе та крос) 3 вiкова группа Чоловіки,12385,Вадим Сикорский,,4:13:01
65,100км Amateurs (шосе та крос) 3 вiкова группа Чоловіки,12243,Дмитро Кучеренко,,4:13:03
66,100км Amateurs (шосе та крос) 3 вiкова группа Чоловіки,12216,Олексій Осадчий,,4:20:48
67,100км Amateurs (шосе та крос) 3 вiкова группа Чоловіки,12701,Олександр Голота,,4:22:15
68,100км Amateurs (шосе та крос) 3 вiкова группа Чоловіки,12808,Роман Радько,,4:22:35
69,100км Amateurs (шосе та крос) 3 вiкова группа Чоловіки,12320,Михайло Боровий,,4:34:22
70,100км Amateurs (шосе та крос) 3 вiкова группа Чоловіки,12083,Олександр Царевській,,4:42:23
71,100км Amateurs (шосе та крос) 3 вiкова группа Чоловіки,12545,Thomas1 Flanagan,,4:43:45
72,100км Amateurs (шосе та крос) 3 вiкова группа Чоловіки,12326,Юрій Лясковець,,4:53:51
73,100км Amateurs (шосе та крос) 3 вiкова группа Чоловіки,12146,VOLODYMYR BUBELA,,5:00:06
74,100км Amateurs (шосе та крос) 3 вiкова группа Чоловіки,12850,Антон Таборовський,,5:01:27
75,100км Amateurs (шосе та крос) 3 вiкова группа Чоловіки,12833,Вадим Бакуленко,,5:05:08
76,100км Amateurs (шосе та крос) 3 вiкова группа Чоловіки,12113,Юрій Оваденко,,5:06:05
77,100км Amateurs (шосе та крос) 3 вiкова группа Чоловіки,12547,Clemens Mueller,,5:20:27
78,100км Amateurs (шосе та крос) 3 вiкова группа Чоловіки,12565,Ronan Goggin,,5:23:24
79,100км Amateurs (шосе та крос) 3 вiкова группа Чоловіки,12096,Pavlo Marusyk,,5:30:59
80,100км Amateurs (шосе та крос) 3 вiкова группа Чоловіки,12497,Андрій Фомін,,6:01:06
81,100км Amateurs (шосе та крос) 3 вiкова группа Чоловіки,12025,Георгій Анікєєнко,,6:01:37
82,100км Amateurs (шосе та крос) 3 вiкова группа Чоловіки,12485,Андрей Суровягин,,
83,100км Amateurs (шосе та крос) 3 вiкова группа Чоловіки,12098,Роман Радько,,
84,100км Amateurs (шосе та крос) 3 вiкова группа Чоловіки,12157,Олександр Стецков,,
85,100км Amateurs (шосе та крос) 3 вiкова группа Чоловіки,12229,Володимир Возний,,
86,100км Amateurs (шосе та крос) 3 вiкова группа Чоловіки,12294,Олександр Бурлака,,
87,100км Amateurs (шосе та крос) 3 вiкова группа Чоловіки,12510,Денис Панасенко,,
88,100км Amateurs (шосе та крос) 3 вiкова группа Чоловіки,12705,Віктор Плут,,
89,100км Amateurs (шосе та крос) 3 вiкова группа Чоловіки,12770,Валерій Кондаков,,
90,100км Amateurs (шосе та крос) 3 вiкова группа Чоловіки,12829,Андрей Сорочинський,,
1,100км Amateurs (шосе та крос) 4 вiкова группа Чоловіки,12640,Олександр Брюханов,,2:42:46
2,100км Amateurs (шосе та крос) 4 вiкова группа Чоловіки,12136,Руслан Атаманів,,2:44:13
3,100км Amateurs (шосе та крос) 4 вiкова группа Чоловіки,12137,Сергій Шелест,,2:52:46
4,100км Amateurs (шосе та крос) 4 вiкова группа Чоловіки,12551,Дмитро Пека,,2:55:22
5,100км Amateurs (шосе та крос) 4 вiкова группа Чоловіки,12621,Сергій Циба,,2:56:35
6,100км Amateurs (шосе та крос) 4 вiкова группа Чоловіки,12190,Сергій Левченко,,2:57:27
7,100км Amateurs (шосе та крос) 4 вiкова группа Чоловіки,12703,Евгений Борисенко,,2:59:25
8,100км Amateurs (шосе та крос) 4 вiкова группа Чоловіки,12347,Володимир Носов,,3:00:14
9,100км Amateurs (шосе та крос) 4 вiкова группа Чоловіки,12346,Андрій Антонюк,,3:01:24
10,100км Amateurs (шосе та крос) 4 вiкова группа Чоловіки,12188,Сергій Прент,,3:09:27
11,100км Amateurs (шосе та крос) 4 вiкова группа Чоловіки,12769,Дмитро Тарабакін,,3:12:13
12,100км Amateurs (шосе та крос) 4 вiкова группа Чоловіки,12558,Ваулін Єгор,,3:16:23
13,100км Amateurs (шосе та крос) 4 вiкова группа Чоловіки,12484,Володимир Кохан,,3:17:37
14,100км Amateurs (шосе та крос) 4 вiкова группа Чоловіки,12638,Дмитро Лєгаєв,,3:17:44
15,100км Amateurs (шосе та крос) 4 вiкова группа Чоловіки,12451,Анатолий Дроздов,,3:20:50
16,100км Amateurs (шосе та крос) 4 вiкова группа Чоловіки,12448,Андрій Урядов,,3:25:42
17,100км Amateurs (шосе та крос) 4 вiкова группа Чоловіки,12654,Максим Купрін,,3:27:27
18,100км Amateurs (шосе та крос) 4 вiкова группа Чоловіки,12680,Левітов Костянтин,,3:28:54
19,100км Amateurs (шосе та крос) 4 вiкова группа Чоловіки,12765,Михайло Понятнов,,3:29:16
20,100км Amateurs (шосе та крос) 4 вiкова группа Чоловіки,12542,Олег Базалийский,,3:30:02
21,100км Amateurs (шосе та крос) 4 вiкова группа Чоловіки,12204,Шевчук Юрій,,3:35:00
22,100км Amateurs (шосе та крос) 4 вiкова группа Чоловіки,12740,Юрій Володимирович Долгоручко,,3:35:55
23,100км Amateurs (шосе та крос) 4 вiкова группа Чоловіки,12446,Іван Алексєєв,,3:40:25
24,100км Amateurs (шосе та крос) 4 вiкова группа Чоловіки,12072,Сергий Бойко,,3:42:22
25,100км Amateurs (шосе та крос) 4 вiкова группа Чоловіки,12428,Руслан Ховатов,,3:44:05
26,100км Amateurs (шосе та крос) 4 вiкова группа Чоловіки,12520,Віталій Ніколаєнко,,3:44:31
27,100км Amateurs (шосе та крос) 4 вiкова группа Чоловіки,12463,Олександр Гаркавенко,,3:47:36
28,100км Amateurs (шосе та крос) 4 вiкова группа Чоловіки,12116,Vitaliy Prokopchuk,,3:47:42
29,100км Amateurs (шосе та крос) 4 вiкова группа Чоловіки,12782,Александр Кругликов,,3:54:02
30,100км Amateurs (шосе та крос) 4 вiкова группа Чоловіки,12027,Сергій Подлубний,,3:58:13
31,100км Amateurs (шосе та крос) 4 вiкова группа Чоловіки,12688,Юрій Вареник,,4:00:54
32,100км Amateurs (шосе та крос) 4 вiкова группа Чоловіки,12760,Алексей Подзолкин,,4:00:57
33,100км Amateurs (шосе та крос) 4 вiкова группа Чоловіки,12648,Олександр Зленко,,4:03:33
34,100км Amateurs (шосе та крос) 4 вiкова группа Чоловіки,12486,Сергій Михальчук,,4:05:02
35,100км Amateurs (шосе та крос) 4 вiкова группа Чоловіки,12522,Valeriy Samoylenko,,4:09:40
36,100км Amateurs (шосе та крос) 4 вiкова группа Чоловіки,12176,Юрий Шишлов,,4:15:58
37,100км Amateurs (шосе та крос) 4 вiкова группа Чоловіки,12297,Oleksii Shesterikov,,4:22:36
38,100км Amateurs (шосе та крос) 4 вiкова группа Чоловіки,12276,Токаренко Ярослав,,4:24:31
39,100км Amateurs (шосе та крос) 4 вiкова группа Чоловіки,12505,Ульянов Руслан,,4:26:22
40,100км Amateurs (шосе та крос) 4 вiкова группа Чоловіки,12228,Дмитрий Фомин,,4:27:47
41,100км Amateurs (шосе та крос) 4 вiкова группа Чоловіки,12112,kevin nelson,,4:29:21
42,100км Amateurs (шосе та крос) 4 вiкова группа Чоловіки,12123,Vaho Ubilava,,4:41:03
43,100км Amateurs (шосе та крос) 4 вiкова группа Чоловіки,12576,Александр Шалунов,,4:45:32
44,100км Amateurs (шосе та крос) 4 вiкова группа Чоловіки,12046,Андрій Горішній,,5:30:13
45,100км Amateurs (шосе та крос) 4 вiкова группа Чоловіки,12631,Олександр Веремієнко,,
46,100км Amateurs (шосе та крос) 4 вiкова группа Чоловіки,12074,Сергій Лисенко,,
47,100км Amateurs (шосе та крос) 4 вiкова группа Чоловіки,12127,Роман Ткачов,,
48,100км Amateurs (шосе та крос) 4 вiкова группа Чоловіки,12133,Тарас Колодько,,
49,100км Amateurs (шосе та крос) 4 вiкова группа Чоловіки,12267,Микола Левченко,,
50,100км Amateurs (шосе та крос) 4 вiкова группа Чоловіки,12531,Cергей Односумов,,
51,100км Amateurs (шосе та крос) 4 вiкова группа Чоловіки,12679,Сергій Ложкін,,
52,100км Amateurs (шосе та крос) 4 вiкова группа Чоловіки,12722,Roman Petrusiuk,,
53,100км Amateurs (шосе та крос) 4 вiкова группа Чоловіки,12806,Константин Бордарев,,
54,100км Amateurs (шосе та крос) 4 вiкова группа Чоловіки,12826,Сергiй Сизоненко,,
1,100км Amateurs (шосе та крос) 5 вiкова группа Чоловіки,3,Токаревський Генадiй,,2:55:33
2,100км Amateurs (шосе та крос) 5 вiкова группа Чоловіки,12057,Сергій Черкас,,3:01:22
3,100км Amateurs (шосе та крос) 5 вiкова группа Чоловіки,12207,Александр Марченко,,3:05:54
4,100км Amateurs (шосе та крос) 5 вiкова группа Чоловіки,12429,Андрій Поліщук,,3:10:38
5,100км Amateurs (шосе та крос) 5 вiкова группа Чоловіки,12281,Дмитро Садовніченко,,3:12:45
6,100км Amateurs (шосе та крос) 5 вiкова группа Чоловіки,12611,Юрій Черевко,,3:13:40
7,100км Amateurs (шосе та крос) 5 вiкова группа Чоловіки,12069,Юрій Федорчук,,3:16:57
8,100км Amateurs (шосе та крос) 5 вiкова группа Чоловіки,12254,Вадим Тихонов,,3:22:06
9,100км Amateurs (шосе та крос) 5 вiкова группа Чоловіки,12440,Олександр Райченко,,3:24:49
10,100км Amateurs (шосе та крос) 5 вiкова группа Чоловіки,12434,Олексій Мохов,,3:30:26
11,100км Amateurs (шосе та крос) 5 вiкова группа Чоловіки,12527,Євгеній Павлов,,3:30:59
12,100км Amateurs (шосе та крос) 5 вiкова группа Чоловіки,12068,Леонід Городецький,,3:31:24
13,100км Amateurs (шосе та крос) 5 вiкова группа Чоловіки,12580,Ростислав Чудновский,,3:33:54
14,100км Amateurs (шосе та крос) 5 вiкова группа Чоловіки,12255,Дмитро Масленніков,,3:34:48
15,100км Amateurs (шосе та крос) 5 вiкова группа Чоловіки,12518,Сікора Євген,,3:36:38
16,100км Amateurs (шосе та крос) 5 вiкова группа Чоловіки,12132,Олександр Базіченко,,3:37:05
17,100км Amateurs (шосе та крос) 5 вiкова группа Чоловіки,12813,Сергей Бабич,,3:43:15
18,100км Amateurs (шосе та крос) 5 вiкова группа Чоловіки,12550,Едуард Долотов,,3:56:03
19,100км Amateurs (шосе та крос) 5 вiкова группа Чоловіки,12121,Дмитро Золотько,,3:56:36
20,100км Amateurs (шосе та крос) 5 вiкова группа Чоловіки,12457,Максим Туз,,3:58:34
21,100км Amateurs (шосе та крос) 5 вiкова группа Чоловіки,12442,Анатолій Михайленко,,4:26:43
22,100км Amateurs (шосе та крос) 5 вiкова группа Чоловіки,12669,Карим Базаров,,4:32:56
23,100км Amateurs (шосе та крос) 5 вiкова группа Чоловіки,12513,Владимир Демешко,,4:35:27
24,100км Amateurs (шосе та крос) 5 вiкова группа Чоловіки,12643,Александр Кукуруза,,5:37:33
25,100км Amateurs (шосе та крос) 5 вiкова группа Чоловіки,12354,Михаил Ильин,,6:18:57
26,100км Amateurs (шосе та крос) 5 вiкова группа Чоловіки,12060,Генадій Торевський,,0:00:00
27,100км Amateurs (шосе та крос) 5 вiкова группа Чоловіки,12105,Ігор Боднар,,0:00:00
28,100км Amateurs (шосе та крос) 5 вiкова группа Чоловіки,12352,Тарас Чернуха,,0:00:00
1,100км Amateurs (шосе та крос) 6 вiкова группа Чоловіки,12532,Ігор Кубенко,,2:51:09
2,100км Amateurs (шосе та крос) 6 вiкова группа Чоловіки,12702,Юрий Красун,,2:55:23
3,100км Amateurs (шосе та крос) 6 вiкова группа Чоловіки,12801,Попов Сергій,,2:55:31
4,100км Amateurs (шосе та крос) 6 вiкова группа Чоловіки,12437,михаил петров,,3:06:23
5,100км Amateurs (шосе та крос) 6 вiкова группа Чоловіки,12242,Лактіонов Олександр,,3:07:15
6,100км Amateurs (шосе та крос) 6 вiкова группа Чоловіки,12253,Володимир Тихонов,,3:15:54
7,100км Amateurs (шосе та крос) 6 вiкова группа Чоловіки,12059,Андрій Гурський,,3:22:58
8,100км Amateurs (шосе та крос) 6 вiкова группа Чоловіки,12095,Анатолій Сорока,,3:28:10
9,100км Amateurs (шосе та крос) 6 вiкова группа Чоловіки,12114,Ігор Троценко,,3:29:17
10,100км Amateurs (шосе та крос) 6 вiкова группа Чоловіки,12528,Олег Єльцов,,3:39:02
11,100км Amateurs (шосе та крос) 6 вiкова группа Чоловіки,12031,Олег Жадан,,3:46:04
12,100км Amateurs (шосе та крос) 6 вiкова группа Чоловіки,12686,Володимир Бондаренко,,3:56:31
13,100км Amateurs (шосе та крос) 6 вiкова группа Чоловіки,12498,дмитро комаров,,4:09:33
14,100км Amateurs (шосе та крос) 6 вiкова группа Чоловіки,12514,Сергей Степанец,,4:13:59
15,100км Amateurs (шосе та крос) 6 вiкова группа Чоловіки,12649,Володимир Зоря,,4:47:03
16,100км Amateurs (шосе та крос) 6 вiкова группа Чоловіки,12618,Simon Cottrell,,
17,100км Amateurs (шосе та крос) 6 вiкова группа Чоловіки,12624,Игорь Сайянц,,
1,100км Amateurs (шосе та крос) 7 вiкова группа Чоловіки,12234,Костянтин Павловський,,2:57:40
2,100км Amateurs (шосе та крос) 7 вiкова группа Чоловіки,12390,Віктор Бондар,,3:12:03
3,100км Amateurs (шосе та крос) 7 вiкова группа Чоловіки,12708,Костянтин Дупак,,3:29:14
4,100км Amateurs (шосе та крос) 7 вiкова группа Чоловіки,12218,Олександр Федін,,3:58:54
5,100км Amateurs (шосе та крос) 7 вiкова группа Чоловіки,12182,Александр Смирнов,,4:13:32
1,100км Amateurs (шосе та крос) 8 вiкова группа Чоловіки,12500,Олексій Головань,,3:25:30
1,100км Amateurs (шосе та крос) 9 вiкова группа Чоловіки,12732,Леонід Гончарик,,4:14:32
1,100км ELITE Чоловіки,108,Артем Теслер,,2:26:15
2,100км ELITE Чоловіки,105,Александр Поливода,,2:26:25
3,100км ELITE Чоловіки,104,Олексій Касьянов,,2:26:38
4,100км ELITE Чоловіки,107,Максим Васильєв,,2:26:38
5,100км ELITE Чоловіки,1,Гривко Андрій,,2:31:25
6,100км ELITE Чоловіки,106,Ференц Гутлебет,,2:40:13
7,100км ELITE Чоловіки,101,Дмитро Піонтковський,,2:53:01
8,100км ELITE Чоловіки,103,Mark Dixon,,3:00:32
1,100км Masters (МТБ та гібрид) 1 вiкова группа Чоловіки,21011,Віталій Зубченко,,2:48:28
2,100км Masters (МТБ та гібрид) 1 вiкова группа Чоловіки,21002,Євген Паженець,,2:48:28
3,100км Masters (МТБ та гібрид) 1 вiкова группа Чоловіки,21028,Артем Стрижак,,2:48:31
4,100км Masters (МТБ та гібрид) 1 вiкова группа Чоловіки,21017,Олег Хлопов,,2:48:33
5,100км Masters (МТБ та гібрид) 1 вiкова группа Чоловіки,21010,Юрій Кресан,,2:48:33
6,100км Masters (МТБ та гібрид) 1 вiкова группа Чоловіки,21026,Андрій Хіміч,,2:48:37
7,100км Masters (МТБ та гібрид) 1 вiкова группа Чоловіки,21024,Євген Шилов,,2:52:04
8,100км Masters (МТБ та гібрид) 1 вiкова группа Чоловіки,21013,Вячеслав Сакович,,2:53:40
9,100км Masters (МТБ та гібрид) 1 вiкова группа Чоловіки,21032,Андрушко Володимир,,2:57:22
10,100км Masters (МТБ та гібрид) 1 вiкова группа Чоловіки,21014,Олександр Кравченко,,2:57:23
11,100км Masters (МТБ та гібрид) 1 вiкова группа Чоловіки,21018,Богдан Федорчук,,3:04:14
12,100км Masters (МТБ та гібрид) 1 вiкова группа Чоловіки,21029,Сергій Лишавський,,5:07:00
13,100км Masters (МТБ та гібрид) 1 вiкова группа Чоловіки,21016,Владимир Зибин,,5:46:13
1,100км Masters (МТБ та гібрид) 2 вiкова группа Чоловіки,21001,Іван Мордовін,,2:56:47
2,100км Masters (МТБ та гібрид) 2 вiкова группа Чоловіки,21007,Андрей Орлянский,,3:12:51
3,100км Masters (МТБ та гібрид) 2 вiкова группа Чоловіки,21009,Роман Нікітенко,,3:33:02
4,100км Masters (МТБ та гібрид) 2 вiкова группа Чоловіки,21031,Евгений Величко,,6:05:42
5,100км Masters (МТБ та гібрид) 2 вiкова группа Чоловіки,21025,Константин Межерицкий,,
1,100км Masters (МТБ та гібрид) 3 вiкова группа Чоловіки,21012,Рибаков Сергій,,2:48:31
2,100км Masters (МТБ та гібрид) 3 вiкова группа Чоловіки,21027,Лев Романець,,2:52:18
3,100км Masters (МТБ та гібрид) 3 вiкова группа Чоловіки,21015,Олександр Богоніс,,3:03:40
4,100км Masters (МТБ та гібрид) 3 вiкова группа Чоловіки,21033,Віталій Іваніченко,,4:22:11
1,100км Masters (МТБ та гібрид) 4 вiкова группа Чоловіки,21008,Олександр Бірюков,,2:48:28
1,100км Masters (МТБ та гібрид) 8 вiкова группа Чоловіки,21019,Peter Brask,,
1,100км Masters (МТБ та гібрид) 9 вiкова группа Чоловіки,21022,Володимир Соколов,,5:43:40
1,100км Masters (шосе та крос) 1 вiкова группа Чоловіки,11076,Антон Пустовіт,,2:30:57
2,100км Masters (шосе та крос) 1 вiкова группа Чоловіки,11030,Борис Бакуринський,,2:31:24
3,100км Masters (шосе та крос) 1 вiкова группа Чоловіки,11003,Олександр Шевченко,,2:31:25
4,100км Masters (шосе та крос) 1 вiкова группа Чоловіки,11069,Олександр Кацімон,,2:31:25
5,100км Masters (шосе та крос) 1 вiкова группа Чоловіки,11103,Дмитрий Бартюк,,2:31:26
6,100км Masters (шосе та крос) 1 вiкова группа Чоловіки,11056,Олександр Дзюба,,2:31:26
7,100км Masters (шосе та крос) 1 вiкова группа Чоловіки,11095,Yauheni Navasad,,2:31:26
8,100км Masters (шосе та крос) 1 вiкова группа Чоловіки,11085,Олексій Третяк,,2:31:27
9,100км Masters (шосе та крос) 1 вiкова группа Чоловіки,11094,Георгій Єгіазарян,,2:31:27
10,100км Masters (шосе та крос) 1 вiкова группа Чоловіки,11105,Степан Матвіїв,,2:31:27
11,100км Masters (шосе та крос) 1 вiкова группа Чоловіки,11016,Сергій Бойко,,2:31:28
12,100км Masters (шосе та крос) 1 вiкова группа Чоловіки,11084,Михайло Хилько,,2:31:37
13,100км Masters (шосе та крос) 1 вiкова группа Чоловіки,11099,Дмитро Кащенко,,2:31:37
14,100км Masters (шосе та крос) 1 вiкова группа Чоловіки,11058,Руслан Старченко,,2:34:27
15,100км Masters (шосе та крос) 1 вiкова группа Чоловіки,11075,Глеб Должиков,,2:35:31
16,100км Masters (шосе та крос) 1 вiкова группа Чоловіки,11065,Микола Карапась,,2:40:18
17,100км Masters (шосе та крос) 1 вiкова группа Чоловіки,11108,Ігор Сікорський,,2:40:18
18,100км Masters (шосе та крос) 1 вiкова группа Чоловіки,11082,Гліб Леонтьєв,,2:40:19
19,100км Masters (шосе та крос) 1 вiкова группа Чоловіки,11093,Oleksii Koretskii,,2:40:19
20,100км Masters (шосе та крос) 1 вiкова группа Чоловіки,11074,Artem Parashchenko,,2:40:19
21,100км Masters (шосе та крос) 1 вiкова группа Чоловіки,11066,Вадим Чепіга,,2:45:47
22,100км Masters (шосе та крос) 1 вiкова группа Чоловіки,11035,Данило Притченко,,2:46:07
23,100км Masters (шосе та крос) 1 вiкова группа Чоловіки,11033,Олексій Коваль,,2:46:07
24,100км Masters (шосе та крос) 1 вiкова группа Чоловіки,11068,Олександр Пирогов,,2:46:49
25,100км Masters (шосе та крос) 1 вiкова группа Чоловіки,11100,Егор Александров,,2:47:04
26,100км Masters (шосе та крос) 1 вiкова группа Чоловіки,11088,Сергій Сичов,,2:47:50
27,100км Masters (шосе та крос) 1 вiкова группа Чоловіки,11071,Dmitry Kovalenko,,2:49:30
28,100км Masters (шосе та крос) 1 вiкова группа Чоловіки,11107,Анатолий Тодоров,,2:50:04
29,100км Masters (шосе та крос) 1 вiкова группа Чоловіки,11072,Роман Коца,,2:50:13
30,100км Masters (шосе та крос) 1 вiкова группа Чоловіки,11015,Дмитро Петров,,2:51:34
31,100км Masters (шосе та крос) 1 вiкова группа Чоловіки,11098,В’ячеслав Турок,,2:53:07
32,100км Masters (шосе та крос) 1 вiкова группа Чоловіки,11027,Игорь Иванченко,,2:55:09
33,100км Masters (шосе та крос) 1 вiкова группа Чоловіки,11048,Юрий Клим,,2:55:10
34,100км Masters (шосе та крос) 1 вiкова группа Чоловіки,11052,Ігор Широкий,,2:56:31
35,100км Masters (шосе та крос) 1 вiкова группа Чоловіки,11091,Кирило Хрiненко,,2:57:39
36,100км Masters (шосе та крос) 1 вiкова группа Чоловіки,11086,Андрій Люткевич,,2:57:45
37,100км Masters (шосе та крос) 1 вiкова группа Чоловіки,11106,Олександр Суханюк,,2:57:48
38,100км Masters (шосе та крос) 1 вiкова группа Чоловіки,11057,Сергей Кольцов,,3:08:25
39,100км Masters (шосе та крос) 1 вiкова группа Чоловіки,11013,Алексей Ильчук,,3:19:01
40,100км Masters (шосе та крос) 1 вiкова группа Чоловіки,11042,Віталій Мацелюх,,3:34:36
41,100км Masters (шосе та крос) 1 вiкова группа Чоловіки,11037,Vasyl Dizhak,,3:51:28
42,100км Masters (шосе та крос) 1 вiкова группа Чоловіки,11038,Павло Новак,,4:17:46
43,100км Masters (шосе та крос) 1 вiкова группа Чоловіки,11028,Skinny Spinner,,
44,100км Masters (шосе та крос) 1 вiкова группа Чоловіки,11070,Maksim Liazhaika,,
1,100км Masters (шосе та крос) 2 вiкова группа Чоловіки,11080,Олексій Кочін,,2:29:25
2,100км Masters (шосе та крос) 2 вiкова группа Чоловіки,11050,Віктор Гузов,,2:30:59
3,100км Masters (шосе та крос) 2 вiкова группа Чоловіки,11101,Андрей Коротенко,,2:31:26
4,100км Masters (шосе та крос) 2 вiкова группа Чоловіки,11010,Сергій Верман,,2:31:27
5,100км Masters (шосе та крос) 2 вiкова группа Чоловіки,11090,Костянтин Денека,,2:31:58
6,100км Masters (шосе та крос) 2 вiкова группа Чоловіки,11026,Дмитро Воронов,,2:40:19
7,100км Masters (шосе та крос) 2 вiкова группа Чоловіки,11029,Олексій Катасонов,,2:50:29
8,100км Masters (шосе та крос) 2 вiкова группа Чоловіки,11009,Драган Виталий,,2:57:45
9,100км Masters (шосе та крос) 2 вiкова группа Чоловіки,11073,Денис Любуцін,,2:58:03
10,100км Masters (шосе та крос) 2 вiкова группа Чоловіки,11017,Тарас Кришталь,,3:23:22
11,100км Masters (шосе та крос) 2 вiкова группа Чоловіки,11012,Юрій Шевцов,,
12,100км Masters (шосе та крос) 2 вiкова группа Чоловіки,11079,Сергей Вербицкий,,
1,100км Masters (шосе та крос) 3 вiкова группа Чоловіки,11032,Александр Голубенко,,2:34:26
2,100км Masters (шосе та крос) 3 вiкова группа Чоловіки,11040,Владимир Яценко,,2:40:17
3,100км Masters (шосе та крос) 3 вiкова группа Чоловіки,11041,Андрей Махно,,2:40:18
4,100км Masters (шосе та крос) 3 вiкова группа Чоловіки,11096,Павло Красніков,,2:40:38
5,100км Masters (шосе та крос) 3 вiкова группа Чоловіки,11034,Андрій Щербань,,2:49:26
6,100км Masters (шосе та крос) 3 вiкова группа Чоловіки,11077,Андрій Костенок,,2:56:25
7,100км Masters (шосе та крос) 3 вiкова группа Чоловіки,11110,Ооексій Єфімов,,2:59:50
8,100км Masters (шосе та крос) 3 вiкова группа Чоловіки,11007,Андрій Щербина,,3:16:31
1,100км Masters (шосе та крос) 4 вiкова группа Чоловіки,11043,Александр Литвиненко,,2:34:26
2,100км Masters (шосе та крос) 4 вiкова группа Чоловіки,11045,Роман Завада,,2:45:44
3,100км Masters (шосе та крос) 4 вiкова группа Чоловіки,11104,Валерій Цупрун,,2:51:32
4,100км Masters (шосе та крос) 4 вiкова группа Чоловіки,11081,Юрій Опанасюк,,3:07:09
5,100км Masters (шосе та крос) 4 вiкова группа Чоловіки,11031,Анатолій Сербін,,3:09:22
1,100км Masters (шосе та крос) 5 вiкова группа Чоловіки,11064,Сергій Бабченко,,2:36:23
2,100км Masters (шосе та крос) 5 вiкова группа Чоловіки,11109,Юрій Старченко,,2:40:17
3,100км Masters (шосе та крос) 5 вiкова группа Чоловіки,11089,Святослав Шурупов,,2:46:09
4,100км Masters (шосе та крос) 5 вiкова группа Чоловіки,11060,Игорь Тимков,,2:55:16
5,100км Masters (шосе та крос) 5 вiкова группа Чоловіки,11055,Петро Куценко,,2:57:55
6,100км Masters (шосе та крос) 5 вiкова группа Чоловіки,11059,Олександр Тимченко,,2:57:56
7,100км Masters (шосе та крос) 5 вiкова группа Чоловіки,11024,Анатолий Карпенко,,
1,100км Masters (шосе та крос) 6 вiкова группа Чоловіки,11049,игорь гримайло,,2:46:49
2,100км Masters (шосе та крос) 6 вiкова группа Чоловіки,11039,Юрий Доценко,,2:49:26
3,100км Masters (шосе та крос) 6 вiкова группа Чоловіки,11063,Віктор Язенок,,2:50:42
4,100км Masters (шосе та крос) 6 вiкова группа Чоловіки,11008,Евгеній Торяник,,2:51:33
5,100км Masters (шосе та крос) 6 вiкова группа Чоловіки,11054,Сергій Аржанов,,2:56:10
6,100км Masters (шосе та крос) 6 вiкова группа Чоловіки,11006,Бойко Виталий,,4:00:42
1,100км Masters (шосе та крос) 7 вiкова группа Чоловіки,11078,Валерій Нарижний,,2:46:49
2,100км Masters (шосе та крос) 7 вiкова группа Чоловіки,11046,Віктор Шевельов,,2:55:24
3,100км Masters (шосе та крос) 7 вiкова группа Чоловіки,11022,Юрій Янчиков,,3:05:37
4,100км Masters (шосе та крос) 7 вiкова группа Чоловіки,11061,Юрій Кислов,,3:22:44
5,100км Masters (шосе та крос) 7 вiкова группа Чоловіки,11036,Ігор Пастух,,3:48:20
1,100км Masters (шосе та крос) 8 вiкова группа Чоловіки,11047,Олександр Качіков,,3:46:57
2,100км Masters (шосе та крос) 8 вiкова группа Чоловіки,11021,Петро Троп,,3:48:16
1,100км Masters (шосе та крос) 9 вiкова группа Чоловіки,11023,Михайло Кучинський,,5:05:28
1,100км Вінтажні ровери від 18 до 39 років Чоловіки,5010,Антон Басалюк,,3:45:26
2,100км Вінтажні ровери від 18 до 39 років Чоловіки,5001,Юрій Шкурко,,4:04:07
3,100км Вінтажні ровери від 18 до 39 років Чоловіки,5009,Микола Жуков,,4:15:01
4,100км Вінтажні ровери від 18 до 39 років Чоловіки,5004,Сергій Логвін,,
1,100км Вінтажні ровери від 40 років Чоловіки,5002,Олег Муравицький,,3:45:18
2,100км Вінтажні ровери від 40 років Чоловіки,5005,Володимир Венедіктов,,3:46:38
3,100км Вінтажні ровери від 40 років Чоловіки,5003,Леонід Ярмусь,,
1,100км Україна від 18 до 39 років Жінки,7005,Анна Луценко,,
1,100км Україна від 18 до 39 років Чоловіки,7002,Тарас Поляков,,3:51:10
2,100км Україна від 18 до 39 років Чоловіки,7003,Руслан Стріха,,
1,100км Україна від 40 років Чоловіки,7004,Николай Кулик,,3:37:37
2,100км Україна від 40 років Чоловіки,7001,Олександр Краштан,,5:03:24
3,100км Україна від 40 років Чоловіки,7006,Юрій Остапов,,
1,100км Унікальні ровери Жінки,4004,Альона Думбадзе,,4:34:49
2,100км Унікальні ровери Жінки,4002,Тетяна Євлоєва,,5:09:32
3,100км Унікальні ровери Жінки,15,Рожинська Анастасія,,6:29:33
4,100км Унікальні ровери Жінки,4008,Софія Харчук,,
1,100км Унікальні ровери Чоловіки,4006,Микола Ковтун,,4:25:44
2,100км Унікальні ровери Чоловіки,4001,Евгений Малюкевич,,5:01:13
3,100км Унікальні ровери Чоловіки,4005,Цвєтков Андрій Перепелиця Максим,,5:24:01
4,100км Унікальні ровери Чоловіки,4010,Владислав Боринський,,
5,100км Унікальні ровери Чоловіки,4003,Алан Джиоев,,
6,100км Унікальні ровери Чоловіки,4007,Максим Саксонов,,
7,100км Унікальні ровери Чоловіки,4009,Вадим Жиденко,,
1,100км Фікси та сінгл-спіди від 18 до 39 років Жінки,3007,Anastasiia Grieve,,
1,100км Фікси та сінгл-спіди від 18 до 39 років Чоловіки,3006,Kostyantin Honchar,,3:04:08
2,100км Фікси та сінгл-спіди від 18 до 39 років Чоловіки,3008,Никита Водяницкий,,3:22:16
3,100км Фікси та сінгл-спіди від 18 до 39 років Чоловіки,3020,Олександр Головач,,3:23:38
4,100км Фікси та сінгл-спіди від 18 до 39 років Чоловіки,3010,Богдан Прокопович,,3:30:31
5,100км Фікси та сінгл-спіди від 18 до 39 років Чоловіки,3009,Александр Плаксенков,,3:34:02
6,100км Фікси та сінгл-спіди від 18 до 39 років Чоловіки,3002,Євген Варениця,,3:34:22
7,100км Фікси та сінгл-спіди від 18 до 39 років Чоловіки,3004,Ярослав Замичковський,,3:34:34
8,100км Фікси та сінгл-спіди від 18 до 39 років Чоловіки,3018,Sergey Mir,,3:40:24
9,100км Фікси та сінгл-спіди від 18 до 39 років Чоловіки,3013,Евгений Макаренко,,3:44:29
10,100км Фікси та сінгл-спіди від 18 до 39 років Чоловіки,3012,Олександр Гальчук,,3:46:07
11,100км Фікси та сінгл-спіди від 18 до 39 років Чоловіки,3014,Володимр Демент’єв,,3:46:09
12,100км Фікси та сінгл-спіди від 18 до 39 років Чоловіки,3003,Юрій Лисенко,,3:54:11
13,100км Фікси та сінгл-спіди від 18 до 39 років Чоловіки,3005,Максии Плиска,,4:37:39
14,100км Фікси та сінгл-спіди від 18 до 39 років Чоловіки,3001,Сергій Коростєлкін,,4:38:46
15,100км Фікси та сінгл-спіди від 18 до 39 років Чоловіки,3015,Максим Долинчук,,4:59:22
16,100км Фікси та сінгл-спіди від 18 до 39 років Чоловіки,3011,Артем Суздал,,
17,100км Фікси та сінгл-спіди від 18 до 39 років Чоловіки,3016,Денис Грищенко,,
18,100км Фікси та сінгл-спіди від 18 до 39 років Чоловіки,3017,Едуард Дикань,,
1,100км Фікси та сінгл-спіди від 40 років Чоловіки,3019,Oleksandr Krasovskyi,,4:02:34
13,100км Фікси та сінгл-спіди Чоловіки,3019,Oleksandr Krasovskyi,,4:02:34
14,100км Фікси та сінгл-спіди Чоловіки,3005,Максии Плиска,,4:37:39
15,100км Фікси та сінгл-спіди Чоловіки,3001,Сергій Коростєлкін,,4:38:46
16,100км Фікси та сінгл-спіди Чоловіки,3015,Максим Долинчук,,4:59:22
17,100км Фікси та сінгл-спіди Чоловіки,3011,Артем Суздал,,
18,100км Фікси та сінгл-спіди Чоловіки,3016,Денис Грищенко,,
19,100км Фікси та сінгл-спіди Чоловіки,3017,Едуард Дикань,,
1,50км Amateurs (МТБ та гібрид) 1 вiкова группа Чоловіки,52096,Василий Ременников,,1:49:51
2,50км Amateurs (МТБ та гібрид) 1 вiкова группа Чоловіки,52067,Макс Курлеев,,1:57:02
3,50км Amateurs (МТБ та гібрид) 1 вiкова группа Чоловіки,52135,Дмитро Цитрицький,,2:02:16
4,50км Amateurs (МТБ та гібрид) 1 вiкова группа Чоловіки,52012,Євгеній Мельник,,2:02:17
5,50км Amateurs (МТБ та гібрид) 1 вiкова группа Чоловіки,52145,Михайло Виноградськи,,2:02:18
6,50км Amateurs (МТБ та гібрид) 1 вiкова группа Чоловіки,52016,Юрий Руденко,,2:05:18
7,50км Amateurs (МТБ та гібрид) 1 вiкова группа Чоловіки,52105,Антон Гречанюк,,2:10:26
8,50км Amateurs (МТБ та гібрид) 1 вiкова группа Чоловіки,52143,Адель Салах,,2:15:07
9,50км Amateurs (МТБ та гібрид) 1 вiкова группа Чоловіки,52168,Валерій Федоренко,,2:16:08
10,50км Amateurs (МТБ та гібрид) 1 вiкова группа Чоловіки,52169,Алексей Курьян,,2:18:00
11,50км Amateurs (МТБ та гібрид) 1 вiкова группа Чоловіки,52120,Андрій Федчик,,2:18:26
12,50км Amateurs (МТБ та гібрид) 1 вiкова группа Чоловіки,52118,Сергій Пуленець,,2:18:26
13,50км Amateurs (МТБ та гібрид) 1 вiкова группа Чоловіки,52058,Василий Зеленский,,2:19:21
14,50км Amateurs (МТБ та гібрид) 1 вiкова группа Чоловіки,52013,Олександр Грановський,,2:23:14
15,50км Amateurs (МТБ та гібрид) 1 вiкова группа Чоловіки,52136,Ілля Галілейський,,2:24:14
16,50км Amateurs (МТБ та гібрид) 1 вiкова группа Чоловіки,52127,Віктор Шкарпітко,,2:27:24
17,50км Amateurs (МТБ та гібрид) 1 вiкова группа Чоловіки,22714,Артем Штанько,,2:29:11
18,50км Amateurs (МТБ та гібрид) 1 вiкова группа Чоловіки,52076,Святослав Колода,,2:34:39
19,50км Amateurs (МТБ та гібрид) 1 вiкова группа Чоловіки,52075,Стас Черненко,,2:34:40
20,50км Amateurs (МТБ та гібрид) 1 вiкова группа Чоловіки,52046,Богдан Ткачук,,2:36:30
21,50км Amateurs (МТБ та гібрид) 1 вiкова группа Чоловіки,52171,Сергій Олійник,,2:36:49
22,50км Amateurs (МТБ та гібрид) 1 вiкова группа Чоловіки,52028,Володимир Ковалець,,2:36:50
23,50км Amateurs (МТБ та гібрид) 1 вiкова группа Чоловіки,52166,Олександр Хорєв,,2:37:04
24,50км Amateurs (МТБ та гібрид) 1 вiкова группа Чоловіки,52119,Богдан Кравченко,,2:39:00
25,50км Amateurs (МТБ та гібрид) 1 вiкова группа Чоловіки,52173,Олександр Охріменко,,2:39:09
26,50км Amateurs (МТБ та гібрид) 1 вiкова группа Чоловіки,52078,Максим Кіндратко,,2:39:42
27,50км Amateurs (МТБ та гібрид) 1 вiкова группа Чоловіки,52115,Євген Клименчук,,2:40:07
28,50км Amateurs (МТБ та гібрид) 1 вiкова группа Чоловіки,52062,Юрій Шакалов,,2:45:07
29,50км Amateurs (МТБ та гібрид) 1 вiкова группа Чоловіки,52104,Igor Evseenko,,2:45:12
30,50км Amateurs (МТБ та гібрид) 1 вiкова группа Чоловіки,52066,Ілля Вавілін,,2:46:43
31,50км Amateurs (МТБ та гібрид) 1 вiкова группа Чоловіки,52175,Serhii Tkachuk,,2:46:43
32,50км Amateurs (МТБ та гібрид) 1 вiкова группа Чоловіки,52113,Євгеній Музика,,2:47:44
33,50км Amateurs (МТБ та гібрид) 1 вiкова группа Чоловіки,52048,Денис Кнышов,,2:47:58
34,50км Amateurs (МТБ та гібрид) 1 вiкова группа Чоловіки,52151,Ігор Тимошенко,,2:48:07
35,50км Amateurs (МТБ та гібрид) 1 вiкова группа Чоловіки,52132,Максим Спасов,,2:50:14
36,50км Amateurs (МТБ та гібрид) 1 вiкова группа Чоловіки,52099,Сергій Лукашенко,,2:51:18
37,50км Amateurs (МТБ та гібрид) 1 вiкова группа Чоловіки,52172,Владислав Роговий,,2:51:22
38,50км Amateurs (МТБ та гібрид) 1 вiкова группа Чоловіки,52082,Kiril Ilev,,2:52:41
39,50км Amateurs (МТБ та гібрид) 1 вiкова группа Чоловіки,52146,Олександр Слесар,,2:54:43
40,50км Amateurs (МТБ та гібрид) 1 вiкова группа Чоловіки,52126,Олександр Волкун,,2:55:16
41,50км Amateurs (МТБ та гібрид) 1 вiкова группа Чоловіки,52109,Михайло Михайлюк,,2:55:17
42,50км Amateurs (МТБ та гібрид) 1 вiкова группа Чоловіки,52077,Anton Bereziak,,2:55:53
43,50км Amateurs (МТБ та гібрид) 1 вiкова группа Чоловіки,52060,Сергей Кучеренко,,2:58:57
44,50км Amateurs (МТБ та гібрид) 1 вiкова группа Чоловіки,52087,Денис Горшунов,,3:06:52
45,50км Amateurs (МТБ та гібрид) 1 вiкова группа Чоловіки,52163,Андрій Мокан,,3:07:20
46,50км Amateurs (МТБ та гібрид) 1 вiкова группа Чоловіки,52140,Виталий Хоренко,,3:07:48
47,50км Amateurs (МТБ та гібрид) 1 вiкова группа Чоловіки,52051,Денис Седлецький,,3:08:27
48,50км Amateurs (МТБ та гібрид) 1 вiкова группа Чоловіки,52059,Виталий Мельник,,3:13:04
49,50км Amateurs (МТБ та гібрид) 1 вiкова группа Чоловіки,52043,Aleksandr Savchenko,,3:15:09
50,50км Amateurs (МТБ та гібрид) 1 вiкова группа Чоловіки,52083,Francesco Marchesano,,3:21:50
51,50км Amateurs (МТБ та гібрид) 1 вiкова группа Чоловіки,52074,Олександр Ярошенко,,3:22:16
52,50км Amateurs (МТБ та гібрид) 1 вiкова группа Чоловіки,52039,Олексій Юрченко,,3:24:43
53,50км Amateurs (МТБ та гібрид) 1 вiкова группа Чоловіки,52174,Андрій Ващенко,,3:34:43
54,50км Amateurs (МТБ та гібрид) 1 вiкова группа Чоловіки,52164,Петро Шоферистов,,3:35:56
55,50км Amateurs (МТБ та гібрид) 1 вiкова группа Чоловіки,52007,Вадим Гоменюк,,3:39:10
56,50км Amateurs (МТБ та гібрид) 1 вiкова группа Чоловіки,52141,Олександр Моторний,,3:39:28
57,50км Amateurs (МТБ та гібрид) 1 вiкова группа Чоловіки,52124,Валерій Ігнатенко,,3:41:48
58,50км Amateurs (МТБ та гібрид) 1 вiкова группа Чоловіки,52134,Олексій Малоштан,,3:43:25
59,50км Amateurs (МТБ та гібрид) 1 вiкова группа Чоловіки,52165,Євген Шмідт,,3:51:53
60,50км Amateurs (МТБ та гібрид) 1 вiкова группа Чоловіки,52116,Станіслав Вчорашній,,3:51:55
61,50км Amateurs (МТБ та гібрид) 1 вiкова группа Чоловіки,52128,Андрій Білоус,,3:52:08
62,50км Amateurs (МТБ та гібрид) 1 вiкова группа Чоловіки,52150,Єгор Бродягін,,4:05:58
63,50км Amateurs (МТБ та гібрид) 1 вiкова группа Чоловіки,52102,Сергій Нагорний,,4:06:09
64,50км Amateurs (МТБ та гібрид) 1 вiкова группа Чоловіки,52001,Дмитро Барабась,,5:24:35
65,50км Amateurs (МТБ та гібрид) 1 вiкова группа Чоловіки,52065,Пашкур Анатолій,,5:24:37
66,50км Amateurs (МТБ та гібрид) 1 вiкова группа Чоловіки,52018,Олександр Алєксєєнко,,
67,50км Amateurs (МТБ та гібрид) 1 вiкова группа Чоловіки,52003,Євгеній Сербул,,
68,50км Amateurs (МТБ та гібрид) 1 вiкова группа Чоловіки,52005,Костянтин Ніколаєв,,
69,50км Amateurs (МТБ та гібрид) 1 вiкова группа Чоловіки,52009,Вадим Митрофанов,,
70,50км Amateurs (МТБ та гібрид) 1 вiкова группа Чоловіки,52047,Олег Кот,,
71,50км Amateurs (МТБ та гібрид) 1 вiкова группа Чоловіки,52055,Діма Стогнієнко,,
72,50км Amateurs (МТБ та гібрид) 1 вiкова группа Чоловіки,52057,Сергій СОРОКА,,
73,50км Amateurs (МТБ та гібрид) 1 вiкова группа Чоловіки,52100,Ігор Муштрук,,
74,50км Amateurs (МТБ та гібрид) 1 вiкова группа Чоловіки,52108,Ілля Заболотний,,
75,50км Amateurs (МТБ та гібрид) 1 вiкова группа Чоловіки,52129,Олексій Романько,,
76,50км Amateurs (МТБ та гібрид) 1 вiкова группа Чоловіки,52154,Ігор Балацький,,
77,50км Amateurs (МТБ та гібрид) 1 вiкова группа Чоловіки,52162,Руслан Асланян,,
1,50км Amateurs (МТБ та гібрид) 2 вiкова группа Чоловіки,52064,Александр Мозарев,,2:07:41
2,50км Amateurs (МТБ та гібрид) 2 вiкова группа Чоловіки,52017,Олександр Кузічкін,,2:08:42
3,50км Amateurs (МТБ та гібрид) 2 вiкова группа Чоловіки,52133,Тимур Погорєлов,,2:23:59
4,50км Amateurs (МТБ та гібрид) 2 вiкова группа Чоловіки,52112,Андрій Лісовик,,2:26:09
5,50км Amateurs (МТБ та гібрид) 2 вiкова группа Чоловіки,52117,Сергій Філь,,2:30:13
6,50км Amateurs (МТБ та гібрид) 2 вiкова группа Чоловіки,52156,Дмитро Куриш,,2:30:47
7,50км Amateurs (МТБ та гібрид) 2 вiкова группа Чоловіки,52123,Олег Вінтер,,2:35:49
8,50км Amateurs (МТБ та гібрид) 2 вiкова группа Чоловіки,52142,Володимир Федорчук,,2:38:56
9,50км Amateurs (МТБ та гібрид) 2 вiкова группа Чоловіки,52098,Олександр Горлов,,2:39:02
10,50км Amateurs (МТБ та гібрид) 2 вiкова группа Чоловіки,52088,Володимир Щибря,,2:43:16
11,50км Amateurs (МТБ та гібрид) 2 вiкова группа Чоловіки,52086,В’ячеслав Суптельний,,2:43:50
12,50км Amateurs (МТБ та гібрид) 2 вiкова группа Чоловіки,52158,Владислав Корик,,2:45:16
13,50км Amateurs (МТБ та гібрид) 2 вiкова группа Чоловіки,52025,Божежа Дмитро,,2:46:23
14,50км Amateurs (МТБ та гібрид) 2 вiкова группа Чоловіки,52041,Анатолій Малімон,,2:46:59
15,50км Amateurs (МТБ та гібрид) 2 вiкова группа Чоловіки,52137,Сергей Рогач,,2:48:18
16,50км Amateurs (МТБ та гібрид) 2 вiкова группа Чоловіки,52044,Borys Manvelyan,,2:50:00
17,50км Amateurs (МТБ та гібрид) 2 вiкова группа Чоловіки,52147,Віталій Бутенко,,2:54:16
18,50км Amateurs (МТБ та гібрид) 2 вiкова группа Чоловіки,52138,Павлр Пилипенко,,2:56:07
19,50км Amateurs (МТБ та гібрид) 2 вiкова группа Чоловіки,52027,Денис Черкашин,,3:06:06
20,50км Amateurs (МТБ та гібрид) 2 вiкова группа Чоловіки,52020,SERGII DANILOV,,3:09:05
21,50км Amateurs (МТБ та гібрид) 2 вiкова группа Чоловіки,52106,Сергій Діброва,,3:17:40
22,50км Amateurs (МТБ та гібрид) 2 вiкова группа Чоловіки,52144,Юрій Пімкін,,3:19:17
23,50км Amateurs (МТБ та гібрид) 2 вiкова группа Чоловіки,52037,Роман Мордовин,,3:49:19
1,50км Amateurs (МТБ та гібрид) 3 вiкова группа Чоловіки,52161,Юрій Павліченко,,2:13:59
2,50км Amateurs (МТБ та гібрид) 3 вiкова группа Чоловіки,52093,РОМАН ОЛЬШАНЕЦЬКИЙ,,2:42:49
3,50км Amateurs (МТБ та гібрид) 3 вiкова группа Чоловіки,52053,Микола Мішакін,,2:49:50
4,50км Amateurs (МТБ та гібрид) 3 вiкова группа Чоловіки,52042,Петро Степанюк,,3:15:10
5,50км Amateurs (МТБ та гібрид) 3 вiкова группа Чоловіки,52022,Андрій Агнаєв,,
1,50км Amateurs (шосе та крос) 1 вiкова группа Чоловіки,51025,Володимир Резнік,,1:46:38
2,50км Amateurs (шосе та крос) 1 вiкова группа Чоловіки,51036,OLEKSANDR VYGRANENKO,,1:51:51
3,50км Amateurs (шосе та крос) 1 вiкова группа Чоловіки,51037,Антон Бойко,,1:53:44
4,50км Amateurs (шосе та крос) 1 вiкова группа Чоловіки,51022,Роман Матерухін,,1:53:47
5,50км Amateurs (шосе та крос) 1 вiкова группа Чоловіки,51011,Євгеній Пичик,,1:53:47
6,50км Amateurs (шосе та крос) 1 вiкова группа Чоловіки,51017,Іван Краснощоков,,1:56:30
7,50км Amateurs (шосе та крос) 1 вiкова группа Чоловіки,51020,Максим Лемешко,,1:58:13
8,50км Amateurs (шосе та крос) 1 вiкова группа Чоловіки,51010,Олександр Пастух,,2:01:50
9,50км Amateurs (шосе та крос) 1 вiкова группа Чоловіки,51024,Артем Москаленко,,2:03:49
10,50км Amateurs (шосе та крос) 1 вiкова группа Чоловіки,51044,Андрей Бурхан,,2:03:53
11,50км Amateurs (шосе та крос) 1 вiкова группа Чоловіки,51040,Володимир Дідекно,,2:07:47
12,50км Amateurs (шосе та крос) 1 вiкова группа Чоловіки,51039,Святослав Коростельов,,2:08:27
13,50км Amateurs (шосе та крос) 1 вiкова группа Чоловіки,51033,Тигран Мнацаканян,,2:10:30
14,50км Amateurs (шосе та крос) 1 вiкова группа Чоловіки,51023,Ігор Клімов,,2:11:59
15,50км Amateurs (шосе та крос) 1 вiкова группа Чоловіки,51034,Віктор Ленивий,,2:16:30
16,50км Amateurs (шосе та крос) 1 вiкова группа Чоловіки,51027,Сергій Оснач,,2:24:35
17,50км Amateurs (шосе та крос) 1 вiкова группа Чоловіки,51009,Андрій Кононір,,2:33:30
18,50км Amateurs (шосе та крос) 1 вiкова группа Чоловіки,51026,Дмитро Іваха,,2:33:57
19,50км Amateurs (шосе та крос) 1 вiкова группа Чоловіки,51028,Сергій Келембет,,2:39:15
20,50км Amateurs (шосе та крос) 1 вiкова группа Чоловіки,51001,Дмитро Свинаренко,,2:42:14
21,50км Amateurs (шосе та крос) 1 вiкова группа Чоловіки,51004,Євген Погоєлов,,2:47:48
22,50км Amateurs (шосе та крос) 1 вiкова группа Чоловіки,51030,Андрій Авдієнко,,2:49:25
23,50км Amateurs (шосе та крос) 1 вiкова группа Чоловіки,51043,LINUS WERTH,,2:50:09
24,50км Amateurs (шосе та крос) 1 вiкова группа Чоловіки,51005,Сергей Харченко,,3:40:55
25,50км Amateurs (шосе та крос) 1 вiкова группа Чоловіки,51012,Андрей Воробей,,
26,50км Amateurs (шосе та крос) 1 вiкова группа Чоловіки,51045,Сергій Сушко,,
1,50км Amateurs (шосе та крос) 2 вiкова группа Чоловіки,51003,Костянтин Гуз,,1:51:42
2,50км Amateurs (шосе та крос) 2 вiкова группа Чоловіки,51008,Олексій Вініченко,,2:30:47
3,50км Amateurs (шосе та крос) 2 вiкова группа Чоловіки,51035,Санін Олександр,,2:32:50
4,50км Amateurs (шосе та крос) 2 вiкова группа Чоловіки,51018,Володимир Салітринський,,2:45:02
5,50км Amateurs (шосе та крос) 2 вiкова группа Чоловіки,51007,Василь Діденко,,
6,50км Amateurs (шосе та крос) 2 вiкова группа Чоловіки,51015,IEVGENII MYLOBOG,,
1,50км Amateurs (шосе та крос) 3 вiкова группа Чоловіки,51031,Віталій Ковальчук,,2:44:13
2,50км Amateurs (шосе та крос) 3 вiкова группа Чоловіки,51013,Олексій Береза,,3:10:58
1,50км Amateurs (МТБ та гібрид) 1 вiкова группа Жінки,52085,Наталія Беркало,,2:02:17
2,50км Amateurs (МТБ та гібрид) 1 вiкова группа Жінки,52024,OLGA BUBELA,,2:26:19
3,50км Amateurs (МТБ та гібрид) 1 вiкова группа Жінки,52054,Марта Білик,,2:32:36
4,50км Amateurs (МТБ та гібрид) 1 вiкова группа Жінки,52092,Інна Григоренко,,2:35:19
5,50км Amateurs (МТБ та гібрид) 1 вiкова группа Жінки,52050,Ольга Новак,,2:36:48
6,50км Amateurs (МТБ та гібрид) 1 вiкова группа Жінки,52069,Алла Смородина,,2:42:16
7,50км Amateurs (МТБ та гібрид) 1 вiкова группа Жінки,52159,Марина Марчук,,2:43:36
8,50км Amateurs (МТБ та гібрид) 1 вiкова группа Жінки,52063,Світлана Шакалова,,2:45:33
9,50км Amateurs (МТБ та гібрид) 1 вiкова группа Жінки,52004,Анастасія Петрова,,2:50:29
10,50км Amateurs (МТБ та гібрид) 1 вiкова группа Жінки,52139,Ольга Єрмаченкова,,2:50:47
11,50км Amateurs (МТБ та гібрид) 1 вiкова группа Жінки,52068,Марина Щадних,,2:51:28
12,50км Amateurs (МТБ та гібрид) 1 вiкова группа Жінки,52095,Ганна Жерновська,,2:52:42
13,50км Amateurs (МТБ та гібрид) 1 вiкова группа Жінки,52031,Олена Некрашевич,,2:56:15
14,50км Amateurs (МТБ та гібрид) 1 вiкова группа Жінки,52131,Катерина Спасова,,2:57:15
15,50км Amateurs (МТБ та гібрид) 1 вiкова группа Жінки,52073,Julia Fesenko,,2:57:55
16,50км Amateurs (МТБ та гібрид) 1 вiкова группа Жінки,52160,Давидова Валерія,,2:58:00
17,50км Amateurs (МТБ та гібрид) 1 вiкова группа Жінки,52070,Анастасія Безверха,,2:59:33
18,50км Amateurs (МТБ та гібрид) 1 вiкова группа Жінки,52148,Анастасія Романенко,,2:59:35
19,50км Amateurs (МТБ та гібрид) 1 вiкова группа Жінки,52149,Євгенія Бельдій,,3:02:41
20,50км Amateurs (МТБ та гібрид) 1 вiкова группа Жінки,52021,Ганна Хоменко,,3:03:47
21,50км Amateurs (МТБ та гібрид) 1 вiкова группа Жінки,52084,Ольга Сергієнко,,3:05:25
22,50км Amateurs (МТБ та гібрид) 1 вiкова группа Жінки,52033,Юлія Гринжевська,,3:11:22
23,50км Amateurs (МТБ та гібрид) 1 вiкова группа Жінки,52006,Ольга Пасенко,,3:11:30
24,50км Amateurs (МТБ та гібрид) 1 вiкова группа Жінки,52157,Dariia Nemyrovych,,3:11:40
25,50км Amateurs (МТБ та гібрид) 1 вiкова группа Жінки,52036,Анастасія Варич,,3:12:49
26,50км Amateurs (МТБ та гібрид) 1 вiкова группа Жінки,52014,Ksenia Nikonorova,,3:14:16
27,50км Amateurs (МТБ та гібрид) 1 вiкова группа Жінки,52040,Анжеліка Сироєжко,,3:24:44
28,50км Amateurs (МТБ та гібрид) 1 вiкова группа Жінки,52152,Марина Леоненко,,3:27:06
29,50км Amateurs (МТБ та гібрид) 1 вiкова группа Жінки,52130,Ірина Крушеницька,,3:33:49
30,50км Amateurs (МТБ та гібрид) 1 вiкова группа Жінки,52170,Галина Гориславська,,3:34:43
31,50км Amateurs (МТБ та гібрид) 1 вiкова группа Жінки,52090,Veronika Kristkova,,3:36:40
32,50км Amateurs (МТБ та гібрид) 1 вiкова группа Жінки,52038,Nataliya Sydorenko,,3:37:59
33,50км Amateurs (МТБ та гібрид) 1 вiкова группа Жінки,52089,Irina Timoshenko,,3:41:49
34,50км Amateurs (МТБ та гібрид) 1 вiкова группа Жінки,52097,Дар’я Шульженко,,3:48:47
35,50км Amateurs (МТБ та гібрид) 1 вiкова группа Жінки,52080,Таня Куліш,,3:49:11
36,50км Amateurs (МТБ та гібрид) 1 вiкова группа Жінки,52114,Ксенія Загородня,,3:51:58
37,50км Amateurs (МТБ та гібрид) 1 вiкова группа Жінки,52125,Ірина Паламарчук,,3:52:08
38,50км Amateurs (МТБ та гібрид) 1 вiкова группа Жінки,52110,Катерина Соловйова,,3:54:04
39,50км Amateurs (МТБ та гібрид) 1 вiкова группа Жінки,52072,Оксана Шурхал,,3:54:29
40,50км Amateurs (МТБ та гібрид) 1 вiкова группа Жінки,52071,Марина Чернецька,,3:55:35
41,50км Amateurs (МТБ та гібрид) 1 вiкова группа Жінки,52167,Тетяна Гуренко,,3:58:33
42,50км Amateurs (МТБ та гібрид) 1 вiкова группа Жінки,52094,Ilvija Bruge,,3:58:44
43,50км Amateurs (МТБ та гібрид) 1 вiкова группа Жінки,52103,Анастасія Недосєкова,,4:05:02
44,50км Amateurs (МТБ та гібрид) 1 вiкова группа Жінки,52056,Анна Гладовська,,4:05:05
45,50км Amateurs (МТБ та гібрид) 1 вiкова группа Жінки,52153,Валентина Галдінова,,4:06:46
46,50км Amateurs (МТБ та гібрид) 1 вiкова группа Жінки,52045,Тетяна Сударушкіна,,4:15:44
47,50км Amateurs (МТБ та гібрид) 1 вiкова группа Жінки,52061,Тетяна Охотська,,4:22:38
48,50км Amateurs (МТБ та гібрид) 1 вiкова группа Жінки,52035,Наталія Лісовська-Мускеєва,,4:25:40
49,50км Amateurs (МТБ та гібрид) 1 вiкова группа Жінки,52091,Oleksandra Zub,,4:36:28
50,50км Amateurs (МТБ та гібрид) 1 вiкова группа Жінки,52002,Олена Барабась,,5:24:37
51,50км Amateurs (МТБ та гібрид) 1 вiкова группа Жінки,52010,Ольга Косинчук,,
52,50км Amateurs (МТБ та гібрид) 1 вiкова группа Жінки,52081,Виктория Степнова,,
53,50км Amateurs (МТБ та гібрид) 1 вiкова группа Жінки,52101,Дар’я Бондаренко,,
54,50км Amateurs (МТБ та гібрид) 1 вiкова группа Жінки,52121,Світлана Бірюкова,,
